{"cheng2020_anchor": {"1": [{"class_id": 14, "name": "bird", "relative_coordinates": {"center_x": 0.077125, "center_y": 0.145142, "width": 0.154331, "height": 0.287049}, "confidence": 0.596372}, {"class_id": 0, "name": "person", "relative_coordinates": {"center_x": 0.662869, "center_y": 0.505882, "width": 0.52679, "height": 0.823446}, "confidence": 0.972262}], "2": [{"class_id": 30, "name": "skis", "relative_coordinates": {"center_x": 0.900493, "center_y": 0.431814, "width": 0.11223, "height": 0.6064}, "confidence": 0.25711}, {"class_id": 0, "name": "person", "relative_coordinates": {"center_x": 0.66903, "center_y": 0.510326, "width": 0.503173, "height": 0.785662}, "confidence": 0.936945}], "3": [{"class_id": 0, "name": "person", "relative_coordinates": {"center_x": 0.665454, "center_y": 0.510267, "width": 0.497965, "height": 0.799834}, "confidence": 0.944855}], "4": [{"class_id": 0, "name": "person", "relative_coordinates": {"center_x": 0.664185, "center_y": 0.544867, "width": 0.507747, "height": 0.773979}, "confidence": 0.883042}], "5": [{"class_id": 0, "name": "person", "relative_coordinates": {"center_x": 0.661086, "center_y": 0.550424, "width": 0.505615, "height": 0.776767}, "confidence": 0.940793}], "6": [{"class_id": 30, "name": "skis", "relative_coordinates": {"center_x": 0.62436, "center_y": 0.510038, "width": 0.532927, "height": 0.786281}, "confidence": 0.328886}, {"class_id": 0, "name": "person", "relative_coordinates": {"center_x": 0.654373, "center_y": 0.544103, "width": 0.495204, "height": 0.773952}, "confidence": 0.961346}], "curves": [[0.072, 0.106, 0.152, 0.236, 0.351, 0.507], [0.42011347073887734, 0.43044188423139745, 0.43584778360948767, 0.4730390809652064, 0.4788446828315224, 0.48786954105802466]], "integrate": 0.4659640864107328}, "webp": {"1": [{"class_id": 0, "name": "person", "relative_coordinates": {"center_x": 0.664703, "center_y": 0.496347, "width": 0.526204, "height": 0.816857}, "confidence": 0.408852}], "2": [{"class_id": 0, "name": "person", "relative_coordinates": {"center_x": 0.664703, "center_y": 0.496347, "width": 0.526204, "height": 0.816857}, "confidence": 0.408852}], "3": [{"class_id": 0, "name": "person", "relative_coordinates": {"center_x": 0.660646, "center_y": 0.547698, "width": 0.492337, "height": 0.782892}, "confidence": 0.914974}], "4": [{"class_id": 0, "name": "person", "relative_coordinates": {"center_x": 0.658805, "center_y": 0.549953, "width": 0.497219, "height": 0.796229}, "confidence": 0.947686}], "5": [{"class_id": 0, "name": "person", "relative_coordinates": {"center_x": 0.659453, "center_y": 0.55181, "width": 0.494241, "height": 0.802348}, "confidence": 0.9645}], "6": [{"class_id": 30, "name": "skis", "relative_coordinates": {"center_x": 0.906836, "center_y": 0.436756, "width": 0.112899, "height": 0.682187}, "confidence": 0.257733}, {"class_id": 0, "name": "person", "relative_coordinates": {"center_x": 0.662438, "center_y": 0.554187, "width": 0.502238, "height": 0.77381}, "confidence": 0.983087}], "curves": [[0.07564402810304449, 0.07564402810304449, 0.1503512880562061, 0.23249414519906322, 0.3477751756440281, 0.5028688524590164], [0.4105894023989309, 0.4105894023989309, 0.48598920441210985, 0.4818588354617122, 0.47765867703423864, 0.4745706463121215]], "integrate": 0.47373376468979683}}