{"cheng2020_anchor": {"1": [{"class_id": 6, "name": "train", "relative_coordinates": {"center_x": 0.339693, "center_y": 0.639396, "width": 0.345673, "height": 0.143762}, "confidence": 0.274198}], "2": [], "3": [{"class_id": 6, "name": "train", "relative_coordinates": {"center_x": 0.357589, "center_y": 0.641327, "width": 0.393487, "height": 0.146939}, "confidence": 0.295783}, {"class_id": 6, "name": "train", "relative_coordinates": {"center_x": 0.385829, "center_y": 0.850989, "width": 0.711723, "height": 0.119164}, "confidence": 0.289604}], "4": [], "5": [{"class_id": 6, "name": "train", "relative_coordinates": {"center_x": 0.359564, "center_y": 0.640329, "width": 0.395684, "height": 0.141917}, "confidence": 0.305469}], "6": [{"class_id": 6, "name": "train", "relative_coordinates": {"center_x": 0.358422, "center_y": 0.638922, "width": 0.39678, "height": 0.147009}, "confidence": 0.324476}, {"class_id": 6, "name": "train", "relative_coordinates": {"center_x": 0.553132, "center_y": 0.648389, "width": 0.823354, "height": 0.228004}, "confidence": 0.312593}], "curves": [[0.428, 0.588, 0.756, 1.139, 1.433, 1.754], [0, 0, 0, 0, 0, 0]], "integrate": 0.0}, "webp": {"1": [], "2": [], "3": [{"class_id": 6, "name": "train", "relative_coordinates": {"center_x": 0.393841, "center_y": 0.863224, "width": 0.715121, "height": 0.106974}, "confidence": 0.487569}], "4": [{"class_id": 6, "name": "train", "relative_coordinates": {"center_x": 0.336351, "center_y": 0.645119, "width": 0.34238, "height": 0.145955}, "confidence": 0.276947}], "5": [{"class_id": 6, "name": "train", "relative_coordinates": {"center_x": 0.353606, "center_y": 0.642697, "width": 0.369116, "height": 0.147032}, "confidence": 0.295756}], "6": [{"class_id": 6, "name": "train", "relative_coordinates": {"center_x": 0.348529, "center_y": 0.643436, "width": 0.366921, "height": 0.145859}, "confidence": 0.344958}], "curves": [[0.37165578635014834, 0.5808427299703264, 0.7486290801186943, 1.12626706231454, 1.4227181008902077, 1.7187893175074185], [0, 0, 0, 0, 0, 0]], "integrate": 0.0}}