{"cheng2020_anchor": {"1": [{"class_id": 6, "name": "train", "relative_coordinates": {"center_x": 0.49052, "center_y": 0.754343, "width": 0.922683, "height": 0.316047}, "confidence": 0.838653}], "2": [{"class_id": 6, "name": "train", "relative_coordinates": {"center_x": 0.485345, "center_y": 0.728491, "width": 0.887426, "height": 0.319241}, "confidence": 0.8968}], "3": [{"class_id": 6, "name": "train", "relative_coordinates": {"center_x": 0.487616, "center_y": 0.719017, "width": 0.907025, "height": 0.307344}, "confidence": 0.946711}], "4": [{"class_id": 6, "name": "train", "relative_coordinates": {"center_x": 0.485203, "center_y": 0.711874, "width": 0.920823, "height": 0.304528}, "confidence": 0.948234}], "5": [{"class_id": 6, "name": "train", "relative_coordinates": {"center_x": 0.485614, "center_y": 0.711766, "width": 0.914738, "height": 0.295756}, "confidence": 0.943443}], "6": [{"class_id": 6, "name": "train", "relative_coordinates": {"center_x": 0.484585, "center_y": 0.713583, "width": 0.924896, "height": 0.304487}, "confidence": 0.94795}], "curves": [[0.18, 0.275, 0.388, 0.603, 0.822, 1.068], [0.771724587464407, 0.8063836835131554, 0.8485151655645299, 0.8682986837249355, 0.8892174531055664, 0.872083015712986]], "integrate": 0.8582290442461293}, "webp": {"1": [{"class_id": 6, "name": "train", "relative_coordinates": {"center_x": 0.486965, "center_y": 0.755375, "width": 0.918872, "height": 0.233311}, "confidence": 0.669765}], "2": [{"class_id": 6, "name": "train", "relative_coordinates": {"center_x": 0.495442, "center_y": 0.724153, "width": 0.931451, "height": 0.279764}, "confidence": 0.756387}], "3": [{"class_id": 6, "name": "train", "relative_coordinates": {"center_x": 0.491225, "center_y": 0.72144, "width": 0.930861, "height": 0.278674}, "confidence": 0.912221}], "4": [{"class_id": 6, "name": "train", "relative_coordinates": {"center_x": 0.48934, "center_y": 0.713598, "width": 0.933037, "height": 0.294806}, "confidence": 0.921068}], "5": [{"class_id": 6, "name": "train", "relative_coordinates": {"center_x": 0.487262, "center_y": 0.711611, "width": 0.936674, "height": 0.301316}, "confidence": 0.94063}], "6": [{"class_id": 6, "name": "train", "relative_coordinates": {"center_x": 0.485996, "center_y": 0.717144, "width": 0.913873, "height": 0.294101}, "confidence": 0.941909}], "curves": [[0.15536117381489842, 0.2608916478555305, 0.38487584650112866, 0.5880925507900677, 0.8177200902934537, 1.0609480812641083], [0.731413837559089, 0.9507903688387914, 0.9606071606232942, 0.9053115734522693, 0.8906021286625152, 0.8938116317340443]], "integrate": 0.9055471976323478}}