{"cheng2020_anchor": {"1": [{"class_id": 14, "name": "bird", "relative_coordinates": {"center_x": 0.39604, "center_y": 0.564541, "width": 0.330852, "height": 0.486806}, "confidence": 0.274556}, {"class_id": 0, "name": "person", "relative_coordinates": {"center_x": 0.766406, "center_y": 0.494293, "width": 0.452123, "height": 0.82955}, "confidence": 0.535119}], "2": [{"class_id": 0, "name": "person", "relative_coordinates": {"center_x": 0.773067, "center_y": 0.55451, "width": 0.424921, "height": 0.768182}, "confidence": 0.319916}], "3": [{"class_id": 16, "name": "dog", "relative_coordinates": {"center_x": 0.390016, "center_y": 0.553331, "width": 0.338419, "height": 0.493129}, "confidence": 0.336084}], "4": [{"class_id": 16, "name": "dog", "relative_coordinates": {"center_x": 0.390951, "center_y": 0.558873, "width": 0.346393, "height": 0.478562}, "confidence": 0.350899}], "5": [{"class_id": 16, "name": "dog", "relative_coordinates": {"center_x": 0.392434, "center_y": 0.558204, "width": 0.339718, "height": 0.476642}, "confidence": 0.399364}], "6": [{"class_id": 16, "name": "dog", "relative_coordinates": {"center_x": 0.390476, "center_y": 0.55727, "width": 0.340593, "height": 0.489752}, "confidence": 0.643297}], "curves": [[0.076, 0.127, 0.218, 0.406, 0.684, 1.052], [0.0, 0.0, 0.0, 0.0, 0.0, 0.9635051183379864]], "integrate": 0.181644407555522}, "webp": {"1": [], "2": [], "3": [{"class_id": 16, "name": "dog", "relative_coordinates": {"center_x": 0.391363, "center_y": 0.548369, "width": 0.346776, "height": 0.542086}, "confidence": 0.446549}, {"class_id": 16, "name": "dog", "relative_coordinates": {"center_x": 0.343535, "center_y": 0.81446, "width": 0.694515, "height": 0.376629}, "confidence": 0.330008}], "4": [{"class_id": 16, "name": "dog", "relative_coordinates": {"center_x": 0.387112, "center_y": 0.547309, "width": 0.344737, "height": 0.530206}, "confidence": 0.265338}], "5": [], "6": [{"class_id": 16, "name": "dog", "relative_coordinates": {"center_x": 0.390405, "center_y": 0.552358, "width": 0.346922, "height": 0.492355}, "confidence": 0.519228}], "curves": [[0.09383509513742072, 0.09383509513742072, 0.23002114164904863, 0.40882875264270613, 0.6831627906976744, 1.0040422832980973], [0.0, 0.0, 0.8690036900369004, 0.0, 0.0, 0.9497296363052764]], "integrate": 0.31777348170832964}}