{"cheng2020_anchor": {"1": [{"class_id": 4, "name": "aeroplane", "relative_coordinates": {"center_x": 0.505704, "center_y": 0.4537, "width": 0.899364, "height": 0.771558}, "confidence": 0.975531}], "2": [{"class_id": 4, "name": "aeroplane", "relative_coordinates": {"center_x": 0.511953, "center_y": 0.454511, "width": 0.88761, "height": 0.771759}, "confidence": 0.976322}], "3": [{"class_id": 4, "name": "aeroplane", "relative_coordinates": {"center_x": 0.514672, "center_y": 0.456358, "width": 0.904401, "height": 0.773723}, "confidence": 0.978942}], "4": [{"class_id": 4, "name": "aeroplane", "relative_coordinates": {"center_x": 0.507334, "center_y": 0.457156, "width": 0.87638, "height": 0.784503}, "confidence": 0.987469}], "5": [{"class_id": 4, "name": "aeroplane", "relative_coordinates": {"center_x": 0.511001, "center_y": 0.458349, "width": 0.888781, "height": 0.780493}, "confidence": 0.98516}], "6": [{"class_id": 4, "name": "aeroplane", "relative_coordinates": {"center_x": 0.50966, "center_y": 0.456896, "width": 0.884204, "height": 0.777619}, "confidence": 0.992443}], "curves": [[0.056, 0.072, 0.094, 0.129, 0.173, 0.232], [0.9490750601301825, 0.9605316425082675, 0.9426503139656676, 0.9869843077365147, 0.9720205837674182, 0.9696410202305278]], "integrate": 0.9679408292791761}, "webp": {"1": [{"class_id": 4, "name": "aeroplane", "relative_coordinates": {"center_x": 0.50294, "center_y": 0.446343, "width": 0.904607, "height": 0.792008}, "confidence": 0.979927}], "2": [{"class_id": 4, "name": "aeroplane", "relative_coordinates": {"center_x": 0.50294, "center_y": 0.446343, "width": 0.904607, "height": 0.792008}, "confidence": 0.979927}], "3": [{"class_id": 4, "name": "aeroplane", "relative_coordinates": {"center_x": 0.50294, "center_y": 0.446343, "width": 0.904607, "height": 0.792008}, "confidence": 0.979927}], "4": [{"class_id": 4, "name": "aeroplane", "relative_coordinates": {"center_x": 0.511025, "center_y": 0.458257, "width": 0.895238, "height": 0.802931}, "confidence": 0.988671}], "5": [{"class_id": 4, "name": "aeroplane", "relative_coordinates": {"center_x": 0.512443, "center_y": 0.454713, "width": 0.876893, "height": 0.792959}, "confidence": 0.993112}], "6": [{"class_id": 4, "name": "aeroplane", "relative_coordinates": {"center_x": 0.508936, "center_y": 0.456176, "width": 0.88088, "height": 0.77212}, "confidence": 0.993605}], "curves": [[0.07335294117647059, 0.07335294117647059, 0.07335294117647059, 0.12511764705882353, 0.17358823529411765, 0.22823529411764706], [0.9342085928117921, 0.9342085928117921, 0.9342085928117921, 0.9549727984114068, 0.9852212847291889, 0.9672033077277372]], "integrate": 0.9637299649025353}}