{"cheng2020_anchor": {"1": [{"class_id": 16, "name": "dog", "relative_coordinates": {"center_x": 0.333084, "center_y": 0.352215, "width": 0.30302, "height": 0.380528}, "confidence": 0.369203}], "2": [{"class_id": 16, "name": "dog", "relative_coordinates": {"center_x": 0.337766, "center_y": 0.362846, "width": 0.299813, "height": 0.399749}, "confidence": 0.618853}], "3": [{"class_id": 16, "name": "dog", "relative_coordinates": {"center_x": 0.337099, "center_y": 0.363763, "width": 0.301001, "height": 0.39963}, "confidence": 0.921525}], "4": [{"class_id": 16, "name": "dog", "relative_coordinates": {"center_x": 0.336921, "center_y": 0.363835, "width": 0.299675, "height": 0.399562}, "confidence": 0.976028}], "5": [{"class_id": 16, "name": "dog", "relative_coordinates": {"center_x": 0.335239, "center_y": 0.362372, "width": 0.2981, "height": 0.391612}, "confidence": 0.980585}], "6": [{"class_id": 16, "name": "dog", "relative_coordinates": {"center_x": 0.335853, "center_y": 0.362607, "width": 0.298842, "height": 0.391617}, "confidence": 0.982392}], "curves": [[0.042, 0.061, 0.089, 0.148, 0.254, 0.442], [0.0, 0.9672987084363837, 0.9679699076712641, 0.9630642954856361, 0.9794871794871794, 0.9846153846153847]], "integrate": 0.9520736913699538}, "webp": {"1": [{"class_id": 17, "name": "horse", "relative_coordinates": {"center_x": 0.339297, "center_y": 0.363596, "width": 0.293886, "height": 0.398866}, "confidence": 0.964694}], "2": [{"class_id": 17, "name": "horse", "relative_coordinates": {"center_x": 0.339297, "center_y": 0.363596, "width": 0.293886, "height": 0.398866}, "confidence": 0.964694}], "3": [{"class_id": 16, "name": "dog", "relative_coordinates": {"center_x": 0.334885, "center_y": 0.36422, "width": 0.300446, "height": 0.392516}, "confidence": 0.889855}], "4": [{"class_id": 16, "name": "dog", "relative_coordinates": {"center_x": 0.33581, "center_y": 0.363786, "width": 0.30439, "height": 0.399686}, "confidence": 0.879466}], "5": [{"class_id": 16, "name": "dog", "relative_coordinates": {"center_x": 0.336899, "center_y": 0.363068, "width": 0.296794, "height": 0.394543}, "confidence": 0.97178}], "6": [{"class_id": 16, "name": "dog", "relative_coordinates": {"center_x": 0.335731, "center_y": 0.362938, "width": 0.2971, "height": 0.391432}, "confidence": 0.985278}], "curves": [[0.0625, 0.0625, 0.08118327402135231, 0.14515124555160142, 0.2491103202846975, 0.4404359430604982], [0.0, 0.0, 0.9802283486494012, 0.9728744016412126, 0.9658040665434381, 0.9743589743589743]], "integrate": 0.9472452024728963}}