{"cheng2020_anchor": {"1": [{"class_id": 4, "name": "aeroplane", "relative_coordinates": {"center_x": 0.461969, "center_y": 0.664202, "width": 0.816707, "height": 0.473202}, "confidence": 0.989712}], "2": [{"class_id": 4, "name": "aeroplane", "relative_coordinates": {"center_x": 0.458135, "center_y": 0.670578, "width": 0.866881, "height": 0.450284}, "confidence": 0.987908}], "3": [{"class_id": 4, "name": "aeroplane", "relative_coordinates": {"center_x": 0.454496, "center_y": 0.673294, "width": 0.845162, "height": 0.440744}, "confidence": 0.989532}], "4": [{"class_id": 4, "name": "aeroplane", "relative_coordinates": {"center_x": 0.45538, "center_y": 0.690465, "width": 0.842045, "height": 0.403275}, "confidence": 0.993232}], "5": [{"class_id": 4, "name": "aeroplane", "relative_coordinates": {"center_x": 0.460126, "center_y": 0.691043, "width": 0.827875, "height": 0.408956}, "confidence": 0.993572}], "6": [{"class_id": 4, "name": "aeroplane", "relative_coordinates": {"center_x": 0.458066, "center_y": 0.690581, "width": 0.840228, "height": 0.414636}, "confidence": 0.991251}], "curves": [[0.096, 0.133, 0.182, 0.289, 0.4, 0.53], [0.8177549949394609, 0.8118875397459975, 0.8395513383592189, 0.8946801050791757, 0.9139528220800306, 0.9139425032064317]], "integrate": 0.8815261410833385}, "webp": {"1": [{"class_id": 4, "name": "aeroplane", "relative_coordinates": {"center_x": 0.482491, "center_y": 0.668241, "width": 0.780284, "height": 0.448235}, "confidence": 0.949574}], "2": [{"class_id": 4, "name": "aeroplane", "relative_coordinates": {"center_x": 0.482491, "center_y": 0.668241, "width": 0.780284, "height": 0.448235}, "confidence": 0.949574}], "3": [{"class_id": 4, "name": "aeroplane", "relative_coordinates": {"center_x": 0.456872, "center_y": 0.692661, "width": 0.875509, "height": 0.414081}, "confidence": 0.98527}], "4": [{"class_id": 4, "name": "aeroplane", "relative_coordinates": {"center_x": 0.494581, "center_y": 0.693018, "width": 0.792968, "height": 0.403732}, "confidence": 0.991531}], "5": [{"class_id": 4, "name": "aeroplane", "relative_coordinates": {"center_x": 0.485594, "center_y": 0.692142, "width": 0.802703, "height": 0.41119}, "confidence": 0.987001}], "6": [{"class_id": 4, "name": "aeroplane", "relative_coordinates": {"center_x": 0.492856, "center_y": 0.691835, "width": 0.769236, "height": 0.413631}, "confidence": 0.993351}], "curves": [[0.10292740046838407, 0.10292740046838407, 0.1790983606557377, 0.28430913348946135, 0.3943793911007026, 0.5280444964871195], [0.8800114664810189, 0.8800114664810189, 0.8894830659536542, 0.9568445579103446, 0.9601640497866913, 0.9879759519038076]], "integrate": 0.9414366432386002}}