{"cheng2020_anchor": {"1": [{"class_id": 5, "name": "bus", "relative_coordinates": {"center_x": 0.432281, "center_y": 0.553419, "width": 0.884097, "height": 0.519277}, "confidence": 0.91725}], "2": [{"class_id": 5, "name": "bus", "relative_coordinates": {"center_x": 0.438927, "center_y": 0.548652, "width": 0.881086, "height": 0.511652}, "confidence": 0.870151}], "3": [{"class_id": 5, "name": "bus", "relative_coordinates": {"center_x": 0.437978, "center_y": 0.555167, "width": 0.885095, "height": 0.569712}, "confidence": 0.881743}], "4": [{"class_id": 5, "name": "bus", "relative_coordinates": {"center_x": 0.436147, "center_y": 0.55184, "width": 0.869645, "height": 0.542001}, "confidence": 0.926167}], "5": [{"class_id": 5, "name": "bus", "relative_coordinates": {"center_x": 0.436133, "center_y": 0.546762, "width": 0.872431, "height": 0.522483}, "confidence": 0.925871}], "6": [{"class_id": 5, "name": "bus", "relative_coordinates": {"center_x": 0.434479, "center_y": 0.550703, "width": 0.887097, "height": 0.600184}, "confidence": 0.925789}], "curves": [[0.046, 0.066, 0.094, 0.145, 0.206, 0.291], [0.8785693826976003, 0.8601006648853539, 0.9570017107579402, 0.9009788172002839, 0.871383918008493, 0.9769697930513043]], "integrate": 0.9094560544558346}, "webp": {"1": [], "2": [], "3": [{"class_id": 5, "name": "bus", "relative_coordinates": {"center_x": 0.444526, "center_y": 0.550362, "width": 0.850574, "height": 0.66366}, "confidence": 0.336078}], "4": [{"class_id": 5, "name": "bus", "relative_coordinates": {"center_x": 0.434263, "center_y": 0.550599, "width": 0.876991, "height": 0.627771}, "confidence": 0.795044}], "5": [{"class_id": 5, "name": "bus", "relative_coordinates": {"center_x": 0.433717, "center_y": 0.551052, "width": 0.86896, "height": 0.575046}, "confidence": 0.892793}], "6": [{"class_id": 5, "name": "bus", "relative_coordinates": {"center_x": 0.431684, "center_y": 0.552481, "width": 0.886391, "height": 0.571247}, "confidence": 0.913668}], "curves": [[0.06541666666666666, 0.06541666666666666, 0.08989583333333333, 0.1446875, 0.20526041666666667, 0.29015625], [0.0, 0.0, 0.0, 0.9274807599034635, 0.955504912765719, 0.963706846744985]], "integrate": 0.7293090689148495}}