{"cheng2020_anchor": {"1": [{"class_id": 55, "name": "cake", "relative_coordinates": {"center_x": 0.443702, "center_y": 0.49954, "width": 0.823028, "height": 0.775935}, "confidence": 0.469203}], "2": [], "3": [], "4": [], "5": [], "6": [{"class_id": 14, "name": "bird", "relative_coordinates": {"center_x": 0.313128, "center_y": 0.300877, "width": 0.050332, "height": 0.023195}, "confidence": 0.260294}], "curves": [[0.041, 0.062, 0.094, 0.147, 0.224, 0.341], [0.0, 0.0, 0.0, 0.0, 0.0, 0.0]], "integrate": 0.0}, "webp": {"1": [], "2": [], "3": [], "4": [], "5": [], "6": [], "curves": [[0.06182352941176471, 0.06182352941176471, 0.09294117647058824, 0.14476470588235293, 0.22076470588235295, 0.3267058823529412], [0.0, 0.0, 0.0, 0.0, 0.0, 0.0]], "integrate": 0.0}}