{"cheng2020_anchor": {"1": [{"class_id": 23, "name": "giraffe", "relative_coordinates": {"center_x": 0.502702, "center_y": 0.552712, "width": 0.76429, "height": 0.525562}, "confidence": 0.71588}], "2": [{"class_id": 23, "name": "giraffe", "relative_coordinates": {"center_x": 0.511783, "center_y": 0.543621, "width": 0.682337, "height": 0.518927}, "confidence": 0.912051}], "3": [{"class_id": 23, "name": "giraffe", "relative_coordinates": {"center_x": 0.505129, "center_y": 0.545619, "width": 0.676013, "height": 0.502528}, "confidence": 0.935559}], "4": [{"class_id": 23, "name": "giraffe", "relative_coordinates": {"center_x": 0.512599, "center_y": 0.546472, "width": 0.669403, "height": 0.532488}, "confidence": 0.980977}], "5": [{"class_id": 23, "name": "giraffe", "relative_coordinates": {"center_x": 0.514385, "center_y": 0.54354, "width": 0.65769, "height": 0.523765}, "confidence": 0.985353}], "6": [{"class_id": 23, "name": "giraffe", "relative_coordinates": {"center_x": 0.512012, "center_y": 0.542703, "width": 0.659902, "height": 0.531915}, "confidence": 0.984905}], "curves": [[0.191, 0.356, 0.538, 0.926, 1.247, 1.589], [0.8233596922419321, 0.9175311411062602, 0.8969359331476323, 0.9575435704911027, 0.9575393537696769, 0.9710188289914883]], "integrate": 0.9339508439272239}, "webp": {"1": [{"class_id": 23, "name": "giraffe", "relative_coordinates": {"center_x": 0.545939, "center_y": 0.552434, "width": 0.617501, "height": 0.555637}, "confidence": 0.650036}], "2": [], "3": [{"class_id": 23, "name": "giraffe", "relative_coordinates": {"center_x": 0.551458, "center_y": 0.546628, "width": 0.595315, "height": 0.533949}, "confidence": 0.433894}], "4": [{"class_id": 23, "name": "giraffe", "relative_coordinates": {"center_x": 0.447461, "center_y": 0.552747, "width": 0.793432, "height": 0.525534}, "confidence": 0.7757}], "5": [{"class_id": 23, "name": "giraffe", "relative_coordinates": {"center_x": 0.504243, "center_y": 0.549237, "width": 0.665342, "height": 0.526033}, "confidence": 0.938538}], "6": [{"class_id": 23, "name": "giraffe", "relative_coordinates": {"center_x": 0.507339, "center_y": 0.54867, "width": 0.662356, "height": 0.525943}, "confidence": 0.975953}], "curves": [[0.1397887323943662, 0.318075117370892, 0.5330399061032863, 0.922300469483568, 1.2399647887323944, 1.5860915492957746], [0.8680104997276014, 0.0, 0.8653881615342062, 0.7948215390963482, 0.9499162547489685, 0.953720844131803]], "integrate": 0.7606212409299697}}