{"cheng2020_anchor": {"1": [{"class_id": 55, "name": "cake", "relative_coordinates": {"center_x": 0.499912, "center_y": 0.496281, "width": 0.946268, "height": 0.834089}, "confidence": 0.435451}], "2": [{"class_id": 55, "name": "cake", "relative_coordinates": {"center_x": 0.496962, "center_y": 0.494989, "width": 0.949749, "height": 0.911034}, "confidence": 0.396734}], "3": [], "4": [], "5": [{"class_id": 55, "name": "cake", "relative_coordinates": {"center_x": 0.500282, "center_y": 0.506581, "width": 0.943797, "height": 0.899367}, "confidence": 0.305727}], "6": [{"class_id": 55, "name": "cake", "relative_coordinates": {"center_x": 0.49526, "center_y": 0.507571, "width": 0.960708, "height": 0.928391}, "confidence": 0.440556}], "curves": [[0.063, 0.092, 0.135, 0.222, 0.345, 0.518], [0.8448753864688721, 0.0, 0.0, 0.0, 0.0, 0.9222748477618319]], "integrate": 0.2022581701872464}, "webp": {"1": [{"class_id": 55, "name": "cake", "relative_coordinates": {"center_x": 0.497985, "center_y": 0.54692, "width": 0.880152, "height": 0.876081}, "confidence": 0.270521}], "2": [{"class_id": 55, "name": "cake", "relative_coordinates": {"center_x": 0.497985, "center_y": 0.54692, "width": 0.880152, "height": 0.876081}, "confidence": 0.270521}], "3": [{"class_id": 55, "name": "cake", "relative_coordinates": {"center_x": 0.50204, "center_y": 0.555107, "width": 0.848052, "height": 0.738435}, "confidence": 0.488665}], "4": [{"class_id": 55, "name": "cake", "relative_coordinates": {"center_x": 0.49305, "center_y": 0.498543, "width": 0.948822, "height": 0.902544}, "confidence": 0.725407}], "5": [{"class_id": 55, "name": "cake", "relative_coordinates": {"center_x": 0.495103, "center_y": 0.505049, "width": 0.949603, "height": 0.896951}, "confidence": 0.652515}, {"class_id": 60, "name": "diningtable", "relative_coordinates": {"center_x": 0.495103, "center_y": 0.505049, "width": 0.949603, "height": 0.896951}, "confidence": 0.253186}], "6": [{"class_id": 55, "name": "cake", "relative_coordinates": {"center_x": 0.497306, "center_y": 0.503905, "width": 0.936248, "height": 0.898765}, "confidence": 0.718786}], "curves": [[0.08697916666666666, 0.08697916666666666, 0.13109375, 0.21916666666666668, 0.3447395833333333, 0.5111458333333333], [0.0, 0.0, 0.7256128741164085, 0.9099667078305205, 0.9020472895040369, 0.9168540969517436]], "integrate": 0.83254634422573}}