{"cheng2020_anchor": {"1": [{"class_id": 13, "name": "bench", "relative_coordinates": {"center_x": 0.379902, "center_y": 0.584643, "width": 0.323702, "height": 0.299351}, "confidence": 0.966074}], "2": [{"class_id": 13, "name": "bench", "relative_coordinates": {"center_x": 0.379623, "center_y": 0.574895, "width": 0.324624, "height": 0.290559}, "confidence": 0.982712}], "3": [{"class_id": 13, "name": "bench", "relative_coordinates": {"center_x": 0.379134, "center_y": 0.583973, "width": 0.324276, "height": 0.29457}, "confidence": 0.992734}], "4": [{"class_id": 13, "name": "bench", "relative_coordinates": {"center_x": 0.380259, "center_y": 0.585718, "width": 0.323062, "height": 0.289578}, "confidence": 0.996666}], "5": [{"class_id": 13, "name": "bench", "relative_coordinates": {"center_x": 0.378721, "center_y": 0.584405, "width": 0.325117, "height": 0.290942}, "confidence": 0.996659}], "6": [{"class_id": 13, "name": "bench", "relative_coordinates": {"center_x": 0.378049, "center_y": 0.584253, "width": 0.323943, "height": 0.294739}, "confidence": 0.996712}], "curves": [[0.284, 0.453, 0.635, 1.061, 1.382, 1.714], [0.9477941449296872, 0.9365114974761638, 0.9794703503014577, 0.9699869841512901, 0.992, 0.9763779527559056]], "integrate": 0.9723512155826963}, "webp": {"1": [{"class_id": 13, "name": "bench", "relative_coordinates": {"center_x": 0.381163, "center_y": 0.590009, "width": 0.318347, "height": 0.264078}, "confidence": 0.577556}], "2": [{"class_id": 13, "name": "bench", "relative_coordinates": {"center_x": 0.382279, "center_y": 0.586095, "width": 0.320116, "height": 0.288056}, "confidence": 0.987457}], "3": [{"class_id": 13, "name": "bench", "relative_coordinates": {"center_x": 0.379958, "center_y": 0.585841, "width": 0.322728, "height": 0.277937}, "confidence": 0.994363}], "4": [{"class_id": 13, "name": "bench", "relative_coordinates": {"center_x": 0.379605, "center_y": 0.585916, "width": 0.326414, "height": 0.287732}, "confidence": 0.997762}], "5": [{"class_id": 13, "name": "bench", "relative_coordinates": {"center_x": 0.379021, "center_y": 0.586637, "width": 0.327026, "height": 0.281731}, "confidence": 0.997173}], "6": [{"class_id": 13, "name": "bench", "relative_coordinates": {"center_x": 0.378135, "center_y": 0.58426, "width": 0.323607, "height": 0.290664}, "confidence": 0.996853}], "curves": [[0.18302325581395348, 0.40924418604651164, 0.6156395348837209, 1.0559302325581394, 1.363779069767442, 1.7090697674418605], [0.8937655086848635, 0.9606431852986217, 0.9584367245657568, 0.979329352319706, 0.9712499517616641, 0.992]], "integrate": 0.9656164143398597}}