{"cheng2020_anchor": {"1": [{"class_id": 23, "name": "giraffe", "relative_coordinates": {"center_x": 0.641241, "center_y": 0.58755, "width": 0.427476, "height": 0.756242}, "confidence": 0.95264}], "2": [{"class_id": 23, "name": "giraffe", "relative_coordinates": {"center_x": 0.649215, "center_y": 0.567089, "width": 0.462783, "height": 0.757327}, "confidence": 0.982432}], "3": [{"class_id": 23, "name": "giraffe", "relative_coordinates": {"center_x": 0.656617, "center_y": 0.586274, "width": 0.459402, "height": 0.771528}, "confidence": 0.971739}], "4": [{"class_id": 23, "name": "giraffe", "relative_coordinates": {"center_x": 0.647302, "center_y": 0.588145, "width": 0.424302, "height": 0.755778}, "confidence": 0.993279}], "5": [{"class_id": 23, "name": "giraffe", "relative_coordinates": {"center_x": 0.639204, "center_y": 0.566927, "width": 0.440536, "height": 0.758344}, "confidence": 0.988471}], "6": [{"class_id": 23, "name": "giraffe", "relative_coordinates": {"center_x": 0.64015, "center_y": 0.567103, "width": 0.435289, "height": 0.762163}, "confidence": 0.989757}], "curves": [[0.593, 0.762, 0.93, 1.592, 1.879, 2.17], [0.9080610429735043, 0.9315235008103727, 0.8822004438596147, 0.9012713010549094, 0.9684337044534413, 0.9569838056680162]], "integrate": 0.9172972535712394}, "webp": {"1": [{"class_id": 23, "name": "giraffe", "relative_coordinates": {"center_x": 0.705273, "center_y": 0.562317, "width": 0.549388, "height": 0.772271}, "confidence": 0.337125}], "2": [{"class_id": 23, "name": "giraffe", "relative_coordinates": {"center_x": 0.646936, "center_y": 0.563159, "width": 0.460465, "height": 0.740029}, "confidence": 0.93843}], "3": [{"class_id": 23, "name": "giraffe", "relative_coordinates": {"center_x": 0.653344, "center_y": 0.568408, "width": 0.473142, "height": 0.745926}, "confidence": 0.958148}], "4": [{"class_id": 23, "name": "giraffe", "relative_coordinates": {"center_x": 0.659954, "center_y": 0.564602, "width": 0.415855, "height": 0.755605}, "confidence": 0.988994}], "5": [{"class_id": 23, "name": "giraffe", "relative_coordinates": {"center_x": 0.656294, "center_y": 0.561863, "width": 0.410896, "height": 0.75784}, "confidence": 0.989148}], "6": [{"class_id": 23, "name": "giraffe", "relative_coordinates": {"center_x": 0.649659, "center_y": 0.562404, "width": 0.423587, "height": 0.754432}, "confidence": 0.990325}], "curves": [[0.38160046728971964, 0.712733644859813, 0.9162967289719626, 1.582126168224299, 1.8523948598130842, 2.146144859813084], [0.0, 0.9248305796122269, 0.9058883188163703, 0.8872189867868996, 0.899966261808367, 0.924890350877193]], "integrate": 0.8194422215873254}}