{"cheng2020_anchor": {"1": [{"class_id": 22, "name": "zebra", "relative_coordinates": {"center_x": 0.336452, "center_y": 0.480751, "width": 0.685118, "height": 0.895054}, "confidence": 0.993893}], "2": [{"class_id": 22, "name": "zebra", "relative_coordinates": {"center_x": 0.334404, "center_y": 0.485077, "width": 0.686457, "height": 0.90734}, "confidence": 0.99604}], "3": [{"class_id": 22, "name": "zebra", "relative_coordinates": {"center_x": 0.337284, "center_y": 0.486713, "width": 0.681865, "height": 0.911365}, "confidence": 0.995511}], "4": [{"class_id": 22, "name": "zebra", "relative_coordinates": {"center_x": 0.335341, "center_y": 0.492025, "width": 0.691945, "height": 0.915025}, "confidence": 0.994373}], "5": [{"class_id": 22, "name": "zebra", "relative_coordinates": {"center_x": 0.337949, "center_y": 0.490425, "width": 0.683408, "height": 0.90705}, "confidence": 0.997617}], "6": [{"class_id": 22, "name": "zebra", "relative_coordinates": {"center_x": 0.340507, "center_y": 0.491312, "width": 0.688835, "height": 0.889204}, "confidence": 0.998206}], "curves": [[0.462, 0.654, 0.843, 1.457, 1.813, 2.175], [0.9481039192021851, 0.9579541527473794, 0.9446749971340135, 0.952808937502495, 0.9539556130492785, 0.9748799408939786]], "integrate": 0.9537833758122025}, "webp": {"1": [{"class_id": 22, "name": "zebra", "relative_coordinates": {"center_x": 0.33947, "center_y": 0.492586, "width": 0.688654, "height": 0.882629}, "confidence": 0.992076}], "2": [{"class_id": 22, "name": "zebra", "relative_coordinates": {"center_x": 0.342681, "center_y": 0.492036, "width": 0.685395, "height": 0.891644}, "confidence": 0.995745}], "3": [{"class_id": 22, "name": "zebra", "relative_coordinates": {"center_x": 0.339762, "center_y": 0.497377, "width": 0.691216, "height": 0.895007}, "confidence": 0.995712}], "4": [{"class_id": 22, "name": "zebra", "relative_coordinates": {"center_x": 0.33957, "center_y": 0.493786, "width": 0.696262, "height": 0.883384}, "confidence": 0.997659}], "5": [{"class_id": 22, "name": "zebra", "relative_coordinates": {"center_x": 0.34087, "center_y": 0.494226, "width": 0.690234, "height": 0.890922}, "confidence": 0.997847}], "6": [{"class_id": 22, "name": "zebra", "relative_coordinates": {"center_x": 0.340516, "center_y": 0.496262, "width": 0.691401, "height": 0.899362}, "confidence": 0.9979}], "curves": [[0.27941176470588236, 0.5694117647058824, 0.7624705882352941, 1.4384117647058823, 1.789235294117647, 2.1365882352941177], [0.9722222222222222, 0.9730442889896153, 0.9768125579686051, 0.9836566725455614, 0.9822222222222222, 0.9721181371750414]], "integrate": 0.9784338583312022}}