{"cheng2020_anchor": {"1": [{"class_id": 16, "name": "dog", "relative_coordinates": {"center_x": 0.549379, "center_y": 0.572472, "width": 0.105509, "height": 0.333177}, "confidence": 0.554181}], "2": [{"class_id": 16, "name": "dog", "relative_coordinates": {"center_x": 0.548984, "center_y": 0.574016, "width": 0.104027, "height": 0.323173}, "confidence": 0.95927}], "3": [{"class_id": 16, "name": "dog", "relative_coordinates": {"center_x": 0.549414, "center_y": 0.573882, "width": 0.106781, "height": 0.318964}, "confidence": 0.983982}], "4": [{"class_id": 16, "name": "dog", "relative_coordinates": {"center_x": 0.550829, "center_y": 0.572011, "width": 0.107237, "height": 0.321057}, "confidence": 0.991096}], "5": [{"class_id": 16, "name": "dog", "relative_coordinates": {"center_x": 0.549703, "center_y": 0.572673, "width": 0.10704, "height": 0.319848}, "confidence": 0.992918}], "6": [{"class_id": 16, "name": "dog", "relative_coordinates": {"center_x": 0.550469, "center_y": 0.572529, "width": 0.105781, "height": 0.320278}, "confidence": 0.99504}], "curves": [[0.089, 0.154, 0.255, 0.443, 0.66, 0.922], [0.9445359127392468, 0.9782585527016946, 0.9784172661870504, 0.9435642539090815, 0.9571428571428572, 0.9571428571428572]], "integrate": 0.9591444921852491}, "webp": {"1": [{"class_id": 0, "name": "person", "relative_coordinates": {"center_x": 0.545177, "center_y": 0.595055, "width": 0.084958, "height": 0.278995}, "confidence": 0.537042}], "2": [{"class_id": 16, "name": "dog", "relative_coordinates": {"center_x": 0.548476, "center_y": 0.596699, "width": 0.115713, "height": 0.277136}, "confidence": 0.761473}], "3": [{"class_id": 16, "name": "dog", "relative_coordinates": {"center_x": 0.550927, "center_y": 0.574235, "width": 0.109692, "height": 0.316474}, "confidence": 0.961765}], "4": [{"class_id": 16, "name": "dog", "relative_coordinates": {"center_x": 0.551059, "center_y": 0.572433, "width": 0.106479, "height": 0.323382}, "confidence": 0.991214}], "5": [{"class_id": 16, "name": "dog", "relative_coordinates": {"center_x": 0.54992, "center_y": 0.57278, "width": 0.104529, "height": 0.328039}, "confidence": 0.994079}], "6": [{"class_id": 16, "name": "dog", "relative_coordinates": {"center_x": 0.550642, "center_y": 0.574009, "width": 0.105874, "height": 0.321666}, "confidence": 0.993942}], "curves": [[0.08155737704918033, 0.15257611241217797, 0.2522833723653396, 0.44004683840749415, 0.6510538641686182, 0.9097189695550352], [0.0, 0.8004788507581804, 0.9443472893735212, 0.9230769230769231, 0.964484606493643, 0.9497899159663865]], "integrate": 0.8904660941938235}}