{"cheng2020_anchor": {"1": [{"class_id": 10, "name": "fire hydrant", "relative_coordinates": {"center_x": 0.40998, "center_y": 0.508088, "width": 0.524936, "height": 0.857776}, "confidence": 0.985633}], "2": [{"class_id": 10, "name": "fire hydrant", "relative_coordinates": {"center_x": 0.406764, "center_y": 0.505132, "width": 0.526832, "height": 0.86077}, "confidence": 0.983966}], "3": [{"class_id": 10, "name": "fire hydrant", "relative_coordinates": {"center_x": 0.40603, "center_y": 0.496413, "width": 0.519523, "height": 0.880371}, "confidence": 0.989043}], "4": [{"class_id": 10, "name": "fire hydrant", "relative_coordinates": {"center_x": 0.406655, "center_y": 0.492817, "width": 0.516563, "height": 0.874259}, "confidence": 0.992078}], "5": [{"class_id": 10, "name": "fire hydrant", "relative_coordinates": {"center_x": 0.40501, "center_y": 0.492219, "width": 0.519482, "height": 0.879454}, "confidence": 0.991539}], "6": [{"class_id": 10, "name": "fire hydrant", "relative_coordinates": {"center_x": 0.405247, "center_y": 0.490415, "width": 0.520718, "height": 0.875077}, "confidence": 0.992386}], "curves": [[0.178, 0.281, 0.421, 0.65, 0.931, 1.24], [0.9436906611427585, 0.9472618266763329, 0.9839291034531105, 0.9944029850746269, 0.9863225082415655, 0.9900028161081386]], "integrate": 0.9818461740029419}, "webp": {"1": [{"class_id": 10, "name": "fire hydrant", "relative_coordinates": {"center_x": 0.402624, "center_y": 0.510078, "width": 0.523847, "height": 0.895757}, "confidence": 0.961887}], "2": [{"class_id": 10, "name": "fire hydrant", "relative_coordinates": {"center_x": 0.407472, "center_y": 0.499461, "width": 0.537053, "height": 0.840395}, "confidence": 0.968874}], "3": [{"class_id": 10, "name": "fire hydrant", "relative_coordinates": {"center_x": 0.407696, "center_y": 0.497993, "width": 0.524735, "height": 0.872358}, "confidence": 0.978426}], "4": [{"class_id": 10, "name": "fire hydrant", "relative_coordinates": {"center_x": 0.408285, "center_y": 0.497538, "width": 0.523693, "height": 0.874292}, "confidence": 0.987321}], "5": [{"class_id": 10, "name": "fire hydrant", "relative_coordinates": {"center_x": 0.40649, "center_y": 0.493749, "width": 0.520073, "height": 0.877708}, "confidence": 0.991487}], "6": [{"class_id": 10, "name": "fire hydrant", "relative_coordinates": {"center_x": 0.406328, "center_y": 0.496928, "width": 0.522077, "height": 0.877716}, "confidence": 0.991364}], "curves": [[0.17403562732282454, 0.2730146524840873, 0.4386347131445171, 0.6452646418044342, 0.9272074843009099, 1.2378572343970269], [0.9418326872802668, 0.9258832784193906, 0.9662994092280657, 0.9711012153260971, 0.9844869711600285, 0.9741365797586081]], "integrate": 0.9674474859774432}}