{"cheng2020_anchor": {"1": [{"class_id": 75, "name": "vase", "relative_coordinates": {"center_x": 0.507468, "center_y": 0.592588, "width": 0.265833, "height": 0.437862}, "confidence": 0.905712}, {"class_id": 58, "name": "pottedplant", "relative_coordinates": {"center_x": 0.514763, "center_y": 0.44709, "width": 0.357493, "height": 0.726016}, "confidence": 0.277645}], "2": [{"class_id": 75, "name": "vase", "relative_coordinates": {"center_x": 0.509508, "center_y": 0.590869, "width": 0.264474, "height": 0.445984}, "confidence": 0.980848}], "3": [{"class_id": 75, "name": "vase", "relative_coordinates": {"center_x": 0.507471, "center_y": 0.593382, "width": 0.258429, "height": 0.438709}, "confidence": 0.972311}], "4": [{"class_id": 75, "name": "vase", "relative_coordinates": {"center_x": 0.505702, "center_y": 0.593347, "width": 0.261532, "height": 0.438318}, "confidence": 0.989294}], "5": [{"class_id": 75, "name": "vase", "relative_coordinates": {"center_x": 0.506156, "center_y": 0.5937, "width": 0.26337, "height": 0.438109}, "confidence": 0.991547}], "6": [{"class_id": 75, "name": "vase", "relative_coordinates": {"center_x": 0.505051, "center_y": 0.593344, "width": 0.262644, "height": 0.439577}, "confidence": 0.994366}], "curves": [[0.084, 0.122, 0.165, 0.255, 0.34, 0.441], [0.9720951936537564, 0.9508281573498965, 0.9712603878116344, 0.9829713566257475, 0.9888262881243902, 0.9888262881243902]], "integrate": 0.978918013703554}, "webp": {"1": [{"class_id": 75, "name": "vase", "relative_coordinates": {"center_x": 0.507325, "center_y": 0.594336, "width": 0.269488, "height": 0.437747}, "confidence": 0.981158}], "2": [{"class_id": 75, "name": "vase", "relative_coordinates": {"center_x": 0.505049, "center_y": 0.593627, "width": 0.258202, "height": 0.440364}, "confidence": 0.967088}], "3": [{"class_id": 75, "name": "vase", "relative_coordinates": {"center_x": 0.505175, "center_y": 0.597775, "width": 0.254648, "height": 0.427826}, "confidence": 0.987348}], "4": [{"class_id": 75, "name": "vase", "relative_coordinates": {"center_x": 0.503854, "center_y": 0.593582, "width": 0.26086, "height": 0.432916}, "confidence": 0.97783}, {"class_id": 58, "name": "pottedplant", "relative_coordinates": {"center_x": 0.515467, "center_y": 0.442662, "width": 0.37278, "height": 0.744139}, "confidence": 0.312412}], "5": [{"class_id": 75, "name": "vase", "relative_coordinates": {"center_x": 0.504252, "center_y": 0.594283, "width": 0.254873, "height": 0.438477}, "confidence": 0.983306}, {"class_id": 58, "name": "pottedplant", "relative_coordinates": {"center_x": 0.51707, "center_y": 0.445576, "width": 0.363015, "height": 0.725606}, "confidence": 0.260204}], "6": [{"class_id": 75, "name": "vase", "relative_coordinates": {"center_x": 0.50449, "center_y": 0.592886, "width": 0.264091, "height": 0.43868}, "confidence": 0.990548}], "curves": [[0.0879088785046729, 0.11927570093457944, 0.1727803738317757, 0.25800233644859816, 0.3391355140186916, 0.4358644859813084], [0.976878612716763, 0.9712603878116344, 0.9438660886624688, 0.9828813720216435, 0.9644970414201184, 0.9830094808973998]], "integrate": 0.9687351400117983}}