{"cheng2020_anchor": {"1": [{"class_id": 23, "name": "giraffe", "relative_coordinates": {"center_x": 0.434482, "center_y": 0.538241, "width": 0.474045, "height": 0.886568}, "confidence": 0.974849}], "2": [{"class_id": 23, "name": "giraffe", "relative_coordinates": {"center_x": 0.436046, "center_y": 0.538494, "width": 0.470942, "height": 0.892198}, "confidence": 0.980504}], "3": [{"class_id": 23, "name": "giraffe", "relative_coordinates": {"center_x": 0.437527, "center_y": 0.53608, "width": 0.468256, "height": 0.896748}, "confidence": 0.987769}], "4": [{"class_id": 23, "name": "giraffe", "relative_coordinates": {"center_x": 0.437753, "center_y": 0.532617, "width": 0.467498, "height": 0.886283}, "confidence": 0.981767}], "5": [{"class_id": 23, "name": "giraffe", "relative_coordinates": {"center_x": 0.437531, "center_y": 0.533105, "width": 0.468228, "height": 0.891202}, "confidence": 0.982346}], "6": [{"class_id": 23, "name": "giraffe", "relative_coordinates": {"center_x": 0.438264, "center_y": 0.533515, "width": 0.473962, "height": 0.907293}, "confidence": 0.982586}], "curves": [[0.232, 0.344, 0.481, 0.728, 0.985, 1.282], [0.9716474307893993, 0.9764384878073894, 0.9815043156596794, 0.976275146009085, 0.981440622972096, 0.9847736064484245]], "integrate": 0.9795685203600342}, "webp": {"1": [{"class_id": 23, "name": "giraffe", "relative_coordinates": {"center_x": 0.442907, "center_y": 0.539169, "width": 0.480329, "height": 0.885034}, "confidence": 0.963975}], "2": [{"class_id": 23, "name": "giraffe", "relative_coordinates": {"center_x": 0.438916, "center_y": 0.537812, "width": 0.470767, "height": 0.892825}, "confidence": 0.980301}], "3": [{"class_id": 23, "name": "giraffe", "relative_coordinates": {"center_x": 0.437635, "center_y": 0.533389, "width": 0.474973, "height": 0.895462}, "confidence": 0.981782}], "4": [{"class_id": 23, "name": "giraffe", "relative_coordinates": {"center_x": 0.437968, "center_y": 0.534273, "width": 0.473223, "height": 0.908576}, "confidence": 0.985141}], "5": [{"class_id": 23, "name": "giraffe", "relative_coordinates": {"center_x": 0.436771, "center_y": 0.532348, "width": 0.46996, "height": 0.892438}, "confidence": 0.986204}], "6": [{"class_id": 23, "name": "giraffe", "relative_coordinates": {"center_x": 0.437247, "center_y": 0.53216, "width": 0.469806, "height": 0.892119}, "confidence": 0.981976}], "curves": [[0.21267605633802816, 0.3386737089201878, 0.4584507042253521, 0.7209507042253521, 0.9818661971830986, 1.2737676056338028], [0.9654358913432735, 0.9829704677732269, 0.9867376050582157, 0.9879725085910653, 0.9881029634436513, 0.9881029634436513]], "integrate": 0.9858846523153897}}