{"cheng2020_anchor": {"1": [{"class_id": 59, "name": "bed", "relative_coordinates": {"center_x": 0.506824, "center_y": 0.656047, "width": 0.855675, "height": 0.626666}, "confidence": 0.469905}], "2": [{"class_id": 59, "name": "bed", "relative_coordinates": {"center_x": 0.510031, "center_y": 0.709723, "width": 0.955814, "height": 0.566697}, "confidence": 0.318293}], "3": [], "4": [], "5": [], "6": [], "curves": [[0.062, 0.088, 0.127, 0.187, 0.276, 0.403], [0, 0, 0, 0, 0, 0]], "integrate": 0.0}, "webp": {"1": [], "2": [], "3": [], "4": [], "5": [{"class_id": 59, "name": "bed", "relative_coordinates": {"center_x": 0.509802, "center_y": 0.658717, "width": 0.936554, "height": 0.65873}, "confidence": 0.264552}], "6": [{"class_id": 59, "name": "bed", "relative_coordinates": {"center_x": 0.501189, "center_y": 0.665227, "width": 0.925683, "height": 0.615241}, "confidence": 0.288421}], "curves": [[0.08347222222222223, 0.08347222222222223, 0.11527777777777778, 0.1854861111111111, 0.27090277777777777, 0.395625], [0, 0, 0, 0, 0, 0]], "integrate": 0.0}}