{"cheng2020_anchor": {"1": [{"class_id": 7, "name": "truck", "relative_coordinates": {"center_x": 0.494789, "center_y": 0.490721, "width": 0.93338, "height": 0.916344}, "confidence": 0.67891}], "2": [{"class_id": 7, "name": "truck", "relative_coordinates": {"center_x": 0.504268, "center_y": 0.451545, "width": 0.97971, "height": 0.882752}, "confidence": 0.351699}], "3": [], "4": [{"class_id": 0, "name": "person", "relative_coordinates": {"center_x": 0.653911, "center_y": 0.506644, "width": 0.383838, "height": 0.832074}, "confidence": 0.510454}], "5": [{"class_id": 0, "name": "person", "relative_coordinates": {"center_x": 0.652108, "center_y": 0.506717, "width": 0.381082, "height": 0.82925}, "confidence": 0.892133}], "6": [{"class_id": 51, "name": "carrot", "relative_coordinates": {"center_x": 0.350053, "center_y": 0.129801, "width": 0.102659, "height": 0.073588}, "confidence": 0.393811}, {"class_id": 0, "name": "person", "relative_coordinates": {"center_x": 0.650764, "center_y": 0.507107, "width": 0.380279, "height": 0.834531}, "confidence": 0.8782}], "curves": [[0.213, 0.333, 0.477, 0.801, 1.084, 1.39], [0.0, 0.0, 0.0, 0.47957437236549993, 0.47258163894023414, 0.4787577384619898]], "integrate": 0.30414277711598353}, "webp": {"1": [], "2": [], "3": [{"class_id": 0, "name": "person", "relative_coordinates": {"center_x": 0.658995, "center_y": 0.498562, "width": 0.394522, "height": 0.903591}, "confidence": 0.271326}], "4": [{"class_id": 7, "name": "truck", "relative_coordinates": {"center_x": 0.504128, "center_y": 0.45297, "width": 0.968694, "height": 0.896349}, "confidence": 0.258657}, {"class_id": 0, "name": "person", "relative_coordinates": {"center_x": 0.653667, "center_y": 0.498941, "width": 0.391243, "height": 0.850071}, "confidence": 0.37866}], "5": [{"class_id": 0, "name": "person", "relative_coordinates": {"center_x": 0.653003, "center_y": 0.50008, "width": 0.390393, "height": 0.856558}, "confidence": 0.76622}], "6": [{"class_id": 0, "name": "person", "relative_coordinates": {"center_x": 0.652161, "center_y": 0.506213, "width": 0.387526, "height": 0.849561}, "confidence": 0.923305}], "curves": [[0.18432291666666667, 0.299375, 0.4909895833333333, 0.7975, 1.0702083333333334, 1.3815625], [0.0, 0.0, 0.0, 0.0, 0.48667405658104007, 0.4893927456301614]], "integrate": 0.1823455149405509}}