{"cheng2020_anchor": {"1": [{"class_id": 25, "name": "umbrella", "relative_coordinates": {"center_x": 0.506808, "center_y": 0.499303, "width": 1.075515, "height": 0.83019}, "confidence": 0.505521}, {"class_id": 15, "name": "cat", "relative_coordinates": {"center_x": 0.351379, "center_y": 0.661164, "width": 0.697976, "height": 0.550897}, "confidence": 0.401823}], "2": [{"class_id": 25, "name": "umbrella", "relative_coordinates": {"center_x": 0.501303, "center_y": 0.498991, "width": 1.006347, "height": 0.787601}, "confidence": 0.412134}, {"class_id": 15, "name": "cat", "relative_coordinates": {"center_x": 0.348792, "center_y": 0.657709, "width": 0.688161, "height": 0.578417}, "confidence": 0.40269}], "3": [{"class_id": 15, "name": "cat", "relative_coordinates": {"center_x": 0.343675, "center_y": 0.557331, "width": 0.622952, "height": 0.348984}, "confidence": 0.646627}], "4": [{"class_id": 25, "name": "umbrella", "relative_coordinates": {"center_x": 0.507487, "center_y": 0.500485, "width": 0.962162, "height": 0.76699}, "confidence": 0.42618}, {"class_id": 15, "name": "cat", "relative_coordinates": {"center_x": 0.338175, "center_y": 0.561872, "width": 0.63116, "height": 0.343332}, "confidence": 0.730792}], "5": [{"class_id": 15, "name": "cat", "relative_coordinates": {"center_x": 0.335582, "center_y": 0.558127, "width": 0.636425, "height": 0.34562}, "confidence": 0.885536}], "6": [{"class_id": 15, "name": "cat", "relative_coordinates": {"center_x": 0.337513, "center_y": 0.556567, "width": 0.635733, "height": 0.333916}, "confidence": 0.669003}], "curves": [[0.121, 0.175, 0.239, 0.356, 0.477, 0.612], [0.5635515073958373, 0.563265306122449, 0.9345161704312115, 0.9193350048708817, 0.94650416933932, 0.9499934717326022]], "integrate": 0.8710798692096849}, "webp": {"1": [{"class_id": 15, "name": "cat", "relative_coordinates": {"center_x": 0.503234, "center_y": 0.599556, "width": 0.246614, "height": 0.225168}, "confidence": 0.373236}], "2": [], "3": [{"class_id": 15, "name": "cat", "relative_coordinates": {"center_x": 0.347532, "center_y": 0.555949, "width": 0.653433, "height": 0.342738}, "confidence": 0.665096}], "4": [{"class_id": 15, "name": "cat", "relative_coordinates": {"center_x": 0.33683, "center_y": 0.552673, "width": 0.629447, "height": 0.350817}, "confidence": 0.688435}], "5": [{"class_id": 15, "name": "cat", "relative_coordinates": {"center_x": 0.341067, "center_y": 0.553002, "width": 0.640807, "height": 0.347274}, "confidence": 0.842929}], "6": [{"class_id": 15, "name": "cat", "relative_coordinates": {"center_x": 0.338674, "center_y": 0.556915, "width": 0.645015, "height": 0.35894}, "confidence": 0.85674}], "curves": [[0.11118266978922717, 0.16750585480093677, 0.23214285714285715, 0.3542154566744731, 0.469847775175644, 0.6116510538641686], [0.0, 0.0, 0.9535607669098514, 0.9619678152032088, 0.9803070923714355, 0.9660268683640046]], "integrate": 0.7953101296054848}}