{"cheng2020_anchor": {"1": [{"class_id": 4, "name": "aeroplane", "relative_coordinates": {"center_x": 0.484409, "center_y": 0.511149, "width": 0.744975, "height": 0.444809}, "confidence": 0.994886}], "2": [{"class_id": 4, "name": "aeroplane", "relative_coordinates": {"center_x": 0.485272, "center_y": 0.511461, "width": 0.735896, "height": 0.435332}, "confidence": 0.993712}], "3": [{"class_id": 4, "name": "aeroplane", "relative_coordinates": {"center_x": 0.486252, "center_y": 0.508872, "width": 0.747996, "height": 0.437784}, "confidence": 0.993825}], "4": [{"class_id": 4, "name": "aeroplane", "relative_coordinates": {"center_x": 0.484448, "center_y": 0.50687, "width": 0.745445, "height": 0.435669}, "confidence": 0.991742}], "5": [{"class_id": 4, "name": "aeroplane", "relative_coordinates": {"center_x": 0.465187, "center_y": 0.508618, "width": 0.752549, "height": 0.436237}, "confidence": 0.988224}], "6": [{"class_id": 4, "name": "aeroplane", "relative_coordinates": {"center_x": 0.483494, "center_y": 0.508158, "width": 0.746007, "height": 0.438106}, "confidence": 0.989402}], "curves": [[0.05, 0.074, 0.102, 0.14, 0.203, 0.304], [0.9529114805466098, 0.962954732327385, 0.9739537864807223, 0.9750916564826131, 0.9405037794286457, 0.9699514847436649]], "integrate": 0.9604654500236659}, "webp": {"1": [{"class_id": 4, "name": "aeroplane", "relative_coordinates": {"center_x": 0.501837, "center_y": 0.51242, "width": 0.762631, "height": 0.492667}, "confidence": 0.938855}], "2": [{"class_id": 4, "name": "aeroplane", "relative_coordinates": {"center_x": 0.501837, "center_y": 0.51242, "width": 0.762631, "height": 0.492667}, "confidence": 0.938855}], "3": [{"class_id": 4, "name": "aeroplane", "relative_coordinates": {"center_x": 0.488518, "center_y": 0.511548, "width": 0.765425, "height": 0.450032}, "confidence": 0.993581}], "4": [{"class_id": 4, "name": "aeroplane", "relative_coordinates": {"center_x": 0.462638, "center_y": 0.511349, "width": 0.755797, "height": 0.448651}, "confidence": 0.993407}], "5": [{"class_id": 4, "name": "aeroplane", "relative_coordinates": {"center_x": 0.462688, "center_y": 0.511028, "width": 0.747609, "height": 0.445643}, "confidence": 0.990175}], "6": [{"class_id": 4, "name": "aeroplane", "relative_coordinates": {"center_x": 0.483144, "center_y": 0.508719, "width": 0.729114, "height": 0.435388}, "confidence": 0.989079}], "curves": [[0.05619158878504673, 0.05619158878504673, 0.10619158878504673, 0.13703271028037384, 0.19672897196261682, 0.30192757009345794], [0.8321502175406458, 0.8321502175406458, 0.9427989476364254, 0.9091900965169953, 0.9137327306296555, 0.9548616512945883]], "integrate": 0.9181806883639195}}