{"cheng2020_anchor": {"1": [{"class_id": 39, "name": "bottle", "relative_coordinates": {"center_x": 0.582958, "center_y": 0.136629, "width": 0.074877, "height": 0.218189}, "confidence": 0.504366}], "2": [{"class_id": 39, "name": "bottle", "relative_coordinates": {"center_x": 0.582212, "center_y": 0.132367, "width": 0.073216, "height": 0.227706}, "confidence": 0.680063}], "3": [{"class_id": 39, "name": "bottle", "relative_coordinates": {"center_x": 0.581925, "center_y": 0.131801, "width": 0.078374, "height": 0.224872}, "confidence": 0.546936}], "4": [{"class_id": 39, "name": "bottle", "relative_coordinates": {"center_x": 0.583174, "center_y": 0.127778, "width": 0.075831, "height": 0.228022}, "confidence": 0.826343}], "5": [{"class_id": 39, "name": "bottle", "relative_coordinates": {"center_x": 0.582228, "center_y": 0.131453, "width": 0.076455, "height": 0.225575}, "confidence": 0.773737}], "6": [{"class_id": 39, "name": "bottle", "relative_coordinates": {"center_x": 0.582785, "center_y": 0.12976, "width": 0.076031, "height": 0.230498}, "confidence": 0.944829}], "curves": [[0.073, 0.104, 0.146, 0.228, 0.338, 0.499], [0.4823529411764706, 0.4753222257151839, 0.45213849287169044, 0.4594554159186116, 0.4756657483930211, 0.4648519294047263]], "integrate": 0.4667589848295912}, "webp": {"1": [{"class_id": 64, "name": "mouse", "relative_coordinates": {"center_x": 0.872295, "center_y": 0.565032, "width": 0.208284, "height": 0.158216}, "confidence": 0.863089}, {"class_id": 39, "name": "bottle", "relative_coordinates": {"center_x": 0.581444, "center_y": 0.134394, "width": 0.077448, "height": 0.230821}, "confidence": 0.426091}], "2": [{"class_id": 64, "name": "mouse", "relative_coordinates": {"center_x": 0.872295, "center_y": 0.565032, "width": 0.208284, "height": 0.158216}, "confidence": 0.863089}, {"class_id": 39, "name": "bottle", "relative_coordinates": {"center_x": 0.581444, "center_y": 0.134394, "width": 0.077448, "height": 0.230821}, "confidence": 0.426091}], "3": [{"class_id": 54, "name": "donut", "relative_coordinates": {"center_x": 0.46718, "center_y": 0.590113, "width": 0.127883, "height": 0.117285}, "confidence": 0.361094}], "4": [{"class_id": 39, "name": "bottle", "relative_coordinates": {"center_x": 0.583412, "center_y": 0.135009, "width": 0.078236, "height": 0.234184}, "confidence": 0.599303}], "5": [{"class_id": 39, "name": "bottle", "relative_coordinates": {"center_x": 0.582057, "center_y": 0.133677, "width": 0.07421, "height": 0.222703}, "confidence": 0.547544}], "6": [{"class_id": 39, "name": "bottle", "relative_coordinates": {"center_x": 0.582583, "center_y": 0.133109, "width": 0.075837, "height": 0.222571}, "confidence": 0.695616}], "curves": [[0.08644266666666667, 0.08644266666666667, 0.135936, 0.22741333333333333, 0.33194666666666667, 0.4944213333333333], [0.46345417035072206, 0.46345417035072206, 0.0, 0.4581876456876457, 0.48126354908640445, 0.48126354908640445]], "integrate": 0.39149339923654203}}