{"cheng2020_anchor": {"1": [{"class_id": 3, "name": "motorbike", "relative_coordinates": {"center_x": 0.693428, "center_y": 0.769098, "width": 0.37622, "height": 0.380859}, "confidence": 0.967088}], "2": [{"class_id": 3, "name": "motorbike", "relative_coordinates": {"center_x": 0.690718, "center_y": 0.76954, "width": 0.376344, "height": 0.378156}, "confidence": 0.973103}], "3": [{"class_id": 3, "name": "motorbike", "relative_coordinates": {"center_x": 0.693044, "center_y": 0.769167, "width": 0.376279, "height": 0.374407}, "confidence": 0.996348}], "4": [{"class_id": 3, "name": "motorbike", "relative_coordinates": {"center_x": 0.693389, "center_y": 0.769345, "width": 0.379875, "height": 0.374208}, "confidence": 0.996726}], "5": [{"class_id": 3, "name": "motorbike", "relative_coordinates": {"center_x": 0.692976, "center_y": 0.76886, "width": 0.378831, "height": 0.372023}, "confidence": 0.997298}], "6": [{"class_id": 3, "name": "motorbike", "relative_coordinates": {"center_x": 0.694007, "center_y": 0.768164, "width": 0.381013, "height": 0.372877}, "confidence": 0.997101}], "curves": [[0.255, 0.391, 0.558, 0.965, 1.311, 1.679], [0.9817194297065553, 0.9775349119611415, 0.975511030155839, 0.9774590163934426, 0.9774590163934426, 0.9796412013706914]], "integrate": 0.9775598986051136}, "webp": {"1": [{"class_id": 72, "name": "refrigerator", "relative_coordinates": {"center_x": 0.086543, "center_y": 0.504874, "width": 0.170346, "height": 0.85886}, "confidence": 0.399164}, {"class_id": 72, "name": "refrigerator", "relative_coordinates": {"center_x": 0.406795, "center_y": 0.488031, "width": 0.15263, "height": 0.836063}, "confidence": 0.280738}], "2": [{"class_id": 72, "name": "refrigerator", "relative_coordinates": {"center_x": 0.095247, "center_y": 0.498773, "width": 0.189534, "height": 0.937007}, "confidence": 0.3648}, {"class_id": 3, "name": "motorbike", "relative_coordinates": {"center_x": 0.696093, "center_y": 0.77165, "width": 0.355646, "height": 0.38527}, "confidence": 0.601789}], "3": [{"class_id": 72, "name": "refrigerator", "relative_coordinates": {"center_x": 0.329432, "center_y": 0.492203, "width": 0.32121, "height": 0.929743}, "confidence": 0.339628}, {"class_id": 3, "name": "motorbike", "relative_coordinates": {"center_x": 0.699895, "center_y": 0.772251, "width": 0.375058, "height": 0.38264}, "confidence": 0.964953}], "4": [{"class_id": 3, "name": "motorbike", "relative_coordinates": {"center_x": 0.690988, "center_y": 0.770685, "width": 0.379048, "height": 0.377068}, "confidence": 0.997504}], "5": [{"class_id": 3, "name": "motorbike", "relative_coordinates": {"center_x": 0.691022, "center_y": 0.770631, "width": 0.37862, "height": 0.377238}, "confidence": 0.998127}], "6": [{"class_id": 3, "name": "motorbike", "relative_coordinates": {"center_x": 0.69141, "center_y": 0.771769, "width": 0.379549, "height": 0.37744}, "confidence": 0.997989}], "curves": [[0.18436768149882904, 0.3778103044496487, 0.568559718969555, 0.944672131147541, 1.2986533957845434, 1.672248243559719], [0.0, 0.9145713646198612, 0.9537934118348487, 0.9897540983606558, 0.9856810362274843, 0.9897540983606558]], "integrate": 0.9078612885809666}}