{"cheng2020_anchor": {"1": [{"class_id": 5, "name": "bus", "relative_coordinates": {"center_x": 0.540471, "center_y": 0.503036, "width": 0.717099, "height": 0.490303}, "confidence": 0.995055}], "2": [{"class_id": 5, "name": "bus", "relative_coordinates": {"center_x": 0.538695, "center_y": 0.501302, "width": 0.70702, "height": 0.48715}, "confidence": 0.994039}], "3": [{"class_id": 5, "name": "bus", "relative_coordinates": {"center_x": 0.53897, "center_y": 0.499737, "width": 0.708237, "height": 0.490041}, "confidence": 0.993041}], "4": [{"class_id": 5, "name": "bus", "relative_coordinates": {"center_x": 0.537717, "center_y": 0.501685, "width": 0.707712, "height": 0.499855}, "confidence": 0.994874}], "5": [{"class_id": 5, "name": "bus", "relative_coordinates": {"center_x": 0.536886, "center_y": 0.502844, "width": 0.708349, "height": 0.502252}, "confidence": 0.994507}], "6": [{"class_id": 5, "name": "bus", "relative_coordinates": {"center_x": 0.537878, "center_y": 0.50191, "width": 0.707516, "height": 0.50642}, "confidence": 0.995323}], "curves": [[0.095, 0.131, 0.174, 0.257, 0.345, 0.46], [0.9638154568071035, 0.9568571573965702, 0.9657116686173731, 0.9820263599816803, 0.98210884629412, 0.9776222506832323]], "integrate": 0.9749176771346839}, "webp": {"1": [{"class_id": 5, "name": "bus", "relative_coordinates": {"center_x": 0.543156, "center_y": 0.505054, "width": 0.723449, "height": 0.469456}, "confidence": 0.996409}], "2": [{"class_id": 5, "name": "bus", "relative_coordinates": {"center_x": 0.543156, "center_y": 0.505054, "width": 0.723449, "height": 0.469456}, "confidence": 0.996409}], "3": [{"class_id": 5, "name": "bus", "relative_coordinates": {"center_x": 0.537699, "center_y": 0.504098, "width": 0.720643, "height": 0.470915}, "confidence": 0.997242}], "4": [{"class_id": 5, "name": "bus", "relative_coordinates": {"center_x": 0.539582, "center_y": 0.50717, "width": 0.717919, "height": 0.496993}, "confidence": 0.995764}], "5": [{"class_id": 5, "name": "bus", "relative_coordinates": {"center_x": 0.538749, "center_y": 0.505051, "width": 0.712502, "height": 0.492125}, "confidence": 0.995256}], "6": [{"class_id": 5, "name": "bus", "relative_coordinates": {"center_x": 0.534569, "center_y": 0.505157, "width": 0.708875, "height": 0.492245}, "confidence": 0.993703}], "curves": [[0.10521077283372365, 0.10521077283372365, 0.1718969555035129, 0.25333723653395784, 0.3425644028103044, 0.4595433255269321], [0.9196684794605767, 0.9196684794605767, 0.9272958539860083, 0.9821424960058244, 0.9703955720306708, 0.9703322986107578]], "integrate": 0.9594318755670433}}