{"cheng2020_anchor": {"1": [], "2": [], "3": [], "4": [{"class_id": 76, "name": "scissors", "relative_coordinates": {"center_x": 0.299145, "center_y": 0.499439, "width": 0.523986, "height": 0.655838}, "confidence": 0.325607}], "5": [{"class_id": 76, "name": "scissors", "relative_coordinates": {"center_x": 0.299716, "center_y": 0.49844, "width": 0.52517, "height": 0.62883}, "confidence": 0.329854}], "6": [{"class_id": 76, "name": "scissors", "relative_coordinates": {"center_x": 0.301667, "center_y": 0.500541, "width": 0.528396, "height": 0.606667}, "confidence": 0.355184}], "curves": [[0.154, 0.245, 0.373, 0.63, 0.909, 1.204], [0.0, 0.0, 0.0, 0.0, 0.0, 0.0]], "integrate": 0.0}, "webp": {"1": [], "2": [], "3": [], "4": [], "5": [{"class_id": 76, "name": "scissors", "relative_coordinates": {"center_x": 0.325652, "center_y": 0.50591, "width": 0.588233, "height": 0.628076}, "confidence": 0.354076}], "6": [{"class_id": 76, "name": "scissors", "relative_coordinates": {"center_x": 0.323757, "center_y": 0.501416, "width": 0.593836, "height": 0.59845}, "confidence": 0.38718}], "curves": [[0.15625, 0.23963541666666666, 0.3790625, 0.6238020833333333, 0.899375, 1.19015625], [0.0, 0.0, 0.0, 0.0, 0.0, 0.0]], "integrate": 0.0}}