{"faster-rcnn": {"true objects": [{"xmin": 210.0032958984375, "xmax": 394.0938720703125, "ymin": 27.454225540161133, "ymax": 179.55824279785156, "confidence": 0.9958834052085876, "class": 1, "name": "person"}, {"xmin": 165.97650146484375, "xmax": 302.2550354003906, "ymin": 52.41352844238281, "ymax": 178.7440185546875, "confidence": 0.9895626902580261, "class": 42, "name": "surfboard"}, {"xmin": 166.21807861328125, "xmax": 435.8382263183594, "ymin": 41.625648498535156, "ymax": 184.88526916503906, "confidence": 0.3249140977859497, "class": 42, "name": "surfboard"}], "cheng2020-anchor": {"1": [{"xmin": 225.20835876464844, "xmax": 398.83819580078125, "ymin": 27.24257469177246, "ymax": 181.56643676757812, "confidence": 0.9707902073860168, "class": 1, "name": "person"}], "2": [{"xmin": 215.20828247070312, "xmax": 403.4589538574219, "ymin": 30.16390037536621, "ymax": 184.76109313964844, "confidence": 0.9641528725624084, "class": 1, "name": "person"}], "3": [{"xmin": 166.11587524414062, "xmax": 316.0283203125, "ymin": 53.188232421875, "ymax": 172.63356018066406, "confidence": 0.9624925851821899, "class": 42, "name": "surfboard"}, {"xmin": 195.0998077392578, "xmax": 448.4893798828125, "ymin": 30.58570671081543, "ymax": 186.86668395996094, "confidence": 0.9606321454048157, "class": 1, "name": "person"}], "curves": [[0.135, 0.236, 0.358], [0.2945156330087135, 0.29400170816634913, 0.5143483444787571]], "integrate": 0.35439228224525626}}}