{"faster-rcnn": {"true objects": [{"xmin": 302.6317443847656, "xmax": 499.0814514160156, "ymin": 84.86865234375, "ymax": 314.9186096191406, "confidence": 0.885760486125946, "class": 15, "name": "bench"}], "cheng2020-anchor": {"1": [{"xmin": 57.481014251708984, "xmax": 68.47998809814453, "ymin": 158.21946716308594, "ymax": 188.54013061523438, "confidence": 0.7473574280738831, "class": 1, "name": "person"}, {"xmin": 104.19597625732422, "xmax": 130.12161254882812, "ymin": 189.72515869140625, "ymax": 225.18350219726562, "confidence": 0.3521798849105835, "class": 47, "name": "cup"}, {"xmin": 265.1236877441406, "xmax": 490.3742370605469, "ymin": 70.18714141845703, "ymax": 243.7206573486328, "confidence": 0.2643726170063019, "class": 5, "name": "airplane"}], "2": [{"xmin": 57.82386779785156, "xmax": 69.98299407958984, "ymin": 159.0609893798828, "ymax": 189.14666748046875, "confidence": 0.966072678565979, "class": 1, "name": "person"}, {"xmin": 307.589111328125, "xmax": 500.0, "ymin": 81.1554183959961, "ymax": 315.78082275390625, "confidence": 0.518298327922821, "class": 15, "name": "bench"}], "3": [{"xmin": 305.3678894042969, "xmax": 500.0, "ymin": 87.62803649902344, "ymax": 298.72607421875, "confidence": 0.8533393144607544, "class": 15, "name": "bench"}], "curves": [[0.252, 0.416, 0.589], [0.0, 0.949427274692025, 0.9037998719392374]], "integrate": 0.7066978774728494}}}