{"faster-rcnn": {"true objects": [{"xmin": 471.17071533203125, "xmax": 538.3836059570312, "ymin": 109.06403350830078, "ymax": 165.9991455078125, "confidence": 0.9953011274337769, "class": 16, "name": "bird"}, {"xmin": 466.77764892578125, "xmax": 486.0643310546875, "ymin": 147.3992156982422, "ymax": 168.23910522460938, "confidence": 0.9802147150039673, "class": 16, "name": "bird"}], "cheng2020-anchor": {"1": [], "2": [{"xmin": 477.43524169921875, "xmax": 535.388671875, "ymin": 117.71199035644531, "ymax": 170.20620727539062, "confidence": 0.6940065026283264, "class": 16, "name": "bird"}], "3": [{"xmin": 471.0324401855469, "xmax": 538.0744018554688, "ymin": 108.13575744628906, "ymax": 166.12852478027344, "confidence": 0.7755463719367981, "class": 16, "name": "bird"}], "curves": [[0.06, 0.108, 0.172], [0.0, 0.3436188595408541, 0.49137931034482757]], "integrate": 0.31220351844037775}}}