{"faster-rcnn": {"true objects": [{"xmin": 230.66744995117188, "xmax": 308.2376403808594, "ymin": 184.25332641601562, "ymax": 256.1851501464844, "confidence": 0.9904747605323792, "class": 85, "name": "clock"}], "cheng2020-anchor": {"1": [{"xmin": 0.0, "xmax": 201.45396423339844, "ymin": 41.80116653442383, "ymax": 480.0000305175781, "confidence": 0.6979648470878601, "class": 65, "name": "bed"}, {"xmin": 227.51861572265625, "xmax": 312.0987548828125, "ymin": 183.34640502929688, "ymax": 259.82037353515625, "confidence": 0.5825760960578918, "class": 85, "name": "clock"}], "2": [{"xmin": 230.29153442382812, "xmax": 310.2828063964844, "ymin": 183.54684448242188, "ymax": 258.1515808105469, "confidence": 0.9845690727233887, "class": 85, "name": "clock"}, {"xmin": 7.4582624435424805, "xmax": 217.6394805908203, "ymin": 57.33631134033203, "ymax": 478.050537109375, "confidence": 0.4338604509830475, "class": 65, "name": "bed"}], "3": [{"xmin": 231.42193603515625, "xmax": 309.7787780761719, "ymin": 184.31365966796875, "ymax": 256.4942932128906, "confidence": 0.9919012188911438, "class": 85, "name": "clock"}, {"xmin": 0.0, "xmax": 200.43124389648438, "ymin": 40.26368713378906, "ymax": 480.0000305175781, "confidence": 0.2589869499206543, "class": 65, "name": "bed"}], "curves": [[0.039, 0.043, 0.066], [0.8571428571428571, 0.9364864864864865, 0.9746835443037974]], "integrate": 0.9468782978276649}}}