{"faster-rcnn": {"true objects": [{"xmin": 275.94073486328125, "xmax": 331.74493408203125, "ymin": 137.58836364746094, "ymax": 214.97154235839844, "confidence": 0.9785088896751404, "class": 1, "name": "person"}, {"xmin": 273.5091857910156, "xmax": 288.5755920410156, "ymin": 137.72067260742188, "ymax": 230.27536010742188, "confidence": 0.4619463086128235, "class": 42, "name": "surfboard"}], "cheng2020-anchor": {"1": [{"xmin": 283.73980712890625, "xmax": 329.66131591796875, "ymin": 134.92408752441406, "ymax": 211.5184783935547, "confidence": 0.3005463182926178, "class": 1, "name": "person"}], "2": [{"xmin": 280.9974365234375, "xmax": 331.5189514160156, "ymin": 137.53175354003906, "ymax": 214.37110900878906, "confidence": 0.8956547379493713, "class": 1, "name": "person"}], "3": [{"xmin": 277.982421875, "xmax": 332.7481689453125, "ymin": 135.16464233398438, "ymax": 209.482421875, "confidence": 0.9832015633583069, "class": 1, "name": "person"}, {"xmin": 276.2935791015625, "xmax": 291.5534973144531, "ymin": 156.6856689453125, "ymax": 209.81199645996094, "confidence": 0.29478850960731506, "class": 36, "name": "snowboard"}, {"xmin": 0.0, "xmax": 632.2435302734375, "ymin": 202.11094665527344, "ymax": 412.4035949707031, "confidence": 0.27545255422592163, "class": 65, "name": "bed"}], "curves": [[0.195, 0.326, 0.492], [0.38247191011235954, 0.449443413729128, 0.42150395778364114]], "integrate": 0.42686560790295375}}}