{"faster-rcnn": {"true objects": [{"xmin": 83.1529312133789, "xmax": 349.07183837890625, "ymin": 85.01736450195312, "ymax": 302.2751159667969, "confidence": 0.9931795597076416, "class": 38, "name": "kite"}], "cheng2020-anchor": {"1": [{"xmin": 79.26818084716797, "xmax": 338.7207336425781, "ymin": 81.4813003540039, "ymax": 293.2525939941406, "confidence": 0.995938777923584, "class": 38, "name": "kite"}], "2": [{"xmin": 86.6402816772461, "xmax": 341.7816467285156, "ymin": 83.59502410888672, "ymax": 293.52728271484375, "confidence": 0.995579183101654, "class": 38, "name": "kite"}], "3": [{"xmin": 81.31338500976562, "xmax": 338.3241271972656, "ymin": 82.89179229736328, "ymax": 294.599853515625, "confidence": 0.9942694902420044, "class": 38, "name": "kite"}], "curves": [[0.06, 0.081, 0.107], [0.8935127697419203, 0.9192438380737189, 0.9129500818330606]], "integrate": 0.9117545817202625}}}