{"faster-rcnn": {"true objects": [{"xmin": 198.963623046875, "xmax": 546.3397827148438, "ymin": 160.79013061523438, "ymax": 282.3694763183594, "confidence": 0.9991647005081177, "class": 5, "name": "airplane"}, {"xmin": 288.1539001464844, "xmax": 300.2397155761719, "ymin": 199.66224670410156, "ymax": 210.89208984375, "confidence": 0.4492960572242737, "class": 1, "name": "person"}], "cheng2020-anchor": {"1": [{"xmin": 159.54139709472656, "xmax": 562.533203125, "ymin": 155.29583740234375, "ymax": 284.13134765625, "confidence": 0.9991687536239624, "class": 5, "name": "airplane"}], "2": [{"xmin": 183.40048217773438, "xmax": 562.009521484375, "ymin": 154.8590087890625, "ymax": 281.47845458984375, "confidence": 0.9995580315589905, "class": 5, "name": "airplane"}], "3": [{"xmin": 193.5293731689453, "xmax": 563.164794921875, "ymin": 156.17335510253906, "ymax": 282.8754577636719, "confidence": 0.9993728995323181, "class": 5, "name": "airplane"}], "curves": [[0.086, 0.152, 0.238], [0.4038221093734972, 0.43283923411155695, 0.4479760151932228]], "integrate": 0.4308215793099494}}}