{"faster-rcnn": {"true objects": [{"xmin": 69.35752868652344, "xmax": 279.6856689453125, "ymin": 54.73400115966797, "ymax": 485.9053955078125, "confidence": 0.2776079773902893, "class": 35, "name": "skis"}], "cheng2020-anchor": {"1": [{"xmin": 122.02936553955078, "xmax": 328.9784851074219, "ymin": 90.47826385498047, "ymax": 492.8185729980469, "confidence": 0.5429635643959045, "class": 28, "name": "umbrella"}, {"xmin": 47.622962951660156, "xmax": 281.6245422363281, "ymin": 37.97431182861328, "ymax": 475.20965576171875, "confidence": 0.30831918120384216, "class": 25, "name": "giraffe"}], "2": [{"xmin": 84.14493560791016, "xmax": 324.2069091796875, "ymin": 56.172645568847656, "ymax": 494.0887756347656, "confidence": 0.30825355648994446, "class": 28, "name": "umbrella"}], "3": [{"xmin": 66.38653564453125, "xmax": 209.02491760253906, "ymin": 48.6341438293457, "ymax": 296.96795654296875, "confidence": 0.2976914644241333, "class": 87, "name": "scissors"}, {"xmin": 111.67668151855469, "xmax": 328.16015625, "ymin": 41.14826583862305, "ymax": 500.0, "confidence": 0.2663864195346832, "class": 38, "name": "kite"}], "curves": [[0.265, 0.391, 0.521], [0.0, 0.0, 0.0]], "integrate": 0.0}}}