{"faster-rcnn": {"true objects": [{"xmin": 142.11109924316406, "xmax": 297.2364501953125, "ymin": 70.65188598632812, "ymax": 269.47344970703125, "confidence": 0.9992688298225403, "class": 16, "name": "bird"}], "cheng2020-anchor": {"1": [{"xmin": 139.85321044921875, "xmax": 297.6112365722656, "ymin": 70.17943572998047, "ymax": 269.31866455078125, "confidence": 0.9991826415061951, "class": 16, "name": "bird"}, {"xmin": 209.1862030029297, "xmax": 241.547119140625, "ymin": 231.17657470703125, "ymax": 277.8470458984375, "confidence": 0.5825262665748596, "class": 16, "name": "bird"}], "2": [{"xmin": 144.8810272216797, "xmax": 294.4044494628906, "ymin": 72.22574615478516, "ymax": 266.8899841308594, "confidence": 0.9996329545974731, "class": 16, "name": "bird"}], "3": [{"xmin": 147.3468475341797, "xmax": 297.11700439453125, "ymin": 70.59575653076172, "ymax": 270.95538330078125, "confidence": 0.999427318572998, "class": 16, "name": "bird"}], "curves": [[0.052, 0.067, 0.091], [0.9760829463774569, 0.9467253176930597, 0.9583736689254598]], "integrate": 0.95595512358849}}}