{"faster-rcnn": {"true objects": [{"xmin": 260.6837463378906, "xmax": 388.6028747558594, "ymin": 191.93569946289062, "ymax": 294.7411193847656, "confidence": 0.9986903071403503, "class": 85, "name": "clock"}], "cheng2020-anchor": {"1": [{"xmin": 260.38262939453125, "xmax": 387.3632507324219, "ymin": 192.57864379882812, "ymax": 296.8194274902344, "confidence": 0.9979374408721924, "class": 85, "name": "clock"}, {"xmin": 103.78417205810547, "xmax": 311.28643798828125, "ymin": 67.55779266357422, "ymax": 465.45220947265625, "confidence": 0.43552762269973755, "class": 82, "name": "refrigerator"}], "2": [{"xmin": 262.9779052734375, "xmax": 386.3287048339844, "ymin": 192.81201171875, "ymax": 297.6329650878906, "confidence": 0.9979099631309509, "class": 85, "name": "clock"}, {"xmin": 112.45820617675781, "xmax": 307.8201904296875, "ymin": 79.49727630615234, "ymax": 465.2658996582031, "confidence": 0.7201625108718872, "class": 82, "name": "refrigerator"}], "3": [{"xmin": 261.1164245605469, "xmax": 387.7949523925781, "ymin": 191.78271484375, "ymax": 294.9850769042969, "confidence": 0.9975887537002563, "class": 85, "name": "clock"}, {"xmin": 99.00391387939453, "xmax": 313.8551025390625, "ymin": 101.9819107055664, "ymax": 460.4325866699219, "confidence": 0.35657137632369995, "class": 82, "name": "refrigerator"}], "curves": [[0.063, 0.086, 0.115], [0.9491875923190547, 0.925699107208736, 0.9921875]], "integrate": 0.9494337086364667}}}