{"faster-rcnn": {"true objects": [{"xmin": 353.8963623046875, "xmax": 401.227294921875, "ymin": 135.67724609375, "ymax": 194.91390991210938, "confidence": 0.9982189536094666, "class": 5, "name": "airplane"}], "cheng2020-anchor": {"1": [{"xmin": 367.5279235839844, "xmax": 379.0753479003906, "ymin": 138.05128479003906, "ymax": 155.1571807861328, "confidence": 0.8482121825218201, "class": 16, "name": "bird"}, {"xmin": 353.8117980957031, "xmax": 403.2701721191406, "ymin": 139.98214721679688, "ymax": 194.5854949951172, "confidence": 0.796049952507019, "class": 16, "name": "bird"}, {"xmin": 355.11334228515625, "xmax": 401.22833251953125, "ymin": 137.82154846191406, "ymax": 193.1250762939453, "confidence": 0.6576324105262756, "class": 5, "name": "airplane"}], "2": [{"xmin": 354.80181884765625, "xmax": 403.70361328125, "ymin": 140.51182556152344, "ymax": 194.11297607421875, "confidence": 0.8710218071937561, "class": 5, "name": "airplane"}, {"xmin": 354.2328796386719, "xmax": 402.12322998046875, "ymin": 140.990234375, "ymax": 190.83131408691406, "confidence": 0.2767580449581146, "class": 16, "name": "bird"}], "3": [{"xmin": 356.14776611328125, "xmax": 400.9778747558594, "ymin": 137.73214721679688, "ymax": 193.37379455566406, "confidence": 0.9828519821166992, "class": 5, "name": "airplane"}], "curves": [[0.014, 0.016, 0.034], [0.9123692751532636, 0.8315143246930423, 0.8925351604760188]], "integrate": 0.8630164483183926}}}