{"faster-rcnn": {"true objects": [{"xmin": 73.23835754394531, "xmax": 552.8471069335938, "ymin": 195.64247131347656, "ymax": 454.7034606933594, "confidence": 0.9976789355278015, "class": 23, "name": "bear"}], "cheng2020-anchor": {"1": [{"xmin": 75.0342788696289, "xmax": 562.8303833007812, "ymin": 187.3503875732422, "ymax": 460.3367614746094, "confidence": 0.9773603677749634, "class": 16, "name": "bird"}], "2": [{"xmin": 65.43672180175781, "xmax": 567.1022338867188, "ymin": 188.3541717529297, "ymax": 461.080078125, "confidence": 0.9837062358856201, "class": 16, "name": "bird"}, {"xmin": 38.207496643066406, "xmax": 556.6687622070312, "ymin": 198.5393829345703, "ymax": 459.10577392578125, "confidence": 0.36027631163597107, "class": 23, "name": "bear"}, {"xmin": 12.75699520111084, "xmax": 51.332515716552734, "ymin": 592.0192260742188, "ymax": 632.7044067382812, "confidence": 0.30035582184791565, "class": 47, "name": "cup"}], "3": [{"xmin": 76.345703125, "xmax": 562.6949462890625, "ymin": 185.1246337890625, "ymax": 460.75323486328125, "confidence": 0.9801886081695557, "class": 16, "name": "bird"}, {"xmin": 31.107105255126953, "xmax": 563.8056030273438, "ymin": 197.29591369628906, "ymax": 456.9342346191406, "confidence": 0.3207688331604004, "class": 23, "name": "bear"}], "curves": [[0.224, 0.338, 0.463], [0.0, 0.9010118785745711, 0.8905508413634402]], "integrate": 0.6833905735350471}}}