{"faster-rcnn": {"true objects": [{"xmin": 0.0, "xmax": 639.9999389648438, "ymin": 161.53192138671875, "ymax": 324.5507507324219, "confidence": 0.9720959663391113, "class": 7, "name": "train"}], "cheng2020-anchor": {"1": [{"xmin": 3.248239278793335, "xmax": 639.9999389648438, "ymin": 166.78240966796875, "ymax": 319.40521240234375, "confidence": 0.914222240447998, "class": 7, "name": "train"}, {"xmin": 305.5277099609375, "xmax": 320.1661376953125, "ymin": 236.20729064941406, "ymax": 248.10382080078125, "confidence": 0.2954781949520111, "class": 1, "name": "person"}, {"xmin": 0.0, "xmax": 327.64306640625, "ymin": 174.92990112304688, "ymax": 311.2455749511719, "confidence": 0.29216524958610535, "class": 8, "name": "truck"}], "2": [{"xmin": 0.0, "xmax": 639.9999389648438, "ymin": 163.78257751464844, "ymax": 318.63238525390625, "confidence": 0.9382970929145813, "class": 7, "name": "train"}], "3": [{"xmin": 0.0, "xmax": 639.9999389648438, "ymin": 166.16383361816406, "ymax": 316.7013244628906, "confidence": 0.8943217396736145, "class": 7, "name": "train"}], "curves": [[0.32, 0.461, 0.612], [0.9281441717791411, 0.950920245398773, 0.9263803680981595]], "integrate": 0.939076156609799}}}