{"faster-rcnn": {"true objects": [{"xmin": 23.576562881469727, "xmax": 588.220458984375, "ymin": 46.21966552734375, "ymax": 487.9937438964844, "confidence": 0.666054368019104, "class": 16, "name": "bird"}, {"xmin": 26.47410011291504, "xmax": 619.2904052734375, "ymin": 17.820077896118164, "ymax": 474.52099609375, "confidence": 0.38140183687210083, "class": 28, "name": "umbrella"}], "cheng2020-anchor": {"1": [{"xmin": 18.225858688354492, "xmax": 550.98486328125, "ymin": 58.89277267456055, "ymax": 487.32183837890625, "confidence": 0.9849770069122314, "class": 16, "name": "bird"}], "2": [{"xmin": 22.413280487060547, "xmax": 572.3287963867188, "ymin": 60.06277084350586, "ymax": 478.4657287597656, "confidence": 0.9934179782867432, "class": 16, "name": "bird"}], "3": [{"xmin": 23.194765090942383, "xmax": 567.6132202148438, "ymin": 56.06916046142578, "ymax": 488.22467041015625, "confidence": 0.9741637706756592, "class": 16, "name": "bird"}], "curves": [[0.193, 0.331, 0.516], [0.44778762467441713, 0.4579008811629432, 0.47054300816914946]], "integrate": 0.4593608875108249}}}