{"faster-rcnn": {"true objects": [{"xmin": 240.0970916748047, "xmax": 640.0, "ymin": 57.44827651977539, "ymax": 427.0000305175781, "confidence": 0.9956033229827881, "class": 18, "name": "dog"}], "cheng2020-anchor": {"1": [{"xmin": 248.88665771484375, "xmax": 607.1196899414062, "ymin": 58.76176452636719, "ymax": 419.4420471191406, "confidence": 0.996161699295044, "class": 1, "name": "person"}, {"xmin": 240.46583557128906, "xmax": 499.6521301269531, "ymin": 69.6839599609375, "ymax": 297.3388671875, "confidence": 0.3195253908634186, "class": 1, "name": "person"}], "2": [{"xmin": 255.14259338378906, "xmax": 617.6076049804688, "ymin": 64.59357452392578, "ymax": 422.296142578125, "confidence": 0.9955095052719116, "class": 1, "name": "person"}], "3": [{"xmin": 239.40719604492188, "xmax": 628.1666870117188, "ymin": 59.09168243408203, "ymax": 422.7312316894531, "confidence": 0.9925372004508972, "class": 1, "name": "person"}], "curves": [[0.042, 0.056, 0.077], [0.0, 0.0, 0.0]], "integrate": 0.0}}}