{"faster-rcnn": {"true objects": [{"xmin": 54.30345153808594, "xmax": 566.5060424804688, "ymin": 16.92909049987793, "ymax": 456.2221984863281, "confidence": 0.9831090569496155, "class": 59, "name": "pizza"}], "cheng2020-anchor": {"1": [{"xmin": 44.54026412963867, "xmax": 570.215087890625, "ymin": 27.75415802001953, "ymax": 449.7816162109375, "confidence": 0.9621918797492981, "class": 59, "name": "pizza"}], "2": [{"xmin": 44.76366424560547, "xmax": 572.7179565429688, "ymin": 36.21809768676758, "ymax": 449.4862365722656, "confidence": 0.9791343212127686, "class": 59, "name": "pizza"}, {"xmin": 76.97590637207031, "xmax": 149.07830810546875, "ymin": 313.5907287597656, "ymax": 396.6011657714844, "confidence": 0.7248388528823853, "class": 60, "name": "donut"}], "3": [{"xmin": 57.80473327636719, "xmax": 548.9501342773438, "ymin": 28.662525177001953, "ymax": 455.88671875, "confidence": 0.9853683114051819, "class": 59, "name": "pizza"}, {"xmin": 77.56869506835938, "xmax": 153.24005126953125, "ymin": 314.4010314941406, "ymax": 398.44989013671875, "confidence": 0.3340156078338623, "class": 60, "name": "donut"}], "curves": [[0.18, 0.298, 0.438], [0.9401357530909233, 0.9155884564524075, 0.9309524126692332]], "integrate": 0.9253705007812844}}}