{"faster-rcnn": {"true objects": [{"xmin": 292.134521484375, "xmax": 467.69049072265625, "ymin": 393.65179443359375, "ymax": 633.7908935546875, "confidence": 0.9647787809371948, "class": 70, "name": "toilet"}], "cheng2020-anchor": {"1": [{"xmin": 297.18646240234375, "xmax": 474.60382080078125, "ymin": 384.2458801269531, "ymax": 631.021240234375, "confidence": 0.8060925602912903, "class": 70, "name": "toilet"}], "2": [{"xmin": 299.00958251953125, "xmax": 475.31884765625, "ymin": 385.1973876953125, "ymax": 632.3988647460938, "confidence": 0.9239380359649658, "class": 70, "name": "toilet"}], "3": [{"xmin": 297.8929748535156, "xmax": 470.7096862792969, "ymin": 392.4195556640625, "ymax": 635.9920043945312, "confidence": 0.9144402742385864, "class": 70, "name": "toilet"}], "curves": [[0.098, 0.133, 0.179], [0.8872129424899845, 0.8841943284238294, 0.9346650783469257]], "integrate": 0.8991776987249273}}}