{"faster-rcnn": {"true objects": [{"xmin": 246.1893768310547, "xmax": 407.93634033203125, "ymin": 140.81307983398438, "ymax": 277.5135803222656, "confidence": 0.9974238872528076, "class": 5, "name": "airplane"}], "cheng2020-anchor": {"1": [{"xmin": 244.32598876953125, "xmax": 404.2625427246094, "ymin": 137.550048828125, "ymax": 277.8509216308594, "confidence": 0.991944432258606, "class": 5, "name": "airplane"}], "2": [{"xmin": 245.20350646972656, "xmax": 404.7250671386719, "ymin": 138.19595336914062, "ymax": 276.9859924316406, "confidence": 0.9931721687316895, "class": 5, "name": "airplane"}], "3": [{"xmin": 246.35269165039062, "xmax": 404.8421936035156, "ymin": 138.40391540527344, "ymax": 275.2701721191406, "confidence": 0.9949146509170532, "class": 5, "name": "airplane"}], "curves": [[0.022, 0.03, 0.044], [0.9432630294579049, 0.9480052608505042, 0.9397909223236734]], "integrate": 0.9445293837933126}}}