{"faster-rcnn": {"true objects": [{"xmin": 382.2091064453125, "xmax": 580.075439453125, "ymin": 321.97332763671875, "ymax": 396.3069152832031, "confidence": 0.9962045550346375, "class": 5, "name": "airplane"}, {"xmin": 57.71865463256836, "xmax": 269.6652526855469, "ymin": 365.5499267578125, "ymax": 477.0298156738281, "confidence": 0.5603559613227844, "class": 64, "name": "potted plant"}], "cheng2020-anchor": {"1": [{"xmin": 376.63446044921875, "xmax": 610.6139526367188, "ymin": 323.8345642089844, "ymax": 401.9129943847656, "confidence": 0.9936621189117432, "class": 5, "name": "airplane"}], "2": [{"xmin": 377.60955810546875, "xmax": 622.5714721679688, "ymin": 324.7252197265625, "ymax": 401.7820129394531, "confidence": 0.99527907371521, "class": 5, "name": "airplane"}, {"xmin": 3.761817693710327, "xmax": 274.6025695800781, "ymin": 365.670654296875, "ymax": 480.0000305175781, "confidence": 0.48257771134376526, "class": 64, "name": "potted plant"}], "3": [{"xmin": 375.5491027832031, "xmax": 608.7291259765625, "ymin": 321.6832275390625, "ymax": 399.59063720703125, "confidence": 0.9973172545433044, "class": 5, "name": "airplane"}, {"xmin": 77.32372283935547, "xmax": 230.5459442138672, "ymin": 365.3453369140625, "ymax": 480.0000305175781, "confidence": 0.3874295651912689, "class": 64, "name": "potted plant"}], "curves": [[0.152, 0.215, 0.27], [0.38223938223938225, 0.7420716794416167, 0.75704568990838]], "integrate": 0.6495044584752235}}}