{"faster-rcnn": {"true objects": [{"xmin": 120.52073669433594, "xmax": 369.8316650390625, "ymin": 16.629596710205078, "ymax": 328.2978515625, "confidence": 0.9979819059371948, "class": 25, "name": "giraffe"}, {"xmin": 113.39073944091797, "xmax": 168.84341430664062, "ymin": 230.48928833007812, "ymax": 312.2364501953125, "confidence": 0.32218730449676514, "class": 25, "name": "giraffe"}], "cheng2020-anchor": {"1": [{"xmin": 129.56423950195312, "xmax": 368.9375, "ymin": 18.737443923950195, "ymax": 336.56829833984375, "confidence": 0.9982094764709473, "class": 25, "name": "giraffe"}, {"xmin": 111.32415771484375, "xmax": 162.8318634033203, "ymin": 227.40115356445312, "ymax": 305.982421875, "confidence": 0.4658268988132477, "class": 18, "name": "dog"}], "2": [{"xmin": 120.73435974121094, "xmax": 366.4980163574219, "ymin": 13.471027374267578, "ymax": 334.4029846191406, "confidence": 0.9981714487075806, "class": 25, "name": "giraffe"}], "3": [{"xmin": 121.72350311279297, "xmax": 374.44140625, "ymin": 20.353668212890625, "ymax": 333.9494934082031, "confidence": 0.9990960359573364, "class": 25, "name": "giraffe"}], "curves": [[0.21, 0.469, 0.718], [0.4639464756879005, 0.47688042158494914, 0.4763104398688001]], "integrate": 0.47344359340123193}}}