{"faster-rcnn": {"true objects": [{"xmin": 182.70762634277344, "xmax": 453.8428039550781, "ymin": 148.39608764648438, "ymax": 278.0009460449219, "confidence": 0.997986912727356, "class": 17, "name": "cat"}], "cheng2020-anchor": {"1": [{"xmin": 197.65745544433594, "xmax": 461.29998779296875, "ymin": 155.2200927734375, "ymax": 275.700439453125, "confidence": 0.9200295805931091, "class": 17, "name": "cat"}, {"xmin": 195.14662170410156, "xmax": 465.46490478515625, "ymin": 154.06719970703125, "ymax": 271.11029052734375, "confidence": 0.4593709111213684, "class": 1, "name": "person"}, {"xmin": 168.5603790283203, "xmax": 415.6006774902344, "ymin": 288.6455078125, "ymax": 371.2046813964844, "confidence": 0.2727683186531067, "class": 79, "name": "oven"}], "2": [{"xmin": 189.79330444335938, "xmax": 458.4400939941406, "ymin": 152.2018280029297, "ymax": 280.1664123535156, "confidence": 0.9541628956794739, "class": 17, "name": "cat"}], "3": [{"xmin": 202.0955810546875, "xmax": 457.9681091308594, "ymin": 146.47898864746094, "ymax": 278.6653747558594, "confidence": 0.9980161190032959, "class": 17, "name": "cat"}], "curves": [[0.066, 0.096, 0.139], [0.8586079773817114, 0.91712158808933, 0.8970918451174763]], "integrate": 0.899199072548109}}}