{"faster-rcnn": {"true objects": [{"xmin": 186.90403747558594, "xmax": 389.3926696777344, "ymin": 72.3221435546875, "ymax": 423.8165588378906, "confidence": 0.9995632767677307, "class": 24, "name": "zebra"}], "cheng2020-anchor": {"1": [{"xmin": 199.4434051513672, "xmax": 388.624755859375, "ymin": 71.45909118652344, "ymax": 432.67132568359375, "confidence": 0.9986924529075623, "class": 24, "name": "zebra"}], "2": [{"xmin": 189.65049743652344, "xmax": 389.2732849121094, "ymin": 69.47007751464844, "ymax": 421.46185302734375, "confidence": 0.9993756413459778, "class": 24, "name": "zebra"}], "3": [{"xmin": 190.304931640625, "xmax": 391.16021728515625, "ymin": 72.9183120727539, "ymax": 421.22509765625, "confidence": 0.9992294311523438, "class": 24, "name": "zebra"}], "curves": [[0.213, 0.319, 0.45], [0.9161141855240809, 0.9686196845232284, 0.9645125348189415]], "integrate": 0.955742850124133}}}