{"faster-rcnn": {"true objects": [{"xmin": 260.8407287597656, "xmax": 338.171142578125, "ymin": 490.8716125488281, "ymax": 575.134765625, "confidence": 0.9988440275192261, "class": 85, "name": "clock"}], "cheng2020-anchor": {"1": [{"xmin": 260.6344299316406, "xmax": 338.3890380859375, "ymin": 491.214599609375, "ymax": 573.8538818359375, "confidence": 0.9951382875442505, "class": 85, "name": "clock"}, {"xmin": 150.6580352783203, "xmax": 247.44578552246094, "ymin": 127.35631561279297, "ymax": 562.1307983398438, "confidence": 0.2888841927051544, "class": 32, "name": "tie"}], "2": [{"xmin": 261.8718566894531, "xmax": 337.8526916503906, "ymin": 490.95733642578125, "ymax": 573.408935546875, "confidence": 0.9958152174949646, "class": 85, "name": "clock"}], "3": [{"xmin": 261.37677001953125, "xmax": 337.6945495605469, "ymin": 491.140869140625, "ymax": 575.1290283203125, "confidence": 0.9976576566696167, "class": 85, "name": "clock"}], "curves": [[0.251, 0.324, 0.392], [0.9880952380952381, 0.9635126777983921, 1.0]], "integrate": 0.9786746097536373}}}