{"faster-rcnn": {"true objects": [{"xmin": 0.0, "xmax": 639.9999389648438, "ymin": 0.0, "ymax": 416.30224609375, "confidence": 0.9900035262107849, "class": 59, "name": "pizza"}, {"xmin": 2.270702362060547, "xmax": 446.8255310058594, "ymin": 129.51412963867188, "ymax": 411.8887939453125, "confidence": 0.44976040720939636, "class": 59, "name": "pizza"}], "cheng2020-anchor": {"1": [{"xmin": 66.49378204345703, "xmax": 639.7291259765625, "ymin": 3.0779898166656494, "ymax": 425.0, "confidence": 0.7591879963874817, "class": 59, "name": "pizza"}, {"xmin": 17.8481388092041, "xmax": 422.34637451171875, "ymin": 163.91116333007812, "ymax": 418.705078125, "confidence": 0.3054005205631256, "class": 59, "name": "pizza"}], "2": [{"xmin": 0.0, "xmax": 638.7774658203125, "ymin": 0.6161304116249084, "ymax": 424.9793701171875, "confidence": 0.8348274230957031, "class": 59, "name": "pizza"}], "3": [{"xmin": 0.0, "xmax": 639.9999389648438, "ymin": 45.26923751831055, "ymax": 420.8257141113281, "confidence": 0.9076891541481018, "class": 59, "name": "pizza"}, {"xmin": 14.136795997619629, "xmax": 405.0174865722656, "ymin": 136.96630859375, "ymax": 414.0291748046875, "confidence": 0.2793358862400055, "class": 59, "name": "pizza"}], "curves": [[0.086, 0.123, 0.176], [0.8271345627595679, 0.4874885566066524, 0.8663849682260396]], "integrate": 0.6688686235149046}}}