{"faster-rcnn": {"true objects": [{"xmin": 100.98384094238281, "xmax": 535.2841796875, "ymin": 57.8240966796875, "ymax": 338.5959167480469, "confidence": 0.9993628859519958, "class": 24, "name": "zebra"}], "cheng2020-anchor": {"1": [{"xmin": 98.0523910522461, "xmax": 525.6676025390625, "ymin": 35.65704345703125, "ymax": 336.1675109863281, "confidence": 0.9995366334915161, "class": 24, "name": "zebra"}, {"xmin": 191.50750732421875, "xmax": 277.5199279785156, "ymin": 265.5340881347656, "ymax": 325.074951171875, "confidence": 0.374263733625412, "class": 24, "name": "zebra"}, {"xmin": 296.9474182128906, "xmax": 467.2857971191406, "ymin": 6.445559024810791, "ymax": 108.92809295654297, "confidence": 0.3277019262313843, "class": 4, "name": "motorcycle"}], "2": [{"xmin": 96.17211151123047, "xmax": 538.9974975585938, "ymin": 55.51590347290039, "ymax": 341.98370361328125, "confidence": 0.9995869994163513, "class": 24, "name": "zebra"}], "3": [{"xmin": 94.73637390136719, "xmax": 547.6470947265625, "ymin": 56.901798248291016, "ymax": 333.66961669921875, "confidence": 0.999722421169281, "class": 24, "name": "zebra"}], "curves": [[0.304, 0.474, 0.658], [0.8936945932044417, 0.9625566307281883, 0.9383710272539972]], "integrate": 0.939736436634561}}}