{"faster-rcnn": {"true objects": [{"xmin": 3.4207913875579834, "xmax": 583.6212768554688, "ymin": 66.49381256103516, "ymax": 640.0, "confidence": 0.9939188957214355, "class": 23, "name": "bear"}], "cheng2020-anchor": {"1": [{"xmin": 3.35355544090271, "xmax": 558.9790649414062, "ymin": 48.156925201416016, "ymax": 625.859619140625, "confidence": 0.7249267101287842, "class": 18, "name": "dog"}, {"xmin": 0.0, "xmax": 562.8333129882812, "ymin": 72.84357452392578, "ymax": 627.9183349609375, "confidence": 0.25589677691459656, "class": 23, "name": "bear"}], "2": [{"xmin": 4.765933513641357, "xmax": 569.4185791015625, "ymin": 54.663246154785156, "ymax": 620.1417236328125, "confidence": 0.6994572281837463, "class": 18, "name": "dog"}, {"xmin": 0.0, "xmax": 586.0, "ymin": 96.29597473144531, "ymax": 626.7189331054688, "confidence": 0.5857731103897095, "class": 23, "name": "bear"}], "3": [{"xmin": 0.0, "xmax": 585.8339233398438, "ymin": 42.199581146240234, "ymax": 637.5064086914062, "confidence": 0.889843225479126, "class": 23, "name": "bear"}], "curves": [[0.234, 0.387, 0.562], [0.9273210625404659, 0.9177805080485142, 0.9483873545308745]], "integrate": 0.9281706040419313}}}