{"faster-rcnn": {"true objects": [{"xmin": 168.55624389648438, "xmax": 542.5266723632812, "ymin": 36.82875442504883, "ymax": 408.4662170410156, "confidence": 0.9998224377632141, "class": 13, "name": "stop sign"}, {"xmin": 118.05855560302734, "xmax": 129.78759765625, "ymin": 390.3316345214844, "ymax": 400.9724426269531, "confidence": 0.3099726438522339, "class": 15, "name": "bench"}], "cheng2020-anchor": {"1": [{"xmin": 172.02259826660156, "xmax": 547.9908447265625, "ymin": 34.75700759887695, "ymax": 406.7044372558594, "confidence": 0.9994505047798157, "class": 13, "name": "stop sign"}, {"xmin": 0.0, "xmax": 180.15086364746094, "ymin": 262.8556823730469, "ymax": 404.6851806640625, "confidence": 0.2598625421524048, "class": 64, "name": "potted plant"}], "2": [{"xmin": 166.74017333984375, "xmax": 543.1195068359375, "ymin": 36.75808334350586, "ymax": 411.93853759765625, "confidence": 0.9993839263916016, "class": 13, "name": "stop sign"}], "3": [{"xmin": 167.9061737060547, "xmax": 541.444091796875, "ymin": 34.69428253173828, "ymax": 408.1834411621094, "confidence": 0.9995200634002686, "class": 13, "name": "stop sign"}], "curves": [[0.097, 0.133, 0.181], [0.4855471292339908, 0.4920354609929078, 0.4933545910160076]], "integrate": 0.4910219984797398}}}