{"faster-rcnn": {"true objects": [{"xmin": 290.64801025390625, "xmax": 445.0357971191406, "ymin": 155.8074493408203, "ymax": 253.43618774414062, "confidence": 0.9945376515388489, "class": 16, "name": "bird"}], "cheng2020-anchor": {"1": [{"xmin": 287.78228759765625, "xmax": 446.5657653808594, "ymin": 158.1651611328125, "ymax": 252.90731811523438, "confidence": 0.9937771558761597, "class": 16, "name": "bird"}], "2": [{"xmin": 287.7019348144531, "xmax": 444.38018798828125, "ymin": 155.8546905517578, "ymax": 250.9972381591797, "confidence": 0.993425726890564, "class": 16, "name": "bird"}, {"xmin": 145.65457153320312, "xmax": 159.11244201660156, "ymin": 153.61236572265625, "ymax": 160.18128967285156, "confidence": 0.6203644871711731, "class": 16, "name": "bird"}, {"xmin": 407.0019226074219, "xmax": 470.29388427734375, "ymin": 31.49151611328125, "ymax": 56.49944305419922, "confidence": 0.3243791162967682, "class": 20, "name": "sheep"}], "3": [{"xmin": 287.7414245605469, "xmax": 445.7099609375, "ymin": 156.0314178466797, "ymax": 252.2041473388672, "confidence": 0.9874551296234131, "class": 16, "name": "bird"}], "curves": [[0.133, 0.196, 0.281], [0.9491987283462012, 0.9548052289299087, 0.9648870904581647]], "integrate": 0.9565070826229093}}}