{"faster-rcnn": {"true objects": [{"xmin": 129.95729064941406, "xmax": 374.0575256347656, "ymin": 96.49271392822266, "ymax": 548.00439453125, "confidence": 0.9993378520011902, "class": 11, "name": "fire hydrant"}], "cheng2020-anchor": {"1": [{"xmin": 144.33135986328125, "xmax": 376.5700988769531, "ymin": 93.46141815185547, "ymax": 553.1289672851562, "confidence": 0.9961701035499573, "class": 11, "name": "fire hydrant"}, {"xmin": 0.0, "xmax": 469.10125732421875, "ymin": 440.953857421875, "ymax": 634.7459716796875, "confidence": 0.522575855255127, "class": 65, "name": "bed"}], "2": [{"xmin": 135.36700439453125, "xmax": 370.18597412109375, "ymin": 100.25048065185547, "ymax": 546.796875, "confidence": 0.998748779296875, "class": 11, "name": "fire hydrant"}], "3": [{"xmin": 125.99195861816406, "xmax": 368.1470947265625, "ymin": 97.27854919433594, "ymax": 549.5991821289062, "confidence": 0.999043881893158, "class": 11, "name": "fire hydrant"}, {"xmin": 47.94853210449219, "xmax": 473.0, "ymin": 0.0, "ymax": 227.80276489257812, "confidence": 0.3825032114982605, "class": 7, "name": "train"}], "curves": [[0.338, 0.501, 0.681], [0.9158825809634563, 0.9524608298273611, 0.9534714326321774]], "integrate": 0.9440346693901169}}}