{"faster-rcnn": {"true objects": [{"xmin": 106.76870727539062, "xmax": 160.44955444335938, "ymin": 40.77915573120117, "ymax": 153.0843505859375, "confidence": 0.999460756778717, "class": 11, "name": "fire hydrant"}], "cheng2020-anchor": {"1": [{"xmin": 106.45609283447266, "xmax": 160.6971893310547, "ymin": 40.90495300292969, "ymax": 149.08177185058594, "confidence": 0.9972479939460754, "class": 11, "name": "fire hydrant"}], "2": [{"xmin": 105.90650177001953, "xmax": 161.15087890625, "ymin": 42.09439468383789, "ymax": 153.12432861328125, "confidence": 0.9984720349311829, "class": 11, "name": "fire hydrant"}, {"xmin": 26.91806411743164, "xmax": 165.46255493164062, "ymin": 418.43048095703125, "ymax": 445.9552307128906, "confidence": 0.25853341817855835, "class": 90, "name": "toothbrush"}], "3": [{"xmin": 105.983642578125, "xmax": 160.20150756835938, "ymin": 42.201961517333984, "ymax": 147.4964599609375, "confidence": 0.9987128973007202, "class": 11, "name": "fire hydrant"}, {"xmin": 40.97645568847656, "xmax": 106.11345672607422, "ymin": 119.90726470947266, "ymax": 166.83676147460938, "confidence": 0.36876702308654785, "class": 49, "name": "knife"}], "curves": [[0.135, 0.201, 0.279], [0.9304291287386216, 0.955342643715492, 0.9212050984936269]], "integrate": 0.9403877113690375}}}