{"faster-rcnn": {"true objects": [{"xmin": 87.5300064086914, "xmax": 344.10498046875, "ymin": 79.05134582519531, "ymax": 328.71441650390625, "confidence": 0.9997473359107971, "class": 22, "name": "elephant"}], "cheng2020-anchor": {"1": [{"xmin": 88.79393005371094, "xmax": 338.24359130859375, "ymin": 74.66256713867188, "ymax": 321.9375915527344, "confidence": 0.9883700609207153, "class": 22, "name": "elephant"}], "2": [{"xmin": 86.18614196777344, "xmax": 342.42010498046875, "ymin": 77.70626831054688, "ymax": 324.9290771484375, "confidence": 0.996557354927063, "class": 22, "name": "elephant"}], "3": [{"xmin": 85.59905242919922, "xmax": 338.2110900878906, "ymin": 77.16297149658203, "ymax": 319.9218444824219, "confidence": 0.9990721940994263, "class": 22, "name": "elephant"}], "curves": [[0.151, 0.239, 0.357], [0.9309342113360822, 0.9650336689936369, 0.9271227649032099]], "integrate": 0.9468923123030175}}}