{"faster-rcnn": {"true objects": [{"xmin": 100.36238861083984, "xmax": 220.51174926757812, "ymin": 309.6387939453125, "ymax": 344.4287414550781, "confidence": 0.9958809614181519, "class": 15, "name": "bench"}, {"xmin": 0.38338616490364075, "xmax": 60.50465774536133, "ymin": 320.3612060546875, "ymax": 349.861328125, "confidence": 0.9773373007774353, "class": 15, "name": "bench"}, {"xmin": 83.50628662109375, "xmax": 94.17303466796875, "ymin": 312.2098693847656, "ymax": 319.31353759765625, "confidence": 0.7121471762657166, "class": 16, "name": "bird"}], "cheng2020-anchor": {"1": [{"xmin": 93.44990539550781, "xmax": 219.83624267578125, "ymin": 308.5506896972656, "ymax": 346.60089111328125, "confidence": 0.9748568534851074, "class": 15, "name": "bench"}], "2": [{"xmin": 94.6342544555664, "xmax": 218.6658477783203, "ymin": 309.5167541503906, "ymax": 344.7511901855469, "confidence": 0.9633134603500366, "class": 15, "name": "bench"}], "3": [{"xmin": 96.94895935058594, "xmax": 218.50010681152344, "ymin": 309.3705139160156, "ymax": 345.5285339355469, "confidence": 0.9898597598075867, "class": 15, "name": "bench"}], "curves": [[0.322, 0.453, 0.604], [0.27983539094650206, 0.3059588626739262, 0.2943401716863087]], "integrate": 0.29678049895863756}}}