{"faster-rcnn": {"true objects": [{"xmin": 300.8138732910156, "xmax": 320.93707275390625, "ymin": 198.8504180908203, "ymax": 247.1913299560547, "confidence": 0.9963793158531189, "class": 10, "name": "traffic light"}], "cheng2020-anchor": {"1": [{"xmin": 300.6981201171875, "xmax": 320.86871337890625, "ymin": 198.57904052734375, "ymax": 247.31300354003906, "confidence": 0.9966689944267273, "class": 10, "name": "traffic light"}], "2": [{"xmin": 300.24774169921875, "xmax": 320.97772216796875, "ymin": 198.21829223632812, "ymax": 247.5281524658203, "confidence": 0.9957665205001831, "class": 10, "name": "traffic light"}], "3": [{"xmin": 300.2938537597656, "xmax": 321.1105041503906, "ymin": 198.13690185546875, "ymax": 246.90443420410156, "confidence": 0.9961646795272827, "class": 10, "name": "traffic light"}], "curves": [[0.34, 0.466, 0.602], [1.0, 0.9142857142857143, 0.9329446064139941]], "integrate": 0.9397391672045046}}}