{"faster-rcnn": {"true objects": [{"xmin": 0.0, "xmax": 633.9148559570312, "ymin": 12.166430473327637, "ymax": 609.2994384765625, "confidence": 0.9988551139831543, "class": 5, "name": "airplane"}], "cheng2020-anchor": {"1": [{"xmin": 0.0, "xmax": 630.09033203125, "ymin": 0.980273425579071, "ymax": 609.9542846679688, "confidence": 0.9870979189872742, "class": 5, "name": "airplane"}, {"xmin": 99.68208312988281, "xmax": 631.0466918945312, "ymin": 0.0, "ymax": 606.2193603515625, "confidence": 0.37486889958381653, "class": 38, "name": "kite"}], "2": [{"xmin": 0.0, "xmax": 637.8632202148438, "ymin": 0.8261474967002869, "ymax": 620.2350463867188, "confidence": 0.9962846040725708, "class": 5, "name": "airplane"}], "3": [{"xmin": 0.0, "xmax": 619.5243530273438, "ymin": 2.693432569503784, "ymax": 612.6641845703125, "confidence": 0.9954652190208435, "class": 5, "name": "airplane"}], "curves": [[0.067, 0.095, 0.128], [0.9742318511726217, 0.9584120408587012, 0.9575277189968905]], "integrate": 0.9618036151812424}}}