{"faster-rcnn": {"true objects": [{"xmin": 234.07652282714844, "xmax": 410.800537109375, "ymin": 109.65676879882812, "ymax": 286.00653076171875, "confidence": 0.9999440908432007, "class": 1, "name": "person"}, {"xmin": 237.90794372558594, "xmax": 264.3966369628906, "ymin": 116.09129333496094, "ymax": 143.27273559570312, "confidence": 0.9977303147315979, "class": 40, "name": "baseball glove"}, {"xmin": 397.0166320800781, "xmax": 405.61224365234375, "ymin": 209.80413818359375, "ymax": 218.08876037597656, "confidence": 0.9799418449401855, "class": 37, "name": "sports ball"}], "cheng2020-anchor": {"1": [{"xmin": 228.41140747070312, "xmax": 417.5117492675781, "ymin": 107.65583801269531, "ymax": 296.522216796875, "confidence": 0.9998053908348083, "class": 1, "name": "person"}], "2": [{"xmin": 231.14013671875, "xmax": 421.75860595703125, "ymin": 109.73855590820312, "ymax": 298.1247253417969, "confidence": 0.9997983574867249, "class": 1, "name": "person"}, {"xmin": 237.5758056640625, "xmax": 263.0732421875, "ymin": 116.6214370727539, "ymax": 143.08998107910156, "confidence": 0.26043495535850525, "class": 40, "name": "baseball glove"}], "3": [{"xmin": 233.34982299804688, "xmax": 415.5792541503906, "ymin": 108.36186981201172, "ymax": 288.1358337402344, "confidence": 0.9998705387115479, "class": 1, "name": "person"}], "curves": [[0.043, 0.059, 0.088], [0.28916736285157335, 0.5978254441735188, 0.31523982999392836]], "integrate": 0.45189753181397163}}}