{"faster-rcnn": {"true objects": [{"xmin": 112.69046020507812, "xmax": 267.76214599609375, "ymin": 251.13153076171875, "ymax": 326.792724609375, "confidence": 0.9994655251502991, "class": 23, "name": "bear"}], "cheng2020-anchor": {"1": [{"xmin": 109.82576751708984, "xmax": 267.92437744140625, "ymin": 252.8104248046875, "ymax": 328.5141296386719, "confidence": 0.9956348538398743, "class": 23, "name": "bear"}, {"xmin": 431.1549377441406, "xmax": 441.74847412109375, "ymin": 431.0113525390625, "ymax": 435.9334716796875, "confidence": 0.5481905937194824, "class": 16, "name": "bird"}], "2": [{"xmin": 110.98133850097656, "xmax": 269.36993408203125, "ymin": 253.11572265625, "ymax": 331.01971435546875, "confidence": 0.9951590895652771, "class": 23, "name": "bear"}], "3": [{"xmin": 113.5481185913086, "xmax": 267.9024658203125, "ymin": 251.9340057373047, "ymax": 330.57177734375, "confidence": 0.9953227639198303, "class": 23, "name": "bear"}], "curves": [[0.31, 0.469, 0.644], [0.9311576554635492, 0.9078676586987494, 0.9317521781219749]], "integrate": 0.9196684077775933}}}