{"faster-rcnn": {"true objects": [{"xmin": 78.80789947509766, "xmax": 337.1162109375, "ymin": 191.72813415527344, "ymax": 596.2456665039062, "confidence": 0.9993624091148376, "class": 11, "name": "fire hydrant"}], "cheng2020-anchor": {"1": [{"xmin": 69.10465240478516, "xmax": 349.6424255371094, "ymin": 197.13894653320312, "ymax": 584.396484375, "confidence": 0.9909334182739258, "class": 11, "name": "fire hydrant"}], "2": [{"xmin": 76.3079605102539, "xmax": 348.7564392089844, "ymin": 192.67796325683594, "ymax": 594.0586547851562, "confidence": 0.9966134428977966, "class": 11, "name": "fire hydrant"}], "3": [{"xmin": 75.91516876220703, "xmax": 347.1261901855469, "ymin": 199.65792846679688, "ymax": 584.34912109375, "confidence": 0.9995230436325073, "class": 11, "name": "fire hydrant"}], "curves": [[0.363, 0.543, 0.719], [0.8825541619156214, 0.9384200930637568, 0.9070533948582729]], "integrate": 0.9165431176552882}}}