{"faster-rcnn": {"true objects": [{"xmin": 286.9872741699219, "xmax": 376.47161865234375, "ymin": 130.33285522460938, "ymax": 330.50787353515625, "confidence": 0.9977549910545349, "class": 11, "name": "fire hydrant"}], "cheng2020-anchor": {"1": [{"xmin": 289.27581787109375, "xmax": 376.1976013183594, "ymin": 129.26454162597656, "ymax": 326.4345703125, "confidence": 0.859376847743988, "class": 11, "name": "fire hydrant"}], "2": [{"xmin": 289.3074951171875, "xmax": 376.4914245605469, "ymin": 133.3108673095703, "ymax": 329.212646484375, "confidence": 0.9387961030006409, "class": 11, "name": "fire hydrant"}, {"xmin": 396.4374084472656, "xmax": 418.55767822265625, "ymin": 340.9386291503906, "ymax": 347.87640380859375, "confidence": 0.32834455370903015, "class": 28, "name": "umbrella"}], "3": [{"xmin": 287.9034118652344, "xmax": 376.17535400390625, "ymin": 132.26539611816406, "ymax": 327.71148681640625, "confidence": 0.9836289286613464, "class": 11, "name": "fire hydrant"}], "curves": [[0.177, 0.283, 0.402], [0.9485981308411215, 0.9532114707362066, 0.9641679244228297]], "integrate": 0.9550221462024936}}}