{"faster-rcnn": {"true objects": [{"xmin": 9.488054275512695, "xmax": 315.1052551269531, "ymin": 75.50149536132812, "ymax": 491.4121398925781, "confidence": 0.30813324451446533, "class": 82, "name": "refrigerator"}], "cheng2020-anchor": {"1": [{"xmin": 19.029905319213867, "xmax": 375.0, "ymin": 89.92066192626953, "ymax": 495.9244689941406, "confidence": 0.3927234411239624, "class": 1, "name": "person"}, {"xmin": 7.110977649688721, "xmax": 339.00115966796875, "ymin": 53.576759338378906, "ymax": 500.0, "confidence": 0.36815473437309265, "class": 65, "name": "bed"}], "2": [{"xmin": 2.71043062210083, "xmax": 367.05322265625, "ymin": 45.466156005859375, "ymax": 500.0, "confidence": 0.2516934275627136, "class": 65, "name": "bed"}], "3": [{"xmin": 12.164339065551758, "xmax": 358.5052185058594, "ymin": 115.15290069580078, "ymax": 497.30633544921875, "confidence": 0.3743910491466522, "class": 1, "name": "person"}], "curves": [[0.188, 0.326, 0.481], [0.0, 0.0, 0.0]], "integrate": 0.0}}}