{"faster-rcnn": {"true objects": [{"xmin": 156.99819946289062, "xmax": 287.4637756347656, "ymin": 209.38442993164062, "ymax": 326.2297668457031, "confidence": 0.9938733577728271, "class": 5, "name": "airplane"}], "cheng2020-anchor": {"1": [{"xmin": 154.33897399902344, "xmax": 287.0913391113281, "ymin": 209.85800170898438, "ymax": 328.11126708984375, "confidence": 0.6663249731063843, "class": 38, "name": "kite"}, {"xmin": 156.81898498535156, "xmax": 291.3109436035156, "ymin": 209.72560119628906, "ymax": 323.8515625, "confidence": 0.6151959300041199, "class": 5, "name": "airplane"}], "2": [{"xmin": 156.6993408203125, "xmax": 298.46282958984375, "ymin": 208.3712158203125, "ymax": 325.0705261230469, "confidence": 0.9015827178955078, "class": 5, "name": "airplane"}, {"xmin": 164.8018341064453, "xmax": 290.06256103515625, "ymin": 210.25607299804688, "ymax": 327.5798034667969, "confidence": 0.3410172462463379, "class": 38, "name": "kite"}], "3": [{"xmin": 157.1290740966797, "xmax": 287.9119567871094, "ymin": 211.85194396972656, "ymax": 324.9654541015625, "confidence": 0.9806602597236633, "class": 5, "name": "airplane"}], "curves": [[0.031, 0.041, 0.054], [0.9459977020298737, 0.9069585613760751, 0.9586895516543757]], "integrate": 0.9300649587707684}}}