{"faster-rcnn": {"true objects": [{"xmin": 29.69211769104004, "xmax": 604.2979125976562, "ymin": 18.92750358581543, "ymax": 459.8023986816406, "confidence": 0.9908122420310974, "class": 6, "name": "bus"}, {"xmin": 0.3504253923892975, "xmax": 32.69369888305664, "ymin": 241.7218780517578, "ymax": 265.5367126464844, "confidence": 0.6898915767669678, "class": 3, "name": "car"}], "cheng2020-anchor": {"1": [{"xmin": 16.113977432250977, "xmax": 623.4417724609375, "ymin": 45.75276565551758, "ymax": 464.2519836425781, "confidence": 0.9673645496368408, "class": 6, "name": "bus"}], "2": [{"xmin": 19.23637580871582, "xmax": 627.4429931640625, "ymin": 18.845563888549805, "ymax": 456.7225646972656, "confidence": 0.979354739189148, "class": 6, "name": "bus"}], "3": [{"xmin": 11.433751106262207, "xmax": 623.3331909179688, "ymin": 19.435291290283203, "ymax": 455.1825866699219, "confidence": 0.9901948571205139, "class": 6, "name": "bus"}], "curves": [[0.201, 0.275, 0.363], [0.44133509642528157, 0.4690067381522688, 0.4639639305603963]], "integrate": 0.46131702038720146}}}