{"faster-rcnn": {"true objects": [{"xmin": 267.1731872558594, "xmax": 570.6334838867188, "ymin": 50.314056396484375, "ymax": 287.4325866699219, "confidence": 0.997603714466095, "class": 5, "name": "airplane"}], "cheng2020-anchor": {"1": [{"xmin": 276.2211608886719, "xmax": 573.0011596679688, "ymin": 54.287384033203125, "ymax": 264.30889892578125, "confidence": 0.995862603187561, "class": 5, "name": "airplane"}, {"xmin": 506.74505615234375, "xmax": 567.2850341796875, "ymin": 103.97576141357422, "ymax": 210.03135681152344, "confidence": 0.7193310260772705, "class": 5, "name": "airplane"}], "2": [{"xmin": 267.6768798828125, "xmax": 577.181396484375, "ymin": 47.974849700927734, "ymax": 272.8824768066406, "confidence": 0.9960896968841553, "class": 5, "name": "airplane"}], "3": [{"xmin": 278.76513671875, "xmax": 572.3121948242188, "ymin": 52.90437316894531, "ymax": 283.914306640625, "confidence": 0.9943733215332031, "class": 5, "name": "airplane"}], "curves": [[0.036, 0.049, 0.06], [0.8548600761715516, 0.9130452407977947, 0.9332171170049391]], "integrate": 0.9019094803423244}}}