{"faster-rcnn": {"true objects": [{"xmin": 65.56450653076172, "xmax": 174.35301208496094, "ymin": 425.7398376464844, "ymax": 549.0443115234375, "confidence": 0.9972862005233765, "class": 85, "name": "clock"}], "cheng2020-anchor": {"1": [{"xmin": 66.12957000732422, "xmax": 175.52781677246094, "ymin": 423.7889404296875, "ymax": 548.8536987304688, "confidence": 0.9396149516105652, "class": 85, "name": "clock"}, {"xmin": 134.62237548828125, "xmax": 154.8551788330078, "ymin": 340.7682189941406, "ymax": 390.7346496582031, "confidence": 0.2994566261768341, "class": 48, "name": "fork"}, {"xmin": 66.96482849121094, "xmax": 172.04415893554688, "ymin": 301.02532958984375, "ymax": 545.6550903320312, "confidence": 0.27970293164253235, "class": 85, "name": "clock"}], "2": [{"xmin": 63.542991638183594, "xmax": 177.2498016357422, "ymin": 424.46405029296875, "ymax": 548.6675415039062, "confidence": 0.9848840236663818, "class": 85, "name": "clock"}], "3": [{"xmin": 63.195064544677734, "xmax": 176.08737182617188, "ymin": 427.7454528808594, "ymax": 543.7783203125, "confidence": 0.9901137351989746, "class": 85, "name": "clock"}], "curves": [[0.053, 0.076, 0.106], [0.9661090909090909, 0.9404601769911505, 0.9036353144835545]], "integrate": 0.9356033764711952}}}