{"faster-rcnn": {"true objects": [{"xmin": 29.775814056396484, "xmax": 423.501708984375, "ymin": 21.89617156982422, "ymax": 622.9002685546875, "confidence": 0.9819626212120056, "class": 25, "name": "giraffe"}], "cheng2020-anchor": {"1": [{"xmin": 24.757694244384766, "xmax": 424.29754638671875, "ymin": 13.778111457824707, "ymax": 639.7012939453125, "confidence": 0.9964659214019775, "class": 25, "name": "giraffe"}, {"xmin": 34.55849838256836, "xmax": 285.1943359375, "ymin": 188.26535034179688, "ymax": 618.5889892578125, "confidence": 0.3759796917438507, "class": 25, "name": "giraffe"}], "2": [{"xmin": 21.72111701965332, "xmax": 415.93792724609375, "ymin": 14.320732116699219, "ymax": 640.0, "confidence": 0.9951488375663757, "class": 25, "name": "giraffe"}, {"xmin": 18.013639450073242, "xmax": 256.64288330078125, "ymin": 219.48809814453125, "ymax": 619.7106323242188, "confidence": 0.6400424838066101, "class": 25, "name": "giraffe"}], "3": [{"xmin": 21.67279052734375, "xmax": 416.7734069824219, "ymin": 22.40450668334961, "ymax": 640.0, "confidence": 0.9965272545814514, "class": 25, "name": "giraffe"}, {"xmin": 18.999433517456055, "xmax": 258.9110107421875, "ymin": 184.83087158203125, "ymax": 623.405029296875, "confidence": 0.7532712817192078, "class": 25, "name": "giraffe"}], "curves": [[0.117, 0.207, 0.339], [0.948033021851754, 0.922585622703339, 0.9366535517101124]], "integrate": 0.9319262365597611}}}