{"faster-rcnn": {"true objects": [{"xmin": 75.6403579711914, "xmax": 409.2583923339844, "ymin": 359.39129638671875, "ymax": 511.98870849609375, "confidence": 0.9882959723472595, "class": 15, "name": "bench"}], "cheng2020-anchor": {"1": [{"xmin": 63.93689727783203, "xmax": 418.7307434082031, "ymin": 359.9154968261719, "ymax": 511.8124084472656, "confidence": 0.5420575737953186, "class": 15, "name": "bench"}], "2": [{"xmin": 58.50694274902344, "xmax": 409.53912353515625, "ymin": 361.5635986328125, "ymax": 499.3536071777344, "confidence": 0.9803353548049927, "class": 15, "name": "bench"}], "3": [{"xmin": 95.3272476196289, "xmax": 396.8787841796875, "ymin": 357.7425231933594, "ymax": 500.19964599609375, "confidence": 0.9919825196266174, "class": 15, "name": "bench"}, {"xmin": 72.79074096679688, "xmax": 188.8319091796875, "ymin": 383.2651672363281, "ymax": 518.8754272460938, "confidence": 0.5749952793121338, "class": 15, "name": "bench"}], "curves": [[0.433, 0.644, 0.864], [0.9322748788978321, 0.8540859309182813, 0.8308520809350062]], "integrate": 0.8672952360544351}}}