{"faster-rcnn": {"true objects": [{"xmin": 269.9297790527344, "xmax": 342.0704345703125, "ymin": 156.74652099609375, "ymax": 258.95404052734375, "confidence": 0.9976568222045898, "class": 5, "name": "airplane"}], "cheng2020-anchor": {"1": [{"xmin": 262.9712829589844, "xmax": 342.1950378417969, "ymin": 154.58401489257812, "ymax": 257.1619567871094, "confidence": 0.9946826100349426, "class": 5, "name": "airplane"}], "2": [{"xmin": 269.77984619140625, "xmax": 341.238037109375, "ymin": 154.77984619140625, "ymax": 254.06085205078125, "confidence": 0.9954259991645813, "class": 5, "name": "airplane"}], "3": [{"xmin": 268.16046142578125, "xmax": 341.2554931640625, "ymin": 154.3478240966797, "ymax": 254.46890258789062, "confidence": 0.9966219663619995, "class": 5, "name": "airplane"}], "curves": [[0.038, 0.049, 0.063], [0.8778346744696416, 0.919983970077478, 0.8878432383653474]], "integrate": 0.9017117201643574}}}