{"faster-rcnn": {"true objects": [{"xmin": 99.60536193847656, "xmax": 333.0536193847656, "ymin": 144.54486083984375, "ymax": 580.9171752929688, "confidence": 0.99835205078125, "class": 86, "name": "vase"}], "cheng2020-anchor": {"1": [{"xmin": 104.86505889892578, "xmax": 333.5108337402344, "ymin": 175.0880126953125, "ymax": 580.4151611328125, "confidence": 0.990038275718689, "class": 86, "name": "vase"}], "2": [{"xmin": 112.32451629638672, "xmax": 341.5175476074219, "ymin": 171.12059020996094, "ymax": 592.3070068359375, "confidence": 0.9891890287399292, "class": 86, "name": "vase"}], "3": [{"xmin": 102.88459014892578, "xmax": 336.962158203125, "ymin": 173.64027404785156, "ymax": 589.5389404296875, "confidence": 0.9943581223487854, "class": 86, "name": "vase"}], "curves": [[0.032, 0.043, 0.058], [0.9053562499387213, 0.840475660433363, 0.8887981618275385]], "integrate": 0.8681395836155086}}}