{"faster-rcnn": {"true objects": [{"xmin": 101.64728546142578, "xmax": 406.9277648925781, "ymin": 136.84539794921875, "ymax": 321.65667724609375, "confidence": 0.9982954859733582, "class": 5, "name": "airplane"}, {"xmin": 99.42901611328125, "xmax": 236.03724670410156, "ymin": 186.81610107421875, "ymax": 261.4530334472656, "confidence": 0.5889198780059814, "class": 5, "name": "airplane"}], "cheng2020-anchor": {"1": [{"xmin": 98.74118041992188, "xmax": 395.3531494140625, "ymin": 125.82624816894531, "ymax": 326.53009033203125, "confidence": 0.9965923428535461, "class": 5, "name": "airplane"}], "2": [{"xmin": 100.24224090576172, "xmax": 395.9438171386719, "ymin": 130.29690551757812, "ymax": 327.6678161621094, "confidence": 0.9987055063247681, "class": 5, "name": "airplane"}], "3": [{"xmin": 98.65284729003906, "xmax": 402.7496643066406, "ymin": 132.82659912109375, "ymax": 328.56170654296875, "confidence": 0.9990332126617432, "class": 5, "name": "airplane"}], "curves": [[0.032, 0.042, 0.055], [0.43914868105515587, 0.448444173276388, 0.4615493004442676]], "integrate": 0.4501270369931296}}}