{"faster-rcnn": {"true objects": [{"xmin": 164.4367218017578, "xmax": 282.128662109375, "ymin": 516.046875, "ymax": 574.3952026367188, "confidence": 0.8857252597808838, "class": 21, "name": "cow"}, {"xmin": 167.8702850341797, "xmax": 281.88116455078125, "ymin": 517.6472778320312, "ymax": 571.58935546875, "confidence": 0.5830405950546265, "class": 20, "name": "sheep"}], "cheng2020-anchor": {"1": [{"xmin": 164.2461700439453, "xmax": 284.8292236328125, "ymin": 517.4544677734375, "ymax": 572.5123901367188, "confidence": 0.9780532121658325, "class": 20, "name": "sheep"}], "2": [{"xmin": 165.3096160888672, "xmax": 282.0368957519531, "ymin": 519.0191650390625, "ymax": 574.070556640625, "confidence": 0.8624528646469116, "class": 20, "name": "sheep"}, {"xmin": 168.25869750976562, "xmax": 280.8188781738281, "ymin": 517.8792114257812, "ymax": 574.762939453125, "confidence": 0.6406474709510803, "class": 21, "name": "cow"}], "3": [{"xmin": 168.90780639648438, "xmax": 279.64935302734375, "ymin": 515.7742309570312, "ymax": 572.3818969726562, "confidence": 0.9384130239486694, "class": 21, "name": "cow"}, {"xmin": 168.38333129882812, "xmax": 281.8415222167969, "ymin": 518.2247924804688, "ymax": 569.1681518554688, "confidence": 0.39831042289733887, "class": 20, "name": "sheep"}], "curves": [[0.138, 0.271, 0.43], [0.4542502951593861, 0.9160855332057121, 0.9263426196506266]], "integrate": 0.8136998997888971}}}