{"faster-rcnn": {"true objects": [{"xmin": 330.97857666015625, "xmax": 640.0, "ymin": 114.9261703491211, "ymax": 640.0, "confidence": 0.9882744550704956, "class": 85, "name": "clock"}], "cheng2020-anchor": {"1": [{"xmin": 333.1025390625, "xmax": 640.0, "ymin": 116.70305633544922, "ymax": 636.5463256835938, "confidence": 0.9827621579170227, "class": 85, "name": "clock"}], "2": [{"xmin": 327.3490905761719, "xmax": 640.0, "ymin": 114.37397766113281, "ymax": 640.0, "confidence": 0.987881064414978, "class": 85, "name": "clock"}], "3": [{"xmin": 331.5757141113281, "xmax": 640.0, "ymin": 109.52558898925781, "ymax": 640.0, "confidence": 0.9895321130752563, "class": 85, "name": "clock"}], "curves": [[0.021, 0.025, 0.032], [0.9840653413468947, 0.9853436023275307, 0.9873904680487283]], "integrate": 0.985762466696887}}}