{"faster-rcnn": {"true objects": [{"xmin": 70.56842041015625, "xmax": 520.905029296875, "ymin": 102.2551040649414, "ymax": 236.9851837158203, "confidence": 0.9989864230155945, "class": 5, "name": "airplane"}], "cheng2020-anchor": {"1": [{"xmin": 78.00569152832031, "xmax": 532.81005859375, "ymin": 98.21031951904297, "ymax": 236.4794921875, "confidence": 0.9991939663887024, "class": 5, "name": "airplane"}], "2": [{"xmin": 74.46796417236328, "xmax": 519.7357788085938, "ymin": 101.95425415039062, "ymax": 232.83425903320312, "confidence": 0.9987661838531494, "class": 5, "name": "airplane"}], "3": [{"xmin": 73.72903442382812, "xmax": 517.9400024414062, "ymin": 100.8154525756836, "ymax": 233.3614044189453, "confidence": 0.9994257688522339, "class": 5, "name": "airplane"}], "curves": [[0.052, 0.072, 0.101], [0.9249587085917292, 0.9617448559670781, 0.9504853417001666]], "integrate": 0.950905581872717}}}