{"faster-rcnn": {"true objects": [{"xmin": 11.26412582397461, "xmax": 580.1803588867188, "ymin": 212.91380310058594, "ymax": 454.5831604003906, "confidence": 0.2503335773944855, "class": 7, "name": "train"}], "cheng2020-anchor": {"1": [{"xmin": 184.7559356689453, "xmax": 397.2358093261719, "ymin": 397.73907470703125, "ymax": 474.81878662109375, "confidence": 0.28885263204574585, "class": 79, "name": "oven"}], "2": [{"xmin": 1.4054529666900635, "xmax": 26.5662784576416, "ymin": 81.47280883789062, "ymax": 94.14991760253906, "confidence": 0.6279070377349854, "class": 16, "name": "bird"}, {"xmin": 173.49356079101562, "xmax": 391.5869140625, "ymin": 411.53607177734375, "ymax": 474.12109375, "confidence": 0.3736283481121063, "class": 79, "name": "oven"}], "3": [{"xmin": 184.8374786376953, "xmax": 382.8079833984375, "ymin": 425.0535888671875, "ymax": 475.5502624511719, "confidence": 0.4240857660770416, "class": 79, "name": "oven"}], "curves": [[0.146, 0.225, 0.314], [0.0, 0.0, 0.0]], "integrate": 0.0}}}