{"faster-rcnn": {"true objects": [{"xmin": 249.28407287597656, "xmax": 307.45556640625, "ymin": 418.890380859375, "ymax": 465.70623779296875, "confidence": 0.6860052347183228, "class": 8, "name": "truck"}, {"xmin": 250.64913940429688, "xmax": 309.0135803222656, "ymin": 419.5273742675781, "ymax": 466.8502502441406, "confidence": 0.26467785239219666, "class": 3, "name": "car"}], "cheng2020-anchor": {"1": [{"xmin": 62.67217254638672, "xmax": 184.5536346435547, "ymin": 490.42022705078125, "ymax": 555.6881103515625, "confidence": 0.3967213034629822, "class": 9, "name": "boat"}, {"xmin": 20.931793212890625, "xmax": 185.51039123535156, "ymin": 284.24908447265625, "ymax": 427.50848388671875, "confidence": 0.2666492462158203, "class": 33, "name": "suitcase"}], "2": [{"xmin": 42.43000793457031, "xmax": 218.89305114746094, "ymin": 479.3185119628906, "ymax": 585.4359741210938, "confidence": 0.4040141701698303, "class": 9, "name": "boat"}], "3": [], "curves": [[0.41, 0.549, 0.695], [0.0, 0.0, 0.0]], "integrate": 0.0}}}