{"faster-rcnn": {"true objects": [{"xmin": 122.40960693359375, "xmax": 346.0766296386719, "ymin": 364.2640686035156, "ymax": 634.7779541015625, "confidence": 0.99912029504776, "class": 70, "name": "toilet"}], "cheng2020-anchor": {"1": [{"xmin": 128.83604431152344, "xmax": 351.35601806640625, "ymin": 332.4175109863281, "ymax": 639.0413818359375, "confidence": 0.9417803287506104, "class": 70, "name": "toilet"}], "2": [{"xmin": 127.17383575439453, "xmax": 348.75836181640625, "ymin": 350.7518310546875, "ymax": 635.3096923828125, "confidence": 0.990925669670105, "class": 70, "name": "toilet"}], "3": [{"xmin": 124.64595031738281, "xmax": 361.4734191894531, "ymin": 348.1134338378906, "ymax": 632.510986328125, "confidence": 0.9982118606567383, "class": 70, "name": "toilet"}], "curves": [[0.024, 0.034, 0.047], [0.8394883727569913, 0.9215253947797463, 0.8676786105232431]], "integrate": 0.8884736900936138}}}