{"faster-rcnn": {"true objects": [{"xmin": 74.28327941894531, "xmax": 165.7831573486328, "ymin": 227.81170654296875, "ymax": 403.0348205566406, "confidence": 0.9987416863441467, "class": 70, "name": "toilet"}, {"xmin": 422.0883483886719, "xmax": 552.787841796875, "ymin": 276.530517578125, "ymax": 415.3852844238281, "confidence": 0.4391530454158783, "class": 65, "name": "bed"}, {"xmin": 209.38360595703125, "xmax": 246.2313690185547, "ymin": 288.26690673828125, "ymax": 381.578369140625, "confidence": 0.2836032807826996, "class": 81, "name": "sink"}], "cheng2020-anchor": {"1": [{"xmin": 75.14216613769531, "xmax": 166.19873046875, "ymin": 227.9732666015625, "ymax": 405.7034606933594, "confidence": 0.9989560842514038, "class": 70, "name": "toilet"}], "2": [{"xmin": 75.86585998535156, "xmax": 166.83065795898438, "ymin": 229.63772583007812, "ymax": 407.24951171875, "confidence": 0.9976603984832764, "class": 70, "name": "toilet"}], "3": [{"xmin": 75.79670715332031, "xmax": 167.14353942871094, "ymin": 225.80267333984375, "ymax": 404.9020690917969, "confidence": 0.9985443353652954, "class": 70, "name": "toilet"}, {"xmin": 426.0063781738281, "xmax": 533.3807983398438, "ymin": 243.3528594970703, "ymax": 284.83038330078125, "confidence": 0.4071224629878998, "class": 74, "name": "mouse"}], "curves": [[0.042, 0.065, 0.092], [0.3242126264785521, 0.3119552803991104, 0.31552376945729915]], "integrate": 0.31573796204309296}}}