{"faster-rcnn": {"true objects": [{"xmin": 128.67262268066406, "xmax": 250.4436798095703, "ymin": 490.35723876953125, "ymax": 609.1902465820312, "confidence": 0.988860547542572, "class": 70, "name": "toilet"}], "cheng2020-anchor": {"1": [{"xmin": 126.43477630615234, "xmax": 249.1903076171875, "ymin": 479.2685546875, "ymax": 593.211181640625, "confidence": 0.8618605136871338, "class": 70, "name": "toilet"}, {"xmin": 267.24298095703125, "xmax": 418.74072265625, "ymin": 308.5686950683594, "ymax": 563.59521484375, "confidence": 0.4553118050098419, "class": 65, "name": "bed"}, {"xmin": 267.8309631347656, "xmax": 418.24078369140625, "ymin": 45.740386962890625, "ymax": 584.1439819335938, "confidence": 0.3767024576663971, "class": 82, "name": "refrigerator"}], "2": [{"xmin": 132.8031768798828, "xmax": 251.51417541503906, "ymin": 481.8446350097656, "ymax": 600.6033935546875, "confidence": 0.9882069230079651, "class": 70, "name": "toilet"}, {"xmin": 262.96087646484375, "xmax": 422.3090515136719, "ymin": 119.74138641357422, "ymax": 537.9288940429688, "confidence": 0.49913087487220764, "class": 82, "name": "refrigerator"}], "3": [{"xmin": 128.96682739257812, "xmax": 250.1880340576172, "ymin": 485.1116027832031, "ymax": 601.494140625, "confidence": 0.9929878115653992, "class": 70, "name": "toilet"}], "curves": [[0.031, 0.045, 0.064], [0.7695660295124837, 0.8339433635137738, 0.8951612903225806]], "integrate": 0.8379109079584597}}}