{"faster-rcnn": {"true objects": [{"xmin": 231.99813842773438, "xmax": 379.9815979003906, "ymin": 170.4693603515625, "ymax": 277.12139892578125, "confidence": 0.9996738433837891, "class": 1, "name": "person"}, {"xmin": 270.7578125, "xmax": 312.4847106933594, "ymin": 265.14892578125, "ymax": 284.8978576660156, "confidence": 0.6325205564498901, "class": 42, "name": "surfboard"}], "cheng2020-anchor": {"1": [{"xmin": 226.13450622558594, "xmax": 377.6387023925781, "ymin": 167.878173828125, "ymax": 274.6684265136719, "confidence": 0.9887195229530334, "class": 1, "name": "person"}], "2": [{"xmin": 229.72120666503906, "xmax": 390.4642333984375, "ymin": 170.4098663330078, "ymax": 275.4757995605469, "confidence": 0.9732574224472046, "class": 1, "name": "person"}], "3": [{"xmin": 228.6111297607422, "xmax": 398.6014099121094, "ymin": 164.8153839111328, "ymax": 275.19970703125, "confidence": 0.9842447638511658, "class": 1, "name": "person"}], "curves": [[0.179, 0.287, 0.425], [0.45706618962432916, 0.4544922788956481, 0.40903348073278584]], "integrate": 0.4423066451806533}}}