{"faster-rcnn": {"true objects": [{"xmin": 391.5396728515625, "xmax": 481.7379455566406, "ymin": 56.4335823059082, "ymax": 87.95296478271484, "confidence": 0.9987173080444336, "class": 5, "name": "airplane"}], "cheng2020-anchor": {"1": [{"xmin": 396.545166015625, "xmax": 479.0174255371094, "ymin": 57.906219482421875, "ymax": 87.19183349609375, "confidence": 0.9968343377113342, "class": 5, "name": "airplane"}], "2": [{"xmin": 394.43359375, "xmax": 479.2102355957031, "ymin": 57.15960693359375, "ymax": 86.31074523925781, "confidence": 0.9993956089019775, "class": 5, "name": "airplane"}], "3": [{"xmin": 394.9377746582031, "xmax": 478.71630859375, "ymin": 56.209205627441406, "ymax": 87.77330780029297, "confidence": 0.9989638328552246, "class": 5, "name": "airplane"}], "curves": [[0.03, 0.039, 0.049], [0.8256944444444444, 0.8559027777777778, 0.9333333333333333]], "integrate": 0.8691246345029241}}}