{"faster-rcnn": {"true objects": [{"xmin": 55.920501708984375, "xmax": 186.4239959716797, "ymin": 213.52569580078125, "ymax": 374.1087341308594, "confidence": 0.997657299041748, "class": 4, "name": "motorcycle"}], "cheng2020-anchor": {"1": [{"xmin": 59.96259689331055, "xmax": 180.7731475830078, "ymin": 206.3382568359375, "ymax": 372.60931396484375, "confidence": 0.9926890730857849, "class": 4, "name": "motorcycle"}, {"xmin": 64.8832778930664, "xmax": 171.60906982421875, "ymin": 187.3907928466797, "ymax": 323.3880310058594, "confidence": 0.5919119715690613, "class": 1, "name": "person"}, {"xmin": 177.82958984375, "xmax": 195.2427215576172, "ymin": 222.80191040039062, "ymax": 238.53204345703125, "confidence": 0.5198816657066345, "class": 3, "name": "car"}], "2": [{"xmin": 57.83030319213867, "xmax": 178.56671142578125, "ymin": 211.81179809570312, "ymax": 373.0325622558594, "confidence": 0.9970871806144714, "class": 4, "name": "motorcycle"}, {"xmin": 1.098343014717102, "xmax": 69.86994171142578, "ymin": 86.37103271484375, "ymax": 160.88157653808594, "confidence": 0.2538217604160309, "class": 28, "name": "umbrella"}], "3": [{"xmin": 51.80283737182617, "xmax": 186.79283142089844, "ymin": 208.64085388183594, "ymax": 374.2158203125, "confidence": 0.9976619482040405, "class": 4, "name": "motorcycle"}], "curves": [[0.407, 0.586, 0.763], [0.8838202866593164, 0.9143142286854862, 0.9337822671156004]], "integrate": 0.9114875814656067}}}