{"faster-rcnn": {"true objects": [{"xmin": 110.53921508789062, "xmax": 629.38525390625, "ymin": 216.37977600097656, "ymax": 474.6896667480469, "confidence": 0.9914419054985046, "class": 65, "name": "bed"}], "cheng2020-anchor": {"1": [{"xmin": 95.22972106933594, "xmax": 623.4326782226562, "ymin": 222.10635375976562, "ymax": 466.8758850097656, "confidence": 0.9787635207176208, "class": 65, "name": "bed"}, {"xmin": 119.52084350585938, "xmax": 444.47698974609375, "ymin": 272.8807373046875, "ymax": 461.3912658691406, "confidence": 0.292851060628891, "class": 65, "name": "bed"}], "2": [{"xmin": 85.24990844726562, "xmax": 634.8724975585938, "ymin": 222.83082580566406, "ymax": 470.2272644042969, "confidence": 0.9828144311904907, "class": 65, "name": "bed"}, {"xmin": 435.1407165527344, "xmax": 638.4140014648438, "ymin": 77.38119506835938, "ymax": 237.20286560058594, "confidence": 0.33559390902519226, "class": 76, "name": "keyboard"}], "3": [{"xmin": 85.34771728515625, "xmax": 636.9806518554688, "ymin": 222.54916381835938, "ymax": 464.4994201660156, "confidence": 0.9830970764160156, "class": 65, "name": "bed"}, {"xmin": 432.6401672363281, "xmax": 637.8701171875, "ymin": 73.52877807617188, "ymax": 239.25103759765625, "confidence": 0.2577344477176666, "class": 76, "name": "keyboard"}], "curves": [[0.049, 0.073, 0.109], [0.9084457061745919, 0.9006095758309518, 0.8769423136362359]], "integrate": 0.8950766232412651}}}