{"faster-rcnn": {"true objects": [{"xmin": 96.26641082763672, "xmax": 249.7386932373047, "ymin": 129.87753295898438, "ymax": 416.9785461425781, "confidence": 0.9996601343154907, "class": 1, "name": "person"}, {"xmin": 105.53459930419922, "xmax": 186.27272033691406, "ymin": 414.42840576171875, "ymax": 441.8949279785156, "confidence": 0.971381425857544, "class": 35, "name": "skis"}], "cheng2020-anchor": {"1": [{"xmin": 96.53466796875, "xmax": 254.73158264160156, "ymin": 125.69432067871094, "ymax": 419.3705749511719, "confidence": 0.9989851117134094, "class": 1, "name": "person"}], "2": [{"xmin": 92.56070709228516, "xmax": 244.90443420410156, "ymin": 119.86343383789062, "ymax": 430.36688232421875, "confidence": 0.9984188079833984, "class": 1, "name": "person"}], "3": [{"xmin": 93.11085510253906, "xmax": 250.3119659423828, "ymin": 128.3089141845703, "ymax": 426.04266357421875, "confidence": 0.9959371089935303, "class": 1, "name": "person"}, {"xmin": 178.11383056640625, "xmax": 310.7980041503906, "ymin": 168.07791137695312, "ymax": 357.6340026855469, "confidence": 0.29666608572006226, "class": 38, "name": "kite"}], "curves": [[0.31, 0.411, 0.524], [0.47134024602305663, 0.440356296982803, 0.472342153635703]], "integrate": 0.4561127938399136}}}