{"faster-rcnn": {"true objects": [{"xmin": 182.93980407714844, "xmax": 442.1037902832031, "ymin": 123.86579132080078, "ymax": 376.3614501953125, "confidence": 0.9980328679084778, "class": 34, "name": "frisbee"}], "cheng2020-anchor": {"1": [{"xmin": 182.84359741210938, "xmax": 446.3144836425781, "ymin": 127.3756332397461, "ymax": 375.7843933105469, "confidence": 0.9901553392410278, "class": 34, "name": "frisbee"}], "2": [{"xmin": 184.9054412841797, "xmax": 435.8043212890625, "ymin": 128.89364624023438, "ymax": 375.8865966796875, "confidence": 0.9973739385604858, "class": 34, "name": "frisbee"}], "3": [{"xmin": 186.91029357910156, "xmax": 436.1265563964844, "ymin": 131.02549743652344, "ymax": 375.84002685546875, "confidence": 0.9977397918701172, "class": 34, "name": "frisbee"}], "curves": [[0.163, 0.268, 0.418], [0.9732433900760594, 0.9498835570264141, 0.9346846846846847]], "integrate": 0.9502226778478913}}}