{"faster-rcnn": {"true objects": [{"xmin": 221.34439086914062, "xmax": 492.2886962890625, "ymin": 344.6461181640625, "ymax": 480.0000305175781, "confidence": 0.9957550764083862, "class": 13, "name": "stop sign"}], "cheng2020-anchor": {"1": [{"xmin": 215.57127380371094, "xmax": 501.84326171875, "ymin": 345.87689208984375, "ymax": 479.1878662109375, "confidence": 0.9923242330551147, "class": 13, "name": "stop sign"}], "2": [{"xmin": 213.77096557617188, "xmax": 502.8721618652344, "ymin": 347.5060729980469, "ymax": 478.5068359375, "confidence": 0.9955689311027527, "class": 13, "name": "stop sign"}], "3": [{"xmin": 217.2885284423828, "xmax": 507.0107727050781, "ymin": 345.93695068359375, "ymax": 479.0979919433594, "confidence": 0.9988961219787598, "class": 13, "name": "stop sign"}], "curves": [[0.129, 0.187, 0.246], [0.9342405391394505, 0.9116144108055363, 0.9215330333401514]], "integrate": 0.9197234457324992}}}