{"faster-rcnn": {"true objects": [{"xmin": 166.35499572753906, "xmax": 258.28167724609375, "ymin": 195.4077606201172, "ymax": 257.9265441894531, "confidence": 0.9992953538894653, "class": 24, "name": "zebra"}], "cheng2020-anchor": {"1": [{"xmin": 163.6566925048828, "xmax": 259.3481750488281, "ymin": 193.4436492919922, "ymax": 258.5860900878906, "confidence": 0.999300479888916, "class": 24, "name": "zebra"}], "2": [{"xmin": 164.637451171875, "xmax": 259.83624267578125, "ymin": 197.9205780029297, "ymax": 260.71112060546875, "confidence": 0.9993292093276978, "class": 24, "name": "zebra"}], "3": [{"xmin": 168.0905303955078, "xmax": 258.6693420410156, "ymin": 197.02059936523438, "ymax": 259.38946533203125, "confidence": 0.9993988275527954, "class": 24, "name": "zebra"}, {"xmin": 0.0, "xmax": 639.9999389648438, "ymin": 222.58958435058594, "ymax": 413.1068420410156, "confidence": 0.6543696522712708, "class": 65, "name": "bed"}], "curves": [[0.033, 0.054, 0.099], [0.9244019138755981, 0.881648298993771, 0.9229993275050438]], "integrate": 0.9025469519901774}}}