{"faster-rcnn": {"true objects": [{"xmin": 13.190396308898926, "xmax": 316.293212890625, "ymin": 106.69632720947266, "ymax": 183.2365264892578, "confidence": 0.8775843977928162, "class": 5, "name": "airplane"}], "cheng2020-anchor": {"1": [{"xmin": 14.357135772705078, "xmax": 317.0562744140625, "ymin": 104.71327209472656, "ymax": 176.6929931640625, "confidence": 0.3766772150993347, "class": 5, "name": "airplane"}], "2": [{"xmin": 12.913788795471191, "xmax": 317.84796142578125, "ymin": 100.56307220458984, "ymax": 179.75071716308594, "confidence": 0.7701569199562073, "class": 5, "name": "airplane"}], "3": [{"xmin": 11.867377281188965, "xmax": 313.3511047363281, "ymin": 103.4804458618164, "ymax": 180.71484375, "confidence": 0.7912749648094177, "class": 5, "name": "airplane"}], "curves": [[0.059, 0.103, 0.172], [0.8918326020924738, 0.8846184610462327, 0.9133547272278449]], "integrate": 0.8947964458805949}}}