{"faster-rcnn": {"true objects": [{"xmin": 273.9589538574219, "xmax": 349.2926940917969, "ymin": 276.9993591308594, "ymax": 344.67266845703125, "confidence": 0.9758259654045105, "class": 23, "name": "bear"}], "cheng2020-anchor": {"1": [{"xmin": 271.4742431640625, "xmax": 348.93701171875, "ymin": 276.3575439453125, "ymax": 342.3151550292969, "confidence": 0.976511538028717, "class": 23, "name": "bear"}], "2": [{"xmin": 272.8929443359375, "xmax": 348.2494812011719, "ymin": 276.77288818359375, "ymax": 345.56829833984375, "confidence": 0.9910070300102234, "class": 23, "name": "bear"}], "3": [{"xmin": 272.6234130859375, "xmax": 348.8853759765625, "ymin": 275.8951721191406, "ymax": 344.69989013671875, "confidence": 0.9911555051803589, "class": 23, "name": "bear"}], "curves": [[0.057, 0.101, 0.169], [0.9073143495254048, 0.9597558649628075, 0.9725400457665904]], "integrate": 0.953335765031609}}}