{"faster-rcnn": {"true objects": [{"xmin": 263.212158203125, "xmax": 401.04339599609375, "ymin": 133.19216918945312, "ymax": 320.5436096191406, "confidence": 0.999617338180542, "class": 25, "name": "giraffe"}], "cheng2020-anchor": {"1": [{"xmin": 265.5246276855469, "xmax": 400.68060302734375, "ymin": 133.78460693359375, "ymax": 320.4389343261719, "confidence": 0.9996722936630249, "class": 25, "name": "giraffe"}], "2": [{"xmin": 266.16253662109375, "xmax": 400.7190856933594, "ymin": 134.836669921875, "ymax": 320.75531005859375, "confidence": 0.9996817111968994, "class": 25, "name": "giraffe"}, {"xmin": 260.9881591796875, "xmax": 277.5111083984375, "ymin": 299.1010437011719, "ymax": 305.6369323730469, "confidence": 0.5110236406326294, "class": 16, "name": "bird"}], "3": [{"xmin": 264.5425109863281, "xmax": 399.072509765625, "ymin": 135.3294219970703, "ymax": 320.3317565917969, "confidence": 0.9996126294136047, "class": 25, "name": "giraffe"}], "curves": [[0.12, 0.23, 0.361], [0.9678538390379279, 0.9678538390379279, 0.9555195806352144]], "integrate": 0.964501582086153}}}