{"faster-rcnn": {"true objects": [{"xmin": 117.08037567138672, "xmax": 337.2154846191406, "ymin": 306.1958312988281, "ymax": 376.17926025390625, "confidence": 0.9982080459594727, "class": 5, "name": "airplane"}], "cheng2020-anchor": {"1": [{"xmin": 118.3602294921875, "xmax": 337.718017578125, "ymin": 305.2032470703125, "ymax": 375.376220703125, "confidence": 0.9963678121566772, "class": 5, "name": "airplane"}, {"xmin": 208.1216583251953, "xmax": 398.0188293457031, "ymin": 451.96197509765625, "ymax": 624.924560546875, "confidence": 0.27199333906173706, "class": 16, "name": "bird"}], "2": [{"xmin": 115.61627197265625, "xmax": 337.2702941894531, "ymin": 306.9015808105469, "ymax": 375.3416442871094, "confidence": 0.9973689317703247, "class": 5, "name": "airplane"}, {"xmin": 208.92843627929688, "xmax": 403.000244140625, "ymin": 449.61688232421875, "ymax": 625.3251953125, "confidence": 0.28749749064445496, "class": 16, "name": "bird"}], "3": [{"xmin": 119.76730346679688, "xmax": 338.9463806152344, "ymin": 305.8365478515625, "ymax": 375.5228271484375, "confidence": 0.9956526756286621, "class": 5, "name": "airplane"}], "curves": [[0.049, 0.061, 0.08], [0.9631589011409267, 0.9671580036203775, 0.9774774774774775]], "integrate": 0.9695464031934661}}}