{"faster-rcnn": {"true objects": [{"xmin": 267.4308166503906, "xmax": 428.17572021484375, "ymin": 122.32349395751953, "ymax": 356.71282958984375, "confidence": 0.9998831748962402, "class": 25, "name": "giraffe"}], "cheng2020-anchor": {"1": [{"xmin": 268.6158752441406, "xmax": 426.21600341796875, "ymin": 123.00214385986328, "ymax": 359.11517333984375, "confidence": 0.9996422529220581, "class": 25, "name": "giraffe"}], "2": [{"xmin": 262.59625244140625, "xmax": 423.9971008300781, "ymin": 126.540771484375, "ymax": 362.4007263183594, "confidence": 0.9996964931488037, "class": 25, "name": "giraffe"}], "3": [{"xmin": 265.73028564453125, "xmax": 424.0760803222656, "ymin": 128.31153869628906, "ymax": 355.6872863769531, "confidence": 0.9998409748077393, "class": 25, "name": "giraffe"}, {"xmin": 547.3983154296875, "xmax": 572.6160888671875, "ymin": 383.065185546875, "ymax": 406.6634826660156, "confidence": 0.4040648341178894, "class": 16, "name": "bird"}], "curves": [[0.195, 0.362, 0.609], [0.9630134472725367, 0.9127906976744186, 0.9404408480676772]], "integrate": 0.9311684589425595}}}