{"faster-rcnn": {"true objects": [{"xmin": 136.91761779785156, "xmax": 220.10072326660156, "ymin": 121.07536315917969, "ymax": 283.61810302734375, "confidence": 0.9988495111465454, "class": 18, "name": "dog"}, {"xmin": 79.1322250366211, "xmax": 122.42413330078125, "ymin": 59.17357635498047, "ymax": 70.06707763671875, "confidence": 0.9638926982879639, "class": 34, "name": "frisbee"}], "cheng2020-anchor": {"1": [{"xmin": 136.2918701171875, "xmax": 219.09625244140625, "ymin": 118.6173095703125, "ymax": 279.79803466796875, "confidence": 0.9991328120231628, "class": 18, "name": "dog"}, {"xmin": 78.7527847290039, "xmax": 122.25237274169922, "ymin": 57.852874755859375, "ymax": 68.70555877685547, "confidence": 0.5895789265632629, "class": 34, "name": "frisbee"}], "2": [{"xmin": 137.1468048095703, "xmax": 220.2928009033203, "ymin": 119.4076156616211, "ymax": 281.63922119140625, "confidence": 0.9978364109992981, "class": 18, "name": "dog"}], "3": [{"xmin": 137.31857299804688, "xmax": 220.45993041992188, "ymin": 119.8531494140625, "ymax": 283.91436767578125, "confidence": 0.999214768409729, "class": 18, "name": "dog"}], "curves": [[0.082, 0.199, 0.393], [0.8872166883210626, 0.48787878787878786, 0.4969512195121951]], "integrate": 0.5658250677640405}}}