{"faster-rcnn": {"true objects": [{"xmin": 262.690673828125, "xmax": 378.6392822265625, "ymin": 436.0081787109375, "ymax": 619.967041015625, "confidence": 0.9269773960113525, "class": 13, "name": "stop sign"}, {"xmin": 72.18743896484375, "xmax": 233.84864807128906, "ymin": 486.0077819824219, "ymax": 637.5813598632812, "confidence": 0.5066878199577332, "class": 13, "name": "stop sign"}], "cheng2020-anchor": {"1": [{"xmin": 261.220703125, "xmax": 372.8486633300781, "ymin": 443.2080383300781, "ymax": 620.5097045898438, "confidence": 0.5613116025924683, "class": 13, "name": "stop sign"}], "2": [{"xmin": 262.4892883300781, "xmax": 378.128662109375, "ymin": 435.2800598144531, "ymax": 617.9485473632812, "confidence": 0.5669863224029541, "class": 13, "name": "stop sign"}], "3": [{"xmin": 262.9175720214844, "xmax": 374.905029296875, "ymin": 437.7804260253906, "ymax": 618.82666015625, "confidence": 0.6498695611953735, "class": 13, "name": "stop sign"}], "curves": [[0.165, 0.227, 0.307], [0.44635488308115545, 0.4835505036503096, 0.47488755622188905]], "integrate": 0.4729900660814321}}}