{"faster-rcnn": {"true objects": [{"xmin": 43.951881408691406, "xmax": 76.93267822265625, "ymin": 200.73548889160156, "ymax": 276.09222412109375, "confidence": 0.9989013671875, "class": 1, "name": "person"}], "cheng2020-anchor": {"1": [{"xmin": 40.23560333251953, "xmax": 75.42000579833984, "ymin": 197.69151306152344, "ymax": 275.451171875, "confidence": 0.9614884853363037, "class": 1, "name": "person"}, {"xmin": 4.030633926391602, "xmax": 600.0, "ymin": 286.3599548339844, "ymax": 391.79705810546875, "confidence": 0.3398054540157318, "class": 63, "name": "couch"}], "2": [{"xmin": 42.47383117675781, "xmax": 76.1717529296875, "ymin": 197.59446716308594, "ymax": 274.8048095703125, "confidence": 0.9958890080451965, "class": 1, "name": "person"}], "3": [{"xmin": 41.05990982055664, "xmax": 76.4349136352539, "ymin": 198.37901306152344, "ymax": 277.1895751953125, "confidence": 0.9972695708274841, "class": 1, "name": "person"}, {"xmin": 12.477444648742676, "xmax": 65.28057861328125, "ymin": 198.13311767578125, "ymax": 286.1468811035156, "confidence": 0.26198098063468933, "class": 1, "name": "person"}], "curves": [[0.043, 0.07, 0.115], [0.7976356050069541, 0.8689908256880734, 0.8450704225352113]], "integrate": 0.8481365958250942}}}