{"faster-rcnn": {"true objects": [{"xmin": 194.51885986328125, "xmax": 340.5439453125, "ymin": 196.40814208984375, "ymax": 356.2123718261719, "confidence": 0.9986501336097717, "class": 16, "name": "bird"}], "cheng2020-anchor": {"1": [{"xmin": 189.7391815185547, "xmax": 341.9983825683594, "ymin": 201.59927368164062, "ymax": 359.349609375, "confidence": 0.9979187846183777, "class": 16, "name": "bird"}], "2": [{"xmin": 191.44911193847656, "xmax": 340.6614685058594, "ymin": 204.0267791748047, "ymax": 360.8648986816406, "confidence": 0.9980155229568481, "class": 16, "name": "bird"}], "3": [{"xmin": 189.2168426513672, "xmax": 340.62451171875, "ymin": 203.17486572265625, "ymax": 357.4568176269531, "confidence": 0.9981702566146851, "class": 16, "name": "bird"}], "curves": [[0.196, 0.282, 0.378], [0.9088116410670978, 0.8978072659600291, 0.9143675808432256]], "integrate": 0.9047747563116632}}}