{"faster-rcnn": {"true objects": [{"xmin": 148.41485595703125, "xmax": 320.4858093261719, "ymin": 254.05941772460938, "ymax": 599.01806640625, "confidence": 0.9983920454978943, "class": 70, "name": "toilet"}], "cheng2020-anchor": {"1": [{"xmin": 150.74818420410156, "xmax": 322.3398742675781, "ymin": 252.29849243164062, "ymax": 589.6063232421875, "confidence": 0.9982588887214661, "class": 70, "name": "toilet"}, {"xmin": 378.4998779296875, "xmax": 480.0000305175781, "ymin": 219.69227600097656, "ymax": 633.7259521484375, "confidence": 0.47109636664390564, "class": 1, "name": "person"}], "2": [{"xmin": 150.42922973632812, "xmax": 322.56182861328125, "ymin": 250.8048553466797, "ymax": 588.8079833984375, "confidence": 0.9987670183181763, "class": 70, "name": "toilet"}], "3": [{"xmin": 148.4599609375, "xmax": 321.3736877441406, "ymin": 248.09310913085938, "ymax": 602.0050659179688, "confidence": 0.9988862872123718, "class": 70, "name": "toilet"}], "curves": [[0.033, 0.048, 0.067], [0.940848990953375, 0.9356926919032598, 0.968942882335652]], "integrate": 0.9461206051968948}}}