{"faster-rcnn": {"true objects": [{"xmin": 95.64572143554688, "xmax": 185.6967315673828, "ymin": 183.4331817626953, "ymax": 361.2576599121094, "confidence": 0.999281108379364, "class": 11, "name": "fire hydrant"}], "cheng2020-anchor": {"1": [{"xmin": 98.10392761230469, "xmax": 183.98748779296875, "ymin": 183.73861694335938, "ymax": 355.3186340332031, "confidence": 0.9989023208618164, "class": 11, "name": "fire hydrant"}], "2": [{"xmin": 97.31976318359375, "xmax": 183.86355590820312, "ymin": 181.0989990234375, "ymax": 359.67352294921875, "confidence": 0.9990379810333252, "class": 11, "name": "fire hydrant"}], "3": [{"xmin": 97.26698303222656, "xmax": 184.65948486328125, "ymin": 182.6243896484375, "ymax": 359.8752136230469, "confidence": 0.9995319843292236, "class": 11, "name": "fire hydrant"}], "curves": [[0.102, 0.212, 0.332], [0.9179775280898876, 0.950907743608744, 0.9722846441947566]], "integrate": 0.9486097096158034}}}