{"faster-rcnn": {"true objects": [{"xmin": 282.560791015625, "xmax": 445.2498474121094, "ymin": 113.05252075195312, "ymax": 301.57464599609375, "confidence": 0.9997705817222595, "class": 1, "name": "person"}, {"xmin": 339.35198974609375, "xmax": 422.96612548828125, "ymin": 149.29319763183594, "ymax": 201.84608459472656, "confidence": 0.8204836845397949, "class": 27, "name": "backpack"}], "cheng2020-anchor": {"1": [{"xmin": 280.4465637207031, "xmax": 446.454345703125, "ymin": 114.04327392578125, "ymax": 297.90997314453125, "confidence": 0.9978419542312622, "class": 1, "name": "person"}, {"xmin": 4.1122589111328125, "xmax": 93.37765502929688, "ymin": 59.616615295410156, "ymax": 127.8582534790039, "confidence": 0.2507050335407257, "class": 2, "name": "bicycle"}], "2": [{"xmin": 283.40289306640625, "xmax": 444.6856689453125, "ymin": 114.09657287597656, "ymax": 300.46759033203125, "confidence": 0.9997255206108093, "class": 1, "name": "person"}], "3": [{"xmin": 283.5924072265625, "xmax": 445.8959045410156, "ymin": 112.32787322998047, "ymax": 303.2044677734375, "confidence": 0.9997574687004089, "class": 1, "name": "person"}], "curves": [[0.113, 0.171, 0.254], [0.47534604835108757, 0.49206349206349204, 0.48872506504770163]], "integrate": 0.48764256590168326}}}