{"faster-rcnn": {"true objects": [{"xmin": 201.42884826660156, "xmax": 245.9762725830078, "ymin": 288.0328674316406, "ymax": 329.7854309082031, "confidence": 0.9986086487770081, "class": 85, "name": "clock"}], "cheng2020-anchor": {"1": [{"xmin": 201.5383758544922, "xmax": 246.22955322265625, "ymin": 289.3419494628906, "ymax": 328.6143798828125, "confidence": 0.9931849837303162, "class": 85, "name": "clock"}, {"xmin": 164.07321166992188, "xmax": 285.2555847167969, "ymin": 84.42377471923828, "ymax": 506.9035339355469, "confidence": 0.2916991710662842, "class": 13, "name": "stop sign"}], "2": [{"xmin": 200.8493194580078, "xmax": 247.46072387695312, "ymin": 288.9656066894531, "ymax": 329.4496765136719, "confidence": 0.9977133274078369, "class": 85, "name": "clock"}], "3": [{"xmin": 201.5091552734375, "xmax": 247.2137451171875, "ymin": 289.42315673828125, "ymax": 328.74365234375, "confidence": 0.9969003200531006, "class": 85, "name": "clock"}], "curves": [[0.072, 0.101, 0.138], [0.9312169312169312, 0.9326424870466321, 0.9119170984455959]], "integrate": 0.9265199075216346}}}