{"faster-rcnn": {"true objects": [{"xmin": 30.81315040588379, "xmax": 613.189453125, "ymin": 99.00130462646484, "ymax": 274.5749206542969, "confidence": 0.9994308352470398, "class": 5, "name": "airplane"}, {"xmin": 418.50421142578125, "xmax": 469.47454833984375, "ymin": 284.7389221191406, "ymax": 300.65020751953125, "confidence": 0.8818342685699463, "class": 8, "name": "truck"}], "cheng2020-anchor": {"1": [{"xmin": 21.62616539001465, "xmax": 625.3230590820312, "ymin": 96.76647186279297, "ymax": 267.95281982421875, "confidence": 0.9992927312850952, "class": 5, "name": "airplane"}], "2": [{"xmin": 25.232421875, "xmax": 624.50537109375, "ymin": 96.78581237792969, "ymax": 266.8868713378906, "confidence": 0.9994292855262756, "class": 5, "name": "airplane"}], "3": [{"xmin": 33.77981185913086, "xmax": 616.1935424804688, "ymin": 99.92989349365234, "ymax": 267.36724853515625, "confidence": 0.9995237588882446, "class": 5, "name": "airplane"}, {"xmin": 418.6139221191406, "xmax": 470.012451171875, "ymin": 284.6002197265625, "ymax": 299.1761474609375, "confidence": 0.25869429111480713, "class": 8, "name": "truck"}], "curves": [[0.065, 0.093, 0.132], [0.458814968233088, 0.45837083708370835, 0.8996644509890991]], "integrate": 0.5868998416694761}}}