{"faster-rcnn": {"true objects": [{"xmin": 232.15354919433594, "xmax": 396.0934753417969, "ymin": 148.72364807128906, "ymax": 177.8771209716797, "confidence": 0.9698314070701599, "class": 7, "name": "train"}], "cheng2020-anchor": {"1": [], "2": [{"xmin": 133.36520385742188, "xmax": 188.5762176513672, "ymin": 263.3815612792969, "ymax": 309.185546875, "confidence": 0.5483706593513489, "class": 1, "name": "person"}], "3": [{"xmin": 1.5651510953903198, "xmax": 51.879764556884766, "ymin": 16.436677932739258, "ymax": 88.06605529785156, "confidence": 0.28120478987693787, "class": 56, "name": "broccoli"}], "curves": [[0.265, 0.445, 0.666], [0.0, 0.0, 0.0]], "integrate": 0.0}}}