{"faster-rcnn": {"true objects": [{"xmin": 2.3644354343414307, "xmax": 552.3416748046875, "ymin": 114.33173370361328, "ymax": 480.0000305175781, "confidence": 0.9980960488319397, "class": 65, "name": "bed"}, {"xmin": 567.5437622070312, "xmax": 603.1466674804688, "ymin": 250.33543395996094, "ymax": 272.1318359375, "confidence": 0.9821776151657104, "class": 85, "name": "clock"}], "cheng2020-anchor": {"1": [{"xmin": 3.505108118057251, "xmax": 558.190673828125, "ymin": 126.94574737548828, "ymax": 480.0000305175781, "confidence": 0.9865636825561523, "class": 65, "name": "bed"}, {"xmin": 545.891357421875, "xmax": 635.5658569335938, "ymin": 246.79461669921875, "ymax": 399.3797912597656, "confidence": 0.3448735475540161, "class": 62, "name": "chair"}], "2": [{"xmin": 11.770344734191895, "xmax": 576.6950073242188, "ymin": 119.86908721923828, "ymax": 480.0000305175781, "confidence": 0.9982587695121765, "class": 65, "name": "bed"}], "3": [{"xmin": 13.087677955627441, "xmax": 553.9989624023438, "ymin": 119.8427734375, "ymax": 480.0000305175781, "confidence": 0.9970394968986511, "class": 65, "name": "bed"}, {"xmin": 567.4105224609375, "xmax": 602.5394897460938, "ymin": 252.41412353515625, "ymax": 271.3043212890625, "confidence": 0.5194076299667358, "class": 85, "name": "clock"}], "curves": [[0.072, 0.128, 0.201], [0.4754839788022692, 0.46219686162624823, 0.9016689986271735]], "integrate": 0.5894276545058015}}}