{"faster-rcnn": {"true objects": [{"xmin": 138.06179809570312, "xmax": 211.134033203125, "ymin": 56.21341323852539, "ymax": 229.97702026367188, "confidence": 0.997765302658081, "class": 70, "name": "toilet"}, {"xmin": 281.64825439453125, "xmax": 350.5619812011719, "ymin": 11.680195808410645, "ymax": 263.0386047363281, "confidence": 0.29366177320480347, "class": 82, "name": "refrigerator"}], "cheng2020-anchor": {"1": [{"xmin": 134.7505340576172, "xmax": 209.4630584716797, "ymin": 47.23088455200195, "ymax": 233.26651000976562, "confidence": 0.9994927644729614, "class": 70, "name": "toilet"}, {"xmin": 87.18762969970703, "xmax": 133.8990478515625, "ymin": 68.6761474609375, "ymax": 215.4243927001953, "confidence": 0.31689590215682983, "class": 62, "name": "chair"}, {"xmin": 132.03648376464844, "xmax": 292.3041687011719, "ymin": 34.03324508666992, "ymax": 256.37725830078125, "confidence": 0.2503124177455902, "class": 70, "name": "toilet"}], "2": [{"xmin": 137.3319091796875, "xmax": 212.18173217773438, "ymin": 51.95437240600586, "ymax": 232.778076171875, "confidence": 0.9974557757377625, "class": 70, "name": "toilet"}], "3": [{"xmin": 138.50595092773438, "xmax": 212.81423950195312, "ymin": 53.47831344604492, "ymax": 231.957275390625, "confidence": 0.9970555305480957, "class": 70, "name": "toilet"}], "curves": [[0.079, 0.106, 0.144], [0.4377125850340136, 0.4678453038674033, 0.4667660208643815]], "integrate": 0.46127148723189293}}}