{"cheng2020-anchor": {"1": [{"angle": -178.53120085651298, "x_offset": -0.0222825288772583, "y_offset": -0.0005713462829589844, "offset": 0.022289852618196045, "deform": 0.0439622552070979}], "2": [{"angle": 160.84537624507868, "x_offset": -0.014567732810974121, "y_offset": 0.005060088634490967, "offset": 0.015421521852295792, "deform": 0.036004121673024636}], "3": [{"angle": 140.32876012429068, "x_offset": -0.009572005271911621, "y_offset": 0.007938718795776368, "offset": 0.012435696242829223, "deform": 0.025637166439910264}], "4": [{"angle": 142.53530652064427, "x_offset": -0.008165717124938965, "y_offset": 0.006257784366607666, "offset": 0.010287798663634547, "deform": 0.02228976756841583}], "5": [{"angle": 88.33976076936752, "x_offset": 0.00017278194427490235, "y_offset": 0.005961132049560547, "offset": 0.005963635544914305, "deform": 0.003726661648306706}], "6": [{"angle": 91.26401951321736, "x_offset": -0.00012705326080322265, "y_offset": 0.005758166313171387, "offset": 0.005759567850214328, "deform": 0.002484353112231441}]}, "webp": {"1": [{"angle": 166.88335340037415, "x_offset": -0.007650232315063477, "y_offset": 0.0017826080322265625, "offset": 0.007855173191661667, "deform": 0.007591143193512839}], "2": [{"angle": 166.88335340037415, "x_offset": -0.007650232315063477, "y_offset": 0.0017826080322265625, "offset": 0.007855173191661667, "deform": 0.007591143193512839}], "3": [{"angle": 166.88335340037415, "x_offset": -0.007650232315063477, "y_offset": 0.0017826080322265625, "offset": 0.007855173191661667, "deform": 0.007591143193512839}], "4": [{"angle": 166.88335340037415, "x_offset": -0.007650232315063477, "y_offset": 0.0017826080322265625, "offset": 0.007855173191661667, "deform": 0.007591143193512839}], "5": [{"angle": 58.50214867601879, "x_offset": 0.0027200937271118163, "y_offset": 0.004439163208007813, "offset": 0.0052062539192401355, "deform": -0.005776726410749666}], "6": [{"angle": 91.12979097504449, "x_offset": -0.00016329288482666015, "y_offset": 0.00828009843826294, "offset": 0.008281708441714148, "deform": 0.001749051217766473}], "7": [{"angle": 70.21230069718652, "x_offset": 0.0026440858840942384, "y_offset": 0.007349181175231934, "offset": 0.007810355568656899, "deform": -0.0023612159730555526}], "8": [{"angle": 113.29141392541804, "x_offset": -0.002371692657470703, "y_offset": 0.005509281158447265, "offset": 0.005998091775250066, "deform": 0.0050876696193517534}]}}