{"cheng2020-anchor": {"1": [{"angle": 178.4974309216131, "x_offset": -0.003234414493336397, "y_offset": 8.484125137329102e-05, "offset": 0.003235527028574963, "deform": 0.0015354501077144977}], "2": [{"angle": -171.2077353287883, "x_offset": -0.0018368889303768381, "y_offset": -0.000284111499786377, "offset": 0.0018587308268955538, "deform": 0.0011548203629953707}], "3": [{"angle": -37.72508189815938, "x_offset": 0.00013104607077205882, "y_offset": -0.00010137557983398437, "offset": 0.00016568065925590708, "deform": 0.0014419399070617622}], "4": [{"angle": -179.13075129633376, "x_offset": -0.0014755398619408701, "y_offset": -2.238750457763672e-05, "offset": 0.001475709688433906, "deform": 0.00026155711264654047}], "5": [{"angle": -157.00635445252726, "x_offset": -0.0007268120260799632, "y_offset": -0.00030841827392578123, "offset": 0.0007895426226276953, "deform": 0.0005587751348845177}], "6": [{"angle": 168.49021627222493, "x_offset": -0.0019402597464767157, "y_offset": 0.0003950953483581543, "offset": 0.0019800778313218245, "deform": -4.9549238617885294e-05}]}, "webp": {"1": [{"angle": -94.40955160110397, "x_offset": -0.0002289566339231005, "y_offset": -0.002969086170196533, "offset": 0.0029779009094108074, "deform": 0.0011336161258013594}], "2": [{"angle": -86.15970655343094, "x_offset": 0.00010037889667585784, "y_offset": -0.0014953732490539551, "offset": 0.001498738495163197, "deform": 0.0004779007878075031}], "3": [{"angle": -114.62885302444869, "x_offset": -0.0006573246974571078, "y_offset": -0.0014338135719299317, "offset": 0.0015773069190672905, "deform": -0.0010978100752896264}], "4": [{"angle": -40.16682198233741, "x_offset": 0.0016500435623468138, "y_offset": -0.0013927578926086425, "offset": 0.0021592633709359844, "deform": -0.000898896279399819}], "5": [{"angle": 151.66728420207752, "x_offset": -0.0007585263719745711, "y_offset": 0.00040898323059082033, "offset": 0.0008617595603678612, "deform": 0.0006896558062055996}], "6": [{"angle": -164.0551780818415, "x_offset": -0.00010785869523590686, "y_offset": -3.081560134887695e-05, "offset": 0.00011217441519564586, "deform": 8.089027430879803e-05}], "7": [{"angle": 30.93040396692001, "x_offset": 0.0001151888978247549, "y_offset": 6.902217864990234e-05, "offset": 0.00013428530570267492, "deform": 0.0002719069196567281}], "8": [{"angle": 16.548781510585474, "x_offset": 0.00037952497893688723, "y_offset": 0.00011277198791503906, "offset": 0.00039592515819956986, "deform": 8.035331758197983e-05}]}}