{"cheng2020-anchor": {"1": [{"angle": 164.57614115263914, "x_offset": -0.03470345347491584, "y_offset": 0.009574472904205322, "offset": 0.03600000297887502, "deform": -0.043114666410526636}], "2": [{"angle": 139.19704300522372, "x_offset": -0.009057574305657201, "y_offset": 0.007819104194641113, "offset": 0.011965702767040294, "deform": -0.005578735099428966}], "3": [{"angle": 170.85312885662765, "x_offset": -0.019683837890625, "y_offset": 0.0031693577766418457, "offset": 0.01993735947463366, "deform": -0.03384843233023549}], "4": [{"angle": 167.36422019696963, "x_offset": -0.01475642827411446, "y_offset": 0.00330812931060791, "offset": 0.015122694698524727, "deform": -0.023616032497027706}], "5": [{"angle": 159.42073335629223, "x_offset": -0.006685851050204918, "y_offset": 0.0025102853775024413, "offset": 0.007141578042843807, "deform": -0.007374499714251859}], "6": [{"angle": 151.21184845365718, "x_offset": -0.003804905911519321, "y_offset": 0.002090740203857422, "offset": 0.004341486334832859, "deform": -0.0068542101228665775}]}, "webp": {"1": [], "2": [], "3": [{"angle": 143.38078582394877, "x_offset": -0.012568203570971164, "y_offset": 0.009340512752532958, "offset": 0.01565902038703581, "deform": -0.0039000535530722136}], "4": [{"angle": 156.18772149734613, "x_offset": -0.010079269945202722, "y_offset": 0.004448068141937256, "offset": 0.011017122710743673, "deform": -0.017193855718839912}], "5": [{"angle": 149.19934072456044, "x_offset": -0.008347236579698478, "y_offset": 0.004976081848144531, "offset": 0.009717908678151376, "deform": -0.019231237862267325}], "6": [{"angle": 147.11584236291307, "x_offset": -0.0016925463352605386, "y_offset": 0.0010942935943603516, "offset": 0.002015487922975967, "deform": -0.004511681395794054}], "7": [{"angle": -164.0038217198103, "x_offset": -0.0015856276072160422, "y_offset": -0.000454556941986084, "offset": 0.0016494959600658048, "deform": -0.002221346678479841}], "8": [{"angle": -174.88915924423264, "x_offset": -0.0041408136801083135, "y_offset": -0.0003703474998474121, "offset": 0.004157342324612611, "deform": -0.005515907638641293}]}}