{"cheng2020-anchor": {"1": [{"angle": 111.24123380241174, "x_offset": -0.00239048677332261, "y_offset": 0.006149911880493164, "offset": 0.006598169681908863, "deform": 0.006082778234086136}], "2": [{"angle": 69.27640113910937, "x_offset": 0.0015428520651424632, "y_offset": 0.0040779590606689455, "offset": 0.00436006222379983, "deform": 0.0012735577440676493}], "3": [{"angle": 96.54085658388144, "x_offset": -0.0005296684713924632, "y_offset": 0.0046195507049560545, "offset": 0.0046498169216913484, "deform": 0.004817369778875091}], "4": [{"angle": 78.41053865619575, "x_offset": 0.0005435808967141544, "y_offset": 0.002650594711303711, "offset": 0.002705759138368337, "deform": 0.002312599862162132}], "5": [{"angle": 80.13840693643441, "x_offset": 0.0005264641256893382, "y_offset": 0.0030284881591796874, "offset": 0.003073907123829445, "deform": 0.000952894452572392}], "6": [{"angle": 82.01476934456934, "x_offset": 0.0004778603946461397, "y_offset": 0.003406524658203125, "offset": 0.0034398780216335118, "deform": 0.00012257111262398146}]}, "webp": {"1": [{"angle": 81.2310093975949, "x_offset": 0.00846688663258272, "y_offset": 0.054889237880706786, "offset": 0.055538424575908026, "deform": 0.052249520284615894}], "2": [{"angle": 137.02263458083686, "x_offset": -0.0028665699678308825, "y_offset": 0.0026710033416748047, "offset": 0.003918096761401883, "deform": 0.004860663613619476}], "3": [{"angle": -31.23001942353816, "x_offset": 0.00288726806640625, "y_offset": -0.0017506599426269532, "offset": 0.0033765555114654774, "deform": 0.006646046814340931}], "4": [{"angle": 113.21868447888443, "x_offset": -0.0014109353458180147, "y_offset": 0.0032889962196350096, "offset": 0.003578859410881068, "deform": 0.003400504614768346}], "5": [{"angle": -86.34608167849704, "x_offset": 9.481093462775736e-05, "y_offset": -0.00148468017578125, "offset": 0.001487704385179674, "deform": -0.0026692787339322177}], "6": [{"angle": 8.387302518841043, "x_offset": 0.00228424072265625, "y_offset": 0.00033679008483886717, "offset": 0.0023089355210327805, "deform": -0.0013787284232368302}], "7": [{"angle": -113.43114610231082, "x_offset": -0.0005847886029411765, "y_offset": -0.0013493537902832032, "offset": 0.001470623460128914, "deform": -0.0020165425964001477}], "8": [{"angle": 104.35342633515683, "x_offset": -0.0002365561092601103, "y_offset": 0.0009244441986083985, "offset": 0.00095423051154792, "deform": 0.0008336096831395023}]}}