{"cheng2020-anchor": {"1": [{"angle": -135.2446751085916, "x_offset": -0.0025667309761047362, "y_offset": -0.0025449021954402746, "offset": 0.00361450343588885, "deform": 0.003461748125027031}], "2": [{"angle": -102.74387901826982, "x_offset": -0.0017351746559143067, "y_offset": -0.007672176182827103, "offset": 0.007865946762270056, "deform": 0.007426288459134678}], "3": [{"angle": -137.29222309146027, "x_offset": -0.0026982307434082033, "y_offset": -0.0024905338465610397, "offset": 0.0036719487994169137, "deform": 0.0021955202763964676}], "4": [{"angle": -153.14683927020297, "x_offset": -0.0007734417915344239, "y_offset": -0.0003915947174357477, "offset": 0.0008669248108201554, "deform": -0.0037990620649389073}], "5": [{"angle": -96.22033232829845, "x_offset": -0.0004683375358581543, "y_offset": -0.004296917781651577, "offset": 0.0043223653790219075, "deform": 6.509140591759444e-05}], "6": [{"angle": -89.60066435746408, "x_offset": 2.064704895019531e-05, "y_offset": -0.002962344160703855, "offset": 0.0029624161130885345, "deform": 0.0011444399080012824}]}, "webp": {"1": [{"angle": -90.98966729113964, "x_offset": -0.00033698081970214846, "y_offset": -0.019507220972364195, "offset": 0.019510131371610305, "deform": 0.011396551441726133}], "2": [{"angle": -95.10934809938091, "x_offset": -0.0015725255012512206, "y_offset": -0.017587394357841707, "offset": 0.017657555797740743, "deform": -0.002453615977998702}], "3": [{"angle": -100.61258091204637, "x_offset": -0.0019983649253845215, "y_offset": -0.010665216178537528, "offset": 0.01085082017683206, "deform": 0.008509303154305536}], "4": [{"angle": -85.45271910234966, "x_offset": 0.000140988826751709, "y_offset": -0.0017727290358498832, "offset": 0.0017783267651964526, "deform": 0.0017621539472550407}], "5": [{"angle": -91.62163159661388, "x_offset": -8.744001388549805e-05, "y_offset": -0.003088621335608937, "offset": 0.003089858817293604, "deform": 0.0025512486942877444}], "6": [{"angle": -104.93779407352612, "x_offset": -0.0008328080177307129, "y_offset": -0.0031216345100759345, "offset": 0.0032308158735671676, "deform": 0.0013088942039826135}], "7": [{"angle": 97.11313789651017, "x_offset": -0.00010485649108886719, "y_offset": 0.0008402672883506134, "offset": 0.0008467845059963972, "deform": -0.00020556513158159762}], "8": [{"angle": 110.57578751215068, "x_offset": -0.0006191372871398926, "y_offset": 0.0016493039710499416, "offset": 0.001761685150430704, "deform": -5.454255110765027e-05}]}}