{"cheng2020-anchor": {"1": [{"angle": -15.75320260012625, "x_offset": 0.00259857177734375, "y_offset": -0.000733029842376709, "offset": 0.0026999829688022624, "deform": -0.0012986567547613737}], "2": [{"angle": 22.789206281914183, "x_offset": 0.0023630777994791668, "y_offset": 0.0009928226470947265, "offset": 0.0025631686434909977, "deform": -0.0007294136263589907}], "3": [{"angle": 7.1672608396237765, "x_offset": 0.002003018061319987, "y_offset": 0.0002518773078918457, "offset": 0.002018792592666449, "deform": -0.00022195925247235626}], "4": [{"angle": 14.664495528818867, "x_offset": 0.0011700312296549478, "y_offset": 0.0003061771392822266, "offset": 0.0012094285919337765, "deform": -0.0008948342598159159}], "5": [{"angle": 12.695652930208057, "x_offset": 0.0009749253590901692, "y_offset": 0.00021963119506835939, "offset": 0.0009993584530308688, "deform": -0.00022897864900187082}], "6": [{"angle": -0.08951476743419363, "x_offset": 0.0015947182973225912, "y_offset": -2.491474151611328e-06, "offset": 0.0015947202435721798, "deform": -0.0002530004706575856}]}, "webp": {"1": [{"angle": 18.675876547045043, "x_offset": 0.008872238794962566, "y_offset": 0.0029989242553710937, "offset": 0.009365370677356655, "deform": 0.00023634979042981563}], "2": [{"angle": 17.7521147348784, "x_offset": 0.0033295154571533203, "y_offset": 0.0010659217834472657, "offset": 0.0034959780359507813, "deform": -0.0008569754629539905}], "3": [{"angle": 12.273132771602855, "x_offset": 0.0018815358479817709, "y_offset": 0.0004093170166015625, "offset": 0.0019255434472688706, "deform": -0.0003145657790688955}], "4": [{"angle": 28.18665263021276, "x_offset": 0.0004607359568277995, "y_offset": 0.0002469062805175781, "offset": 0.0005227239551360286, "deform": 0.00011416861352703256}], "5": [{"angle": 60.71214055234033, "x_offset": 0.00027325948079427086, "y_offset": 0.00048718452453613283, "offset": 0.0005585870610669856, "deform": 0.0004645051447733084}], "6": [{"angle": 90.87545233760679, "x_offset": -1.068115234375e-05, "y_offset": 0.000698995590209961, "offset": 0.0006990771932686419, "deform": 0.00010710939241109774}], "7": [{"angle": 38.726309172895185, "x_offset": 0.0006173451741536459, "y_offset": 0.0004950523376464844, "offset": 0.0007913228677727215, "deform": 0.0007948493048631489}], "8": [{"angle": 60.85465694705106, "x_offset": 0.00013103485107421876, "y_offset": 0.0002349853515625, "offset": 0.00026905064141346033, "deform": 0.00035654159510162264}]}}