{"cheng2020-anchor": {"1": [{"angle": 11.668696170913778, "x_offset": 0.027364369985219593, "y_offset": 0.0056512985229492186, "offset": 0.02794183100091107, "deform": -0.10329226581743123}], "2": [{"angle": 26.376826581602153, "x_offset": 0.017889750254404795, "y_offset": 0.008871532440185547, "offset": 0.01996865674005743, "deform": -0.16669219500362054}], "3": [{"angle": -1.0453304287908474, "x_offset": 0.033139489434502865, "y_offset": -0.0006046791076660156, "offset": 0.033145005608730474, "deform": -0.09863971124425419}], "4": [{"angle": 71.00052202172617, "x_offset": 0.0032368680020352382, "y_offset": 0.00940082550048828, "offset": 0.009942476278736114, "deform": 0.008036989177912734}], "5": [{"angle": 9.994818579570119, "x_offset": 0.02964915599192943, "y_offset": 0.005225181579589844, "offset": 0.030106062073500243, "deform": 0.0025884348669633628}], "6": [{"angle": 16.24555890090219, "x_offset": 0.02619777141032634, "y_offset": 0.007633750915527344, "offset": 0.027287311701742017, "deform": 0.008984811797936532}]}, "webp": {"1": [], "2": [], "3": [], "4": [{"angle": 146.91185862257566, "x_offset": -0.014886311940602711, "y_offset": 0.009699874877929688, "offset": 0.01776766320708557, "deform": -0.007049498706496182}], "5": [{"angle": 177.91159534645033, "x_offset": -0.0068157986477688625, "y_offset": 0.00024854278564453124, "offset": 0.00682032878410006, "deform": -0.012744661094959642}], "6": [{"angle": -135.9485130539875, "x_offset": -0.003371997638507648, "y_offset": -0.0032621612548828123, "offset": 0.0046917016238204835, "deform": -0.010181664364733556}], "7": [{"angle": 4.878290846194228, "x_offset": 0.020527481674790023, "y_offset": 0.0017519912719726563, "offset": 0.0206021109919811, "deform": 0.025876430856530297}], "8": [{"angle": -168.61465078737274, "x_offset": -0.006309039599902637, "y_offset": -0.00127044677734375, "offset": 0.006435683000832371, "deform": 0.006309650661350363}]}}