{"cheng2020-anchor": {"1": [{"angle": 135.7449359852157, "x_offset": -0.0021788843810328184, "y_offset": 0.002122950553894043, "offset": 0.003042113771736322, "deform": 0.0015683776434038052}], "2": [{"angle": 170.5410624214962, "x_offset": -0.009512647238477317, "y_offset": 0.0015848636627197265, "offset": 0.009643767433587327, "deform": 0.002352468217777008}], "3": [{"angle": 156.085921851337, "x_offset": -0.002796128910020512, "y_offset": 0.0012398958206176758, "offset": 0.0030587053678701507, "deform": 0.0009926294941076663}], "4": [{"angle": 178.1525580082069, "x_offset": -0.008186251960666023, "y_offset": 0.00026404857635498047, "offset": 0.008190509313478827, "deform": 0.002037662487666049}], "5": [{"angle": 166.10050151290133, "x_offset": -0.004286541441692809, "y_offset": 0.0010607719421386718, "offset": 0.004415843593763089, "deform": 0.0011400005361806714}], "6": [{"angle": 169.40345819493092, "x_offset": -0.004784366799137307, "y_offset": 0.0008950710296630859, "offset": 0.004867372783836214, "deform": 0.001900864455159662}]}, "webp": {"1": [{"angle": 143.31389113039452, "x_offset": -0.009680435003921331, "y_offset": 0.007211923599243164, "offset": 0.01207156426758628, "deform": 0.002633464593407915}], "2": [{"angle": 143.31389113039452, "x_offset": -0.009680435003921331, "y_offset": 0.007211923599243164, "offset": 0.01207156426758628, "deform": 0.002633464593407915}], "3": [{"angle": 153.9790683173708, "x_offset": -0.00384651095710666, "y_offset": 0.0018778085708618165, "offset": 0.004280398529569845, "deform": 0.0023828787925285894}], "4": [{"angle": -179.53344786529328, "x_offset": -0.005387295166958253, "y_offset": -4.38690185546875e-05, "offset": 0.005387473777822098, "deform": 0.001164402006003859}], "5": [{"angle": 177.97312730502495, "x_offset": -0.0066862953215492274, "y_offset": 0.00023663043975830078, "offset": 0.00669048123022487, "deform": 0.0016377773914399776}], "6": [{"angle": -175.4249838189165, "x_offset": -0.005504357768762066, "y_offset": -0.0004404544830322266, "offset": 0.0055219520640942266, "deform": 0.001008883334559639}], "7": [{"angle": -177.89904634718886, "x_offset": -0.0036823758747586872, "y_offset": -0.00013508796691894532, "offset": 0.0036848528928318295, "deform": 0.0014323686333831617}], "8": [{"angle": -6.529544643034997, "x_offset": 0.0007909237187801641, "y_offset": -9.052753448486328e-05, "offset": 0.0007960876606435702, "deform": 7.40819095551154e-05}]}}