{"cheng2020-anchor": {"1": [{"angle": 85.74463606541488, "x_offset": 0.0003821055094401042, "y_offset": 0.005135345458984375, "offset": 0.005149541494488216, "deform": -0.012865952190398766}], "2": [{"angle": -87.4720962972666, "x_offset": 0.00011072158813476562, "y_offset": -0.002507913112640381, "offset": 0.002510356040611102, "deform": -0.005120406675960254}], "3": [{"angle": -150.77087829659666, "x_offset": -0.007332261403401693, "y_offset": -0.004102754592895508, "offset": 0.00840206239784848, "deform": -0.007546098982032401}], "4": [{"angle": 149.37433463361458, "x_offset": -0.0011794408162434896, "y_offset": 0.0006982326507568359, "offset": 0.0013706237534801542, "deform": -0.02218652691230094}], "5": [{"angle": 78.46622641711431, "x_offset": 0.00037825902303059895, "y_offset": 0.001853609085083008, "offset": 0.0018918103839461102, "deform": -0.02104381014413481}], "6": [{"angle": -165.4549714083404, "x_offset": -0.0013308207194010417, "y_offset": -0.0003452897071838379, "offset": 0.0013748850021271621, "deform": 0.005295663234435866}]}, "webp": {"1": [], "2": [], "3": [], "4": [{"angle": 154.63712251390086, "x_offset": -0.0038599332173665365, "y_offset": 0.0018297672271728516, "offset": 0.00427166624962267, "deform": -0.01856483026709621}], "5": [{"angle": 101.74128897435739, "x_offset": -0.000684960683186849, "y_offset": 0.003295588493347168, "offset": 0.003366017625472875, "deform": -0.008079522916286774}], "6": [{"angle": 122.92057659785054, "x_offset": -0.002339331309000651, "y_offset": 0.0036132097244262694, "offset": 0.004304387933952893, "deform": 0.006326268622833475}], "7": [{"angle": -65.17332986126884, "x_offset": 0.0007566769917805989, "y_offset": -0.001635599136352539, "offset": 0.001802149995069031, "deform": 0.002857229403452788}], "8": [{"angle": 80.15331963913422, "x_offset": 3.732045491536458e-05, "y_offset": 0.00021501779556274415, "offset": 0.00021823260243087372, "deform": 0.00027253945368554966}]}}