{"cheng2020-anchor": {"1": [{"angle": 72.79938399205734, "x_offset": 0.007089203596115113, "y_offset": 0.02290064493815104, "offset": 0.02397282516122024, "deform": 0.0007935310004706653}], "2": [{"angle": 122.65384242641323, "x_offset": -0.011854517459869384, "y_offset": 0.01849807103474935, "offset": 0.021970621661959885, "deform": -0.023907534952306797}], "3": [{"angle": 128.93861063297527, "x_offset": -0.018514567613601686, "y_offset": 0.022913742065429687, "offset": 0.029458933948119548, "deform": -0.040469926817527285}], "4": [{"angle": 98.76081495059913, "x_offset": -0.0019017517566680907, "y_offset": 0.012340386708577475, "offset": 0.012486064386395969, "deform": -0.011201587319962236}], "5": [{"angle": 88.41586342001001, "x_offset": 0.00043743252754211424, "y_offset": 0.01581722895304362, "offset": 0.015823276492849172, "deform": -0.011093204396009554}], "6": [{"angle": 91.60428651662947, "x_offset": -0.0002833425998687744, "y_offset": 0.01011670430501302, "offset": 0.010120671372195095, "deform": -0.00742477362774327}]}, "webp": {"1": [], "2": [], "3": [], "4": [{"angle": 98.535190746855, "x_offset": -0.002290385961532593, "y_offset": 0.015261205037434895, "offset": 0.015432117387041021, "deform": -0.004816233827955402}], "5": [{"angle": 98.43997098239512, "x_offset": -0.002614474296569824, "y_offset": 0.017620118459065755, "offset": 0.017813030353057115, "deform": -0.007746167076859378}], "6": [{"angle": 106.31866015217574, "x_offset": -0.0007914423942565918, "y_offset": 0.002703253428141276, "offset": 0.00281672862735908, "deform": 0.0004196050480330671}], "7": [{"angle": 74.64987450186227, "x_offset": 0.001036524772644043, "y_offset": 0.003775914510091146, "offset": 0.003915598803736364, "deform": -0.0023000483851713382}], "8": [{"angle": 79.00246201443984, "x_offset": 0.0007615208625793457, "y_offset": 0.003918584187825521, "offset": 0.003991893793830165, "deform": -0.0027166901775732832}]}}