{"cheng2020-anchor": {"1": [{"angle": 179.38275842750141, "x_offset": -0.015344165620349702, "y_offset": 0.00016530752182006836, "offset": 0.015345056049473787, "deform": 0.013981161442185669}], "2": [{"angle": -172.68746673255814, "x_offset": -0.006180103673956562, "y_offset": -0.0007930636405944824, "offset": 0.006230780958987755, "deform": 0.003920932633090679}], "3": [{"angle": 156.52758136895505, "x_offset": -0.006362517134132299, "y_offset": 0.002762860059738159, "offset": 0.006936499116400392, "deform": 0.00731254686457708}], "4": [{"angle": 101.59935972806011, "x_offset": -0.000648948340729521, "y_offset": 0.003161609172821045, "offset": 0.0032275232780882884, "deform": 0.0012060418484470259}], "5": [{"angle": 177.9071831274363, "x_offset": -0.006245775287654124, "y_offset": 0.00022823810577392577, "offset": 0.0062499441258941045, "deform": 0.004815618728998189}], "6": [{"angle": 111.97079530496706, "x_offset": -0.0008677614519114938, "y_offset": 0.0021509408950805666, "offset": 0.002319387132747255, "deform": 0.0018152107414230734}]}, "webp": {"1": [{"angle": -172.67206350295373, "x_offset": -0.015822845251381803, "y_offset": -0.00203479528427124, "offset": 0.015953144633521887, "deform": 0.005340249644145922}, {"angle": 16.563465476712857, "x_offset": 0.41328648158482145, "y_offset": 0.12291915416717529, "offset": 0.43117842515823396, "deform": -0.46591429220663777}], "2": [{"angle": -167.89975099678767, "x_offset": -0.023798572773836096, "y_offset": -0.005102080106735229, "offset": 0.024339336217060564, "deform": 0.01433819479560644}], "3": [{"angle": -151.79581783598428, "x_offset": -0.016533434255863805, "y_offset": -0.008866703510284424, "offset": 0.018760940259812696, "deform": 0.005792479936457429}], "4": [{"angle": -177.53813739150786, "x_offset": -0.0061284798343165395, "y_offset": -0.0002634882926940918, "offset": 0.0061341414362575085, "deform": 0.006296053004422597}], "5": [{"angle": -105.49446939806239, "x_offset": -0.0005512367300435799, "y_offset": -0.001988440752029419, "offset": 0.0020634336812411637, "deform": 0.0008390634006383013}], "6": [{"angle": 116.18555569029454, "x_offset": -0.0005636928843803146, "y_offset": 0.0011463046073913574, "offset": 0.0012774051514017205, "deform": 0.003384842720361908}], "7": [{"angle": -135.8060217624701, "x_offset": -0.003330689168571074, "y_offset": -0.003238272666931152, "offset": 0.004645417118303809, "deform": 0.0001155280042481055}], "8": [{"angle": 24.637929907813223, "x_offset": 0.001595927474179776, "y_offset": 0.0007319509983062744, "offset": 0.0017557724131456764, "deform": 0.00047219078547405813}, {"angle": -170.715795908315, "x_offset": -0.0014873340286635488, "y_offset": -0.00024313926696777343, "offset": 0.0015070763802681561, "deform": -0.0007625381941136176}]}}