{"cheng2020-anchor": {"1": [{"angle": 144.64394168025382, "x_offset": -0.0012716833566654624, "y_offset": 0.0009022712707519531, "offset": 0.0015592536694342847, "deform": 0.0009016143447602432}], "2": [{"angle": 56.43905028114988, "x_offset": 0.0007136350422236272, "y_offset": 0.0010756969451904297, "offset": 0.0012908907356478862, "deform": 0.0010340654928469029}], "3": [{"angle": 147.77440296168743, "x_offset": -0.0014762216909772398, "y_offset": 0.0009305477142333984, "offset": 0.0017450356814050262, "deform": 0.00040967758521881503}], "4": [{"angle": 21.252099301157, "x_offset": 0.0011475844190299855, "y_offset": 0.000446319580078125, "offset": 0.0012313209030799012, "deform": -0.0005414500971936131}], "5": [{"angle": 97.93012620223253, "x_offset": -0.00019483621409862716, "y_offset": 0.0013987064361572266, "offset": 0.0014122113315194493, "deform": -0.0012482025299215826}], "6": [{"angle": 111.94195836772923, "x_offset": -0.0001728741419797688, "y_offset": 0.00042912960052490237, "offset": 0.00046264206792282034, "deform": -0.0008820810878105295}]}, "webp": {"1": [{"angle": -121.17850384108952, "x_offset": -0.0005642223909411127, "y_offset": -0.0009324312210083008, "offset": 0.0010898508560121135, "deform": 0.00172053154697914}], "2": [{"angle": -121.17850384108952, "x_offset": -0.0005642223909411127, "y_offset": -0.0009324312210083008, "offset": 0.0010898508560121135, "deform": 0.00172053154697914}], "3": [{"angle": -15.642018286034094, "x_offset": 0.0009627149284230491, "y_offset": -0.00026955604553222654, "offset": 0.0009997402138013497, "deform": 0.0016253892238106554}], "4": [{"angle": -172.8912843474999, "x_offset": -0.0038529765399205203, "y_offset": -0.0004805088043212891, "offset": 0.0038828233192109295, "deform": 0.00027646261006274153}], "5": [{"angle": 56.8626096721203, "x_offset": 0.0005953573767160404, "y_offset": 0.0009119749069213867, "offset": 0.0010891045114517143, "deform": 0.000987034728755637}], "6": [{"angle": 129.695698643901, "x_offset": -0.0004141041309158237, "y_offset": 0.0004988670349121094, "offset": 0.0006483444684452467, "deform": 0.0012225248435521752}], "7": [{"angle": 37.634108780720766, "x_offset": 0.0002737761921965318, "y_offset": 0.00021109580993652343, "offset": 0.00034570919048586073, "deform": 0.000769332353250482}], "8": [{"angle": -103.57741730527981, "x_offset": -2.1080061190390172e-05, "y_offset": -8.728504180908204e-05, "offset": 8.979447367964129e-05, "deform": 0.00012869741854285022}]}}