{"cheng2020-anchor": {"1": [{"angle": -99.82689679895176, "x_offset": -0.00031267404556274415, "y_offset": -0.0018051369522316789, "offset": 0.0018320165051333044, "deform": -0.0018752011813313874}], "2": [{"angle": -176.1054298488612, "x_offset": -0.0028737068176269533, "y_offset": -0.0001956360751526767, "offset": 0.00288035837137964, "deform": -0.017899261189701143}], "3": [{"angle": 138.80327824335868, "x_offset": -0.0034618258476257326, "y_offset": 0.0030302495817632535, "offset": 0.004600722848321337, "deform": 0.0016616557353655304}], "4": [{"angle": 20.02461881187469, "x_offset": 0.0009832262992858886, "y_offset": 0.00035834362006237006, "offset": 0.0010464913308990324, "deform": 0.0071081857055037}], "5": [{"angle": 99.64840163602202, "x_offset": -0.0012064576148986816, "y_offset": 0.0070965423901214915, "offset": 0.007198364666459895, "deform": 0.007085974580471777}], "6": [{"angle": 81.97501638443612, "x_offset": 0.0012688636779785156, "y_offset": 0.008999957364215177, "offset": 0.009088962954649124, "deform": 0.008799426535893828}]}, "webp": {"1": [], "2": [{"angle": -8.573966837640114, "x_offset": 0.0025808334350585936, "y_offset": -0.000389114982620842, "offset": 0.002610002239312518, "deform": 0.01420170203913318}], "3": [{"angle": 86.09412094838129, "x_offset": 0.0015166282653808593, "y_offset": 0.02221311700071466, "offset": 0.02226483164505833, "deform": 0.03688792656945439}], "4": [{"angle": 70.92685814764779, "x_offset": 0.006227266788482666, "y_offset": 0.018010573674636175, "offset": 0.019056747249844, "deform": 0.039439990548884196}], "5": [{"angle": 78.03287603828507, "x_offset": 0.005045878887176514, "y_offset": 0.023806153612672167, "offset": 0.024335033256073387, "deform": 0.03354116239426119}], "6": [{"angle": 7.511619410303485, "x_offset": 0.0049492835998535155, "y_offset": 0.0006526066706730769, "offset": 0.004992124158951375, "deform": 0.009371050525255387}], "7": [{"angle": 14.789861730057028, "x_offset": 0.004915940761566162, "y_offset": 0.0012979170388838358, "offset": 0.0050843939866077135, "deform": 0.004223657838451245}], "8": [{"angle": 87.82170382733062, "x_offset": 0.00014661550521850587, "y_offset": 0.0038545731447342775, "offset": 0.0038573605268988243, "deform": 0.0060490664040276365}]}}