{"cheng2020-anchor": {"1": [{"angle": 5.744025246633885, "x_offset": 0.09560629272460938, "y_offset": 0.009616976737976074, "offset": 0.09608875818805482, "deform": 0.15323879228319448}], "2": [{"angle": 172.9067198715871, "x_offset": -0.05965493774414062, "y_offset": 0.007423310279846191, "offset": 0.06011503250242957, "deform": -0.06631524565067115}], "3": [{"angle": 1.6027259588911729, "x_offset": 0.14187001864115398, "y_offset": 0.00396954345703125, "offset": 0.14192554197359486, "deform": 0.227870599012849}], "4": [{"angle": 2.2235553723217243, "x_offset": 0.12849521700541178, "y_offset": 0.004989193916320801, "offset": 0.12859204038043145, "deform": 0.19807916619055477}], "5": [{"angle": 3.9717219199176266, "x_offset": 0.13453367042541503, "y_offset": 0.009340789794921875, "offset": 0.13485755014876663, "deform": 0.20358549287386607}], "6": [{"angle": 3.8090319071778693, "x_offset": 0.1400513343811035, "y_offset": 0.009324374198913575, "offset": 0.14036139147261625, "deform": 0.21963835894925532}]}, "webp": {"1": [], "2": [], "3": [{"angle": -0.002094109665188634, "x_offset": 0.06703280639648437, "y_offset": -2.449989318847656e-06, "offset": 0.06703280644125684, "deform": 0.07319433288535981}], "4": [{"angle": 0.915447462226456, "x_offset": 0.08173174031575521, "y_offset": 0.0013059859275817872, "offset": 0.08174217378003283, "deform": 0.1035722950253245}], "5": [{"angle": 1.2890616820046112, "x_offset": 0.1315056324005127, "y_offset": 0.0029591617584228515, "offset": 0.13153892196369593, "deform": 0.18611929996838938}], "6": [{"angle": 1.238416580367588, "x_offset": 0.12581595293680828, "y_offset": 0.002719865798950195, "offset": 0.1258453482785973, "deform": 0.19105414609957783}], "7": [{"angle": 20.128093666883, "x_offset": 0.0023715922037760417, "y_offset": 0.0008691983222961425, "offset": 0.0025258573404873304, "deform": -0.006382007370618115}], "8": [{"angle": -0.16798888512247714, "x_offset": 0.13370128440856935, "y_offset": -0.0003920078277587891, "offset": 0.1337018590844502, "deform": 0.19828212219206787}]}}