{"cheng2020-anchor": {"1": [], "2": [], "3": [], "4": [{"angle": 170.38633644394392, "x_offset": -0.12845089721679687, "y_offset": 0.021757352828979493, "offset": 0.13028052578157956, "deform": 0.1685749959774927}], "5": [{"angle": 162.70193471271008, "x_offset": -0.010242156982421875, "y_offset": 0.003189697265625, "offset": 0.010727345817997514, "deform": 0.02745302342597311}], "6": [{"angle": 171.46176393075467, "x_offset": -0.12291578165690104, "y_offset": 0.01845375442504883, "offset": 0.12429332416790122, "deform": 0.1645604856869078}]}, "webp": {"1": [], "2": [], "3": [], "4": [], "5": [{"angle": 169.48518092517895, "x_offset": -0.12775621541341145, "y_offset": 0.02371239471435547, "offset": 0.1299381708346219, "deform": 0.217860878747212}], "6": [{"angle": 174.2905577871124, "x_offset": -0.12765636189778645, "y_offset": 0.012763046264648437, "offset": 0.1282927982504559, "deform": 0.17907345848873463}], "7": [{"angle": -149.93766483799737, "x_offset": -0.002169342041015625, "y_offset": -0.0012556190490722657, "offset": 0.0025065163249639883, "deform": 0.002676597282672444}], "8": [{"angle": 139.23165898050144, "x_offset": -0.003643971761067708, "y_offset": 0.0031418800354003906, "offset": 0.00481143849096156, "deform": -0.00421368469933836}]}}