{"cheng2020-anchor": {"1": [], "2": [], "3": [], "4": [{"angle": -14.296079877912398, "x_offset": 0.011293935775756835, "y_offset": -0.0028779652197036387, "offset": 0.011654856031403562, "deform": -0.029869333997613046}], "5": [{"angle": 15.101178694054852, "x_offset": 0.009642982482910156, "y_offset": 0.002602089178953932, "offset": 0.009987891632418788, "deform": -0.03743043507078625}], "6": [{"angle": 50.61428724855363, "x_offset": 0.0018404603004455566, "y_offset": 0.0022417525170554575, "offset": 0.0029004738346071366, "deform": -0.018500246273302712}]}, "webp": {"1": [], "2": [], "3": [{"angle": -23.509404942965762, "x_offset": 0.008212685585021973, "y_offset": -0.003572580400207233, "offset": 0.008956089282402928, "deform": -0.03203849505248135}], "4": [{"angle": 94.70318442460835, "x_offset": -9.521245956420899e-05, "y_offset": 0.0011573039310079226, "offset": 0.0011612139342871565, "deform": 0.004482761757454878}], "5": [{"angle": -50.63610085375761, "x_offset": 0.0008260011672973633, "y_offset": -0.001006883074979827, "offset": 0.001302340759961631, "deform": -0.0002799858817866818}], "6": [{"angle": -45.685062463123444, "x_offset": 0.0024347186088562013, "y_offset": -0.0024936479022245454, "offset": 0.0034851304946270736, "deform": -0.041124417393215595}], "7": [{"angle": 148.2587432000892, "x_offset": -0.005196809768676758, "y_offset": 0.0032147868698191753, "offset": 0.006110784433292991, "deform": -0.014096771770314542}], "8": [{"angle": -113.79451490986568, "x_offset": -0.0012811660766601563, "y_offset": -0.0029055456600278755, "offset": 0.0031754656506552863, "deform": -0.02042418886613151}]}}