{"cheng2020-anchor": {"1": [], "2": [], "3": [], "4": [{"angle": 129.389407493224, "x_offset": -0.001998011271158854, "y_offset": 0.002433335781097412, "offset": 0.00314851902697868, "deform": -0.013722183315518666}], "5": [{"angle": 124.06664945162872, "x_offset": -0.0015926361083984375, "y_offset": 0.0023552656173706056, "offset": 0.0028431964234190113, "deform": 0.0027065297801043275}], "6": [{"angle": 80.02074137123044, "x_offset": 0.0028491973876953124, "y_offset": 0.016192877292633058, "offset": 0.01644163011286658, "deform": 0.0032731328654640457}]}, "webp": {"1": [], "2": [], "3": [{"angle": 87.58368236103209, "x_offset": 0.00012645721435546874, "y_offset": 0.0029967784881591796, "offset": 0.002999445404429986, "deform": -0.021531457883493088}], "4": [], "5": [{"angle": 145.9758779978555, "x_offset": -0.005525779724121094, "y_offset": 0.0037305712699890136, "offset": 0.0066671885799019686, "deform": -0.006961145862581619}], "6": [{"angle": 48.84314347293531, "x_offset": 0.0026432037353515624, "y_offset": 0.0030238986015319823, "offset": 0.0040162779708236744, "deform": -0.009779834847158664}], "7": [{"angle": 58.61797366102307, "x_offset": 0.004125150044759115, "y_offset": 0.006762850284576416, "offset": 0.007921679548136964, "deform": -0.002377505353178877}], "8": [{"angle": 53.15744285397416, "x_offset": 0.0020162582397460936, "y_offset": 0.002691018581390381, "offset": 0.0033625701917926287, "deform": -0.0037863454242141326}]}}