{"cheng2020-anchor": {"1": [{"angle": -67.52669880768984, "x_offset": 0.004165608723958334, "y_offset": -0.010069938659667968, "offset": 0.010897520848825814, "deform": 0.051412199252354296}], "2": [{"angle": -70.79699101920588, "x_offset": 0.00273162841796875, "y_offset": -0.007842842102050782, "offset": 0.008304936246086105, "deform": 0.038141498111524064}], "3": [{"angle": -72.72062902923588, "x_offset": 0.004291839599609375, "y_offset": -0.013797004699707032, "offset": 0.014449125434866745, "deform": 0.06945340719439236}], "4": [{"angle": 1.5535649158166043, "x_offset": 0.00577490234375, "y_offset": 0.00015662384033203125, "offset": 0.0057770258877046414, "deform": 0.03292709561216556}], "5": [{"angle": -1.9578322442105154, "x_offset": 0.0024383138020833335, "y_offset": -8.335113525390626e-05, "offset": 0.002439738020603482, "deform": 0.033455693165954425}], "6": [{"angle": 33.79123377444434, "x_offset": 0.0056587270100911455, "y_offset": 0.003786933898925781, "offset": 0.00680896906510584, "deform": 0.019153722478555513}]}, "webp": {"1": [], "2": [], "3": [{"angle": -68.51691428780688, "x_offset": 0.00862517801920573, "y_offset": -0.021915260314941405, "offset": 0.023551482554918603, "deform": 0.05969689565493819}], "4": [{"angle": -27.68160801239398, "x_offset": 0.01269378153483073, "y_offset": -0.006659187316894531, "offset": 0.014334464251429091, "deform": 0.03092704921143219}], "5": [{"angle": -45.57335726013119, "x_offset": 0.007565770467122396, "y_offset": -0.007718727111816406, "offset": 0.010808313050049536, "deform": 0.0434971004810622}], "6": [{"angle": -5.472884126746619, "x_offset": 0.009500330607096354, "y_offset": -0.0009102401733398438, "offset": 0.009543836692719208, "deform": 0.015747653080547264}], "7": [{"angle": 0.2656639152098846, "x_offset": 0.011536046346028646, "y_offset": 5.348968505859375e-05, "offset": 0.011536170354330268, "deform": 0.003511852652861802}], "8": [{"angle": 8.804918286893434, "x_offset": 0.002171600341796875, "y_offset": 0.00033637237548828124, "offset": 0.0021974973081858224, "deform": 0.0009908800728199996}]}}