{"cheng2020-anchor": {"1": [{"angle": 74.38600062963086, "x_offset": 0.00335736083984375, "y_offset": 0.012013381958007812, "offset": 0.012473701049724735, "deform": 0.005473694986814014}], "2": [{"angle": -93.0551925030836, "x_offset": -0.00049310302734375, "y_offset": -0.009238677978515625, "offset": 0.0092518280024158, "deform": 0.011239870660414271}], "3": [{"angle": 87.5983956337216, "x_offset": 0.0004047444661458333, "y_offset": 0.00965045166015625, "offset": 0.009658935517327372, "deform": 0.0037983071627467613}], "4": [{"angle": 178.3033786566266, "x_offset": -0.0016170450846354166, "y_offset": 4.78973388671875e-05, "offset": 0.001617754295563489, "deform": 0.005242597046244864}], "5": [{"angle": 46.17884678015002, "x_offset": 0.0018761800130208334, "y_offset": 0.00195501708984375, "offset": 0.0027096389543332113, "deform": 0.0010643540538102236}], "6": [{"angle": 57.74388442733649, "x_offset": 0.001458740234375, "y_offset": 0.0023114166259765624, "offset": 0.0027332343277196897, "deform": 0.0024259009580835586}]}, "webp": {"1": [{"angle": -124.55390295112653, "x_offset": -0.00326068115234375, "y_offset": -0.004734771728515625, "offset": 0.005748922064039537, "deform": -0.003764214001869187}], "2": [{"angle": 62.18069217083509, "x_offset": 0.00187127685546875, "y_offset": 0.003546295166015625, "offset": 0.004009723989792664, "deform": 0.0005110869839886414}], "3": [{"angle": 30.772115331167075, "x_offset": 0.006583089192708333, "y_offset": 0.0039199676513671875, "offset": 0.007661801988234781, "deform": -0.004847265715606508}], "4": [{"angle": -54.21402798428577, "x_offset": 0.0002624104817708333, "y_offset": -0.0003640289306640625, "offset": 0.00044874973348585026, "deform": 0.0018437509216566936}], "5": [{"angle": 101.37515934288733, "x_offset": -0.00050030517578125, "y_offset": 0.0024868011474609374, "offset": 0.00253662871069586, "deform": 0.0017806324021927902}], "6": [{"angle": 11.599949834553117, "x_offset": 0.00331201171875, "y_offset": 0.0006798553466796875, "offset": 0.0033810686058621006, "deform": -0.001228619142435515}], "7": [{"angle": -2.469490371841596, "x_offset": 0.0004677327473958333, "y_offset": -2.0172119140625e-05, "offset": 0.0004681675313144623, "deform": -0.00042630807905893325}, {"angle": -15.83011338980457, "x_offset": 0.00319110107421875, "y_offset": -0.0009048023223876953, "offset": 0.0033168951307628388, "deform": 0.01312937764597033}], "8": [{"angle": 120.88013189922555, "x_offset": -8.3740234375e-05, "y_offset": 0.0001400299072265625, "offset": 0.00016315882376095886, "deform": 0.0006685785348390094}, {"angle": 12.474317738585844, "x_offset": 0.0011133219401041666, "y_offset": 0.0002462940216064453, "offset": 0.0011402396622624481, "deform": 0.0033124863119040615}]}}