{"cheng2020-anchor": {"1": [], "2": [], "3": [{"angle": 109.41710984871173, "x_offset": -0.001923148513685727, "y_offset": 0.005455875396728515, "offset": 0.005784900738156114, "deform": 0.0005867667174479603}], "4": [{"angle": 103.58124050778147, "x_offset": -0.0003607639466053487, "y_offset": 0.001493358612060547, "offset": 0.001536317209883971, "deform": 4.349937413413926e-05}], "5": [{"angle": 144.3795292099294, "x_offset": -0.0014597214141917848, "y_offset": 0.0010458469390869141, "offset": 0.0017957122339193248, "deform": -0.0005132834759103812}], "6": [{"angle": 82.91095244636969, "x_offset": 0.00019114970033614067, "y_offset": 0.0015370368957519532, "offset": 0.0015488772149016194, "deform": 4.941623141365564e-05}]}, "webp": {"1": [], "2": [], "3": [], "4": [{"angle": 2.584517679467639, "x_offset": 0.0011841974641696217, "y_offset": 5.345344543457031e-05, "offset": 0.0011854032668145423, "deform": 8.973025687393065e-05}], "5": [{"angle": 94.25518803129263, "x_offset": -0.0002683454653331856, "y_offset": 0.0036066055297851564, "offset": 0.003616574724271815, "deform": 0.00023961420722488826}], "6": [{"angle": -177.97311370961424, "x_offset": -0.0023875135056515956, "y_offset": -8.449554443359374e-05, "offset": 0.002389008211936054, "deform": -0.00012838715106282348}], "7": [{"angle": -106.07097159540702, "x_offset": -0.0003124624843011229, "y_offset": -0.001084613800048828, "offset": 0.0011287248997660982, "deform": 7.803454351442557e-06}], "8": [{"angle": -21.976515671565732, "x_offset": 0.0019381908660239362, "y_offset": -0.0007821559906005859, "offset": 0.0020900602447707097, "deform": 0.00029228990062263663}]}}