{"cheng2020-anchor": {"1": [{"angle": 95.47574899139366, "x_offset": -0.0008531087239583334, "y_offset": 0.00889935302734375, "offset": 0.008940149819784127, "deform": 0.0026831768877506566}], "2": [{"angle": 101.11774268793846, "x_offset": -0.0011667887369791667, "y_offset": 0.00593743896484375, "offset": 0.006050998051395013, "deform": 0.0030807399078309552}], "3": [{"angle": 102.53919796926, "x_offset": -0.0011730143229166667, "y_offset": 0.0052740478515625, "offset": 0.005402919890423943, "deform": 0.004448824885825341}], "4": [{"angle": 95.13425052876245, "x_offset": -0.0003719482421875, "y_offset": 0.0041396484375, "offset": 0.004156324660197102, "deform": 0.00060667709639671}], "5": [{"angle": 83.34391173565972, "x_offset": 0.0004276529947916667, "y_offset": 0.0036646728515625, "offset": 0.003689541190030748, "deform": 0.0008232015665769754}], "6": [{"angle": 76.81533219656858, "x_offset": 0.0007643229166666666, "y_offset": 0.00326263427734375, "offset": 0.0033509658232575594, "deform": -0.00010234934020040068}]}, "webp": {"1": [], "2": [], "3": [], "4": [{"angle": 149.4176799077601, "x_offset": -0.00925537109375, "y_offset": 0.005469757080078125, "offset": 0.010750820275592361, "deform": 0.007917993994086981}], "5": [{"angle": 172.32644826460856, "x_offset": -0.0022711181640625, "y_offset": 0.000305999755859375, "offset": 0.0022916399293345844, "deform": 0.0007844224679917182}], "6": [{"angle": 135.5018576187202, "x_offset": -0.0011609700520833334, "y_offset": 0.00114080810546875, "offset": 0.001627665381869866, "deform": 0.0008808438532948576}], "7": [{"angle": 132.75374779248577, "x_offset": -0.0006776123046875, "y_offset": 0.000732940673828125, "offset": 0.0009981785746125446, "deform": 0.0005157960628122266}], "8": [{"angle": 71.5685160189077, "x_offset": 0.00025227864583333336, "y_offset": 0.000756988525390625, "offset": 0.0007979198848985864, "deform": 6.744365877909414e-05}]}}