{"cheng2020-anchor": {"1": [{"angle": 77.70259600996974, "x_offset": 0.0001472949981689453, "y_offset": 0.0006757029499190737, "offset": 0.0006915708879174482, "deform": -0.00010889130809151298}], "2": [{"angle": 76.41326679110594, "x_offset": 0.0003355264663696289, "y_offset": 0.0013883066367343128, "offset": 0.0014282763483426549, "deform": -6.016117909763525e-05}], "3": [{"angle": 96.55376914525154, "x_offset": -9.710788726806641e-05, "y_offset": 0.0008452518052788845, "offset": 0.000850811704254755, "deform": -1.4977336771215084e-05}], "4": [{"angle": 79.0744080899728, "x_offset": 8.044242858886718e-05, "y_offset": 0.0004167290797746514, "offset": 0.00042442208972566774, "deform": 5.191144154524023e-06}], "5": [{"angle": 56.246402027193156, "x_offset": 0.00024042129516601562, "y_offset": 0.00035976698674053783, "offset": 0.000432706232815834, "deform": -5.4997401448827294e-06}], "6": [{"angle": 83.08565300149598, "x_offset": 5.0520896911621095e-05, "y_offset": 0.00041660749579805776, "offset": 0.00041965958416302537, "deform": 1.4167325640751494e-05}]}, "webp": {"1": [{"angle": 69.30005237188668, "x_offset": 0.000516510009765625, "y_offset": 0.0013669078568538347, "offset": 0.0014612390904013037, "deform": -0.00027141397906698295}], "2": [{"angle": 82.62417899247176, "x_offset": 5.621910095214844e-05, "y_offset": 0.00043429796439243027, "offset": 0.00043792157880980984, "deform": -0.0003438023628390557}], "3": [{"angle": 116.84354028942042, "x_offset": -0.0004986286163330078, "y_offset": 0.0009852557543264442, "offset": 0.001104246076950034, "deform": -0.00015633017805903972}], "4": [{"angle": -136.61645638332612, "x_offset": -0.0005122661590576172, "y_offset": -0.00048414739479581674, "offset": 0.0007048512733926359, "deform": 1.0141045429309264e-05}], "5": [{"angle": -69.53956617193816, "x_offset": 4.1937828063964845e-05, "y_offset": -0.00011240438636080677, "offset": 0.00011997302820164288, "deform": -6.29329199130931e-05}], "6": [{"angle": 126.48361514292094, "x_offset": -0.00017294883728027343, "y_offset": 0.00023386677897783864, "offset": 0.0002908693360016964, "deform": -8.133510309706721e-06}], "7": [{"angle": 115.25790751729193, "x_offset": -0.0002126455307006836, "y_offset": 0.00045071180123256973, "offset": 0.0004983565485646625, "deform": -1.939042874628651e-05}], "8": [{"angle": -43.04855711564531, "x_offset": 0.00011773109436035157, "y_offset": -0.00010997270682893426, "offset": 0.00016110433521966046, "deform": 7.097314592406125e-07}]}}