{"cheng2020-anchor": {"1": [], "2": [], "3": [], "4": [], "5": [], "6": [{"angle": 93.7060373630467, "x_offset": -0.00022749900817871095, "y_offset": 0.003512255350748698, "offset": 0.003519615525534736, "deform": -0.011923266133029187}]}, "webp": {"1": [], "2": [], "3": [], "4": [], "5": [], "6": [], "7": [{"angle": 154.4597364377502, "x_offset": -0.002673053741455078, "y_offset": 0.0012772878011067708, "offset": 0.002962546275007896, "deform": -0.01600138090262293}], "8": [{"angle": -86.47230556150761, "x_offset": 0.0001269102096557617, "y_offset": -0.0020586331685384113, "offset": 0.0020625413265972074, "deform": 0.0072878264924080005}]}}