{"cheng2020-anchor": {"1": [{"angle": 71.96544548777602, "x_offset": 0.014313425699869792, "y_offset": 0.04396196365356445, "offset": 0.04623341219878774, "deform": -0.24153102887322003}], "2": [{"angle": 60.06060768100463, "x_offset": 0.02548650360107422, "y_offset": 0.044251955986022946, "offset": 0.05106659842202613, "deform": -0.17828766193170414}], "3": [{"angle": 23.533627790494645, "x_offset": 0.07851099650065105, "y_offset": 0.034192358016967773, "offset": 0.08563348596364474, "deform": -0.13687710318472252}], "4": [{"angle": 42.87159185235905, "x_offset": 0.006786905924479167, "y_offset": 0.0063005142211914065, "offset": 0.009260592393533234, "deform": 0.029434120202373737}], "5": [{"angle": 139.94473056212468, "x_offset": -0.0036246541341145833, "y_offset": 0.0030474090576171876, "offset": 0.004735485144776743, "deform": 0.020105562942756672}], "6": [{"angle": 162.7943050555207, "x_offset": -0.007235209147135417, "y_offset": 0.002240459442138672, "offset": 0.007574160673940073, "deform": 0.007570669828541932}]}, "webp": {"1": [], "2": [], "3": [], "4": [{"angle": 65.21566129061912, "x_offset": 0.004596354166666667, "y_offset": 0.009954566955566407, "offset": 0.010964482427287148, "deform": -0.024187428932054}], "5": [{"angle": 69.64298655770143, "x_offset": 0.00349383544921875, "y_offset": 0.009416257858276367, "offset": 0.01004354510119654, "deform": 0.0005090212828976481}], "6": [{"angle": -65.1806635322708, "x_offset": 0.0028865559895833335, "y_offset": -0.006241546630859375, "offset": 0.006876707775250554, "deform": 0.014266723287503003}], "7": [{"angle": -20.199322618810363, "x_offset": 0.005223154703776042, "y_offset": -0.0019216766357421874, "offset": 0.005565445728055858, "deform": 0.013429346426267141}], "8": [{"angle": -106.90391337176025, "x_offset": -0.0007318013509114583, "y_offset": -0.002408050537109375, "offset": 0.0025167917288620814, "deform": 0.004931399560193173}]}}