{"cheng2020-anchor": {"1": [{"angle": 11.198332471501715, "x_offset": 0.014172877863363582, "y_offset": 0.0028058767318725588, "offset": 0.014447955258938383, "deform": 0.010231956029179978}], "2": [{"angle": 136.35579513352647, "x_offset": -0.0037475157119072015, "y_offset": 0.003574228286743164, "offset": 0.005178704650464855, "deform": 0.003747528507668685}], "3": [{"angle": 105.19265289968637, "x_offset": -0.0013922304961943794, "y_offset": 0.005126857757568359, "offset": 0.005312530114820292, "deform": 0.005042780504455099}], "4": [{"angle": 42.61029808513221, "x_offset": 0.005941136380269321, "y_offset": 0.005465126037597657, "offset": 0.008072465800224088, "deform": 0.007163661627894474}], "5": [{"angle": 132.22148497950312, "x_offset": -0.004468359489351581, "y_offset": 0.004924201965332031, "offset": 0.006649360985948811, "deform": 0.0016769298951826855}], "6": [{"angle": 140.80996398767886, "x_offset": -0.0047396586147906905, "y_offset": 0.003864198923110962, "offset": 0.006115259365074512, "deform": 0.000369015271824244}]}, "webp": {"1": [{"angle": 0.587969711945182, "x_offset": 0.03783150523272834, "y_offset": 0.0003882408142089844, "offset": 0.037833497315259784, "deform": 0.011225721314132367}], "2": [{"angle": 10.788250460390405, "x_offset": 0.022818143250512294, "y_offset": 0.004347944259643554, "offset": 0.02322869519981411, "deform": 0.009548788040615208}], "3": [{"angle": 46.28579694691938, "x_offset": 0.003452703042666862, "y_offset": 0.003611254692077637, "offset": 0.004996230454241853, "deform": 0.0017405769503642948}], "4": [{"angle": 8.769287188405333, "x_offset": 0.019080561832186767, "y_offset": 0.0029433548450469972, "offset": 0.01930624711267739, "deform": 0.005783819276876004}], "5": [{"angle": 10.187746221599715, "x_offset": 0.013695817362229216, "y_offset": 0.00246124267578125, "offset": 0.01391521213379897, "deform": 0.004671839483513629}], "6": [{"angle": 117.37316384459642, "x_offset": -0.0006525187079186183, "y_offset": 0.0012602806091308594, "offset": 0.0014191856389968978, "deform": -0.0006543106796161186}], "7": [{"angle": 172.24429541157923, "x_offset": -0.003303617169203747, "y_offset": 0.0004499375820159912, "offset": 0.0033341161090112287, "deform": -0.0025839928813735508}], "8": [{"angle": -165.82864932906043, "x_offset": -0.002942051764673595, "y_offset": -0.0007428884506225586, "offset": 0.0030343948055728347, "deform": -0.0031588928961776563}]}}