{"cheng2020-anchor": {"1": [{"angle": 52.494881560185824, "x_offset": 0.001036932004378146, "y_offset": 0.0013511061668395996, "offset": 0.0017031488061163872, "deform": 0.0005463511988091571}], "2": [{"angle": 69.21014020549505, "x_offset": 0.000692533966678901, "y_offset": 0.0018240809440612793, "offset": 0.0019511213661613932, "deform": -0.00011918070359354105}], "3": [{"angle": 90.77800249541494, "x_offset": -2.6250578946448546e-05, "y_offset": 0.0019330978393554688, "offset": 0.0019332760665295076, "deform": 5.051610594582895e-05}], "4": [{"angle": 92.01623035284412, "x_offset": -6.560937936940716e-05, "y_offset": 0.0018636703491210938, "offset": 0.0018648248606382258, "deform": 1.7012085690597256e-05}], "5": [{"angle": 56.29791681385654, "x_offset": 0.0011117581019732244, "y_offset": 0.001666879653930664, "offset": 0.0020036201880573863, "deform": 0.0003397989069227128}], "6": [{"angle": 71.32644377179895, "x_offset": 0.0006135944818756991, "y_offset": 0.0018155455589294433, "offset": 0.0019164299790852607, "deform": 0.00032514438153522646}]}, "webp": {"1": [], "2": [], "3": [{"angle": 151.76377860118254, "x_offset": -0.000982604570836829, "y_offset": 0.0005276679992675781, "offset": 0.0011153229398163016, "deform": 0.00033472528712018973}], "4": [{"angle": -45.21820011397671, "x_offset": 0.0004165273918134787, "y_offset": -0.00041971206665039065, "offset": 0.0005913148797577153, "deform": 0.0003760620012777244}], "5": [{"angle": 15.438731197384067, "x_offset": 0.0006687070432658697, "y_offset": 0.00018467903137207032, "offset": 0.0006937401922491645, "deform": -0.00011448201024322202}], "6": [{"angle": 1.2748114618110884, "x_offset": 0.00039855479127342, "y_offset": 8.869171142578126e-06, "offset": 0.00039865346335351924, "deform": -4.623949156162821e-05}], "7": [{"angle": 30.105681888546467, "x_offset": 0.000396643175641429, "y_offset": 0.0002299785614013672, "offset": 0.00045849312697919466, "deform": 0.00012450532068238734}], "8": [{"angle": -12.437405168395864, "x_offset": 0.0004202482150971756, "y_offset": -9.268522262573242e-05, "offset": 0.00043034766501695294, "deform": -0.000129548360645923}]}}