{"cheng2020-anchor": {"1": [], "2": [], "3": [{"angle": 1.8957859406594069, "x_offset": 0.054813576996717725, "y_offset": 0.0018143177032470704, "offset": 0.05484359554135212, "deform": 0.01865594570605364}], "4": [{"angle": 0.24424622333946455, "x_offset": 0.04919460304978118, "y_offset": 0.00020971298217773438, "offset": 0.04919505004327604, "deform": 0.01971673038542318}], "5": [{"angle": 2.447477948638641, "x_offset": 0.0790638996683534, "y_offset": 0.0033793926239013674, "offset": 0.07913608864022742, "deform": 0.04559904713392146}], "6": [{"angle": 160.09053574725067, "x_offset": -0.0037518090179243027, "y_offset": 0.0013588368892669678, "offset": 0.003990301817984556, "deform": -0.0027333926717098833}]}, "webp": {"1": [], "2": [], "3": [], "4": [{"angle": 1.468825140065064, "x_offset": 0.06687429749470049, "y_offset": 0.0017147541046142578, "offset": 0.06689627827502062, "deform": 0.03737621210035061}], "5": [], "6": [{"angle": 0.8588531554496162, "x_offset": 0.05674134302452304, "y_offset": 0.0008506059646606445, "offset": 0.05674771835707323, "deform": 0.018533438236089772}], "7": [{"angle": 2.090286232418356, "x_offset": 0.04401150626218032, "y_offset": 0.0016063570976257325, "offset": 0.04404081137525772, "deform": 0.015082131041363939}], "8": [{"angle": 1.7440461482208827, "x_offset": 0.06818541812688048, "y_offset": 0.002076160907745361, "offset": 0.06821701905868044, "deform": 0.030385137973281295}]}}