{"cheng2020-anchor": {"1": [{"angle": -144.95374681419412, "x_offset": -0.008307153701782227, "y_offset": -0.005826731363932291, "offset": 0.01014690105463074, "deform": -0.007525702218085989}], "2": [{"angle": 122.71865906814446, "x_offset": -0.02226144027709961, "y_offset": 0.034650929768880206, "offset": 0.04118566081852689, "deform": 0.0362540865796476}], "3": [], "4": [{"angle": -162.93931530889137, "x_offset": -0.006678668975830078, "y_offset": -0.002049611409505208, "offset": 0.006986095205383985, "deform": -0.003602877096649637}], "5": [{"angle": -153.2794278657676, "x_offset": -0.0034553413391113282, "y_offset": -0.001739410400390625, "offset": 0.003868453477910616, "deform": -0.0033489976107154706}], "6": [{"angle": -150.91582961837898, "x_offset": -0.00298271369934082, "y_offset": -0.0016590779622395833, "offset": 0.0034130808219297194, "deform": -0.004938615739799895}]}, "webp": {"1": [], "2": [], "3": [{"angle": 104.16603561844944, "x_offset": -0.005470706939697266, "y_offset": 0.021674041748046876, "offset": 0.022353807731930835, "deform": 0.021189119080069874}], "4": [{"angle": -147.0187339547406, "x_offset": -0.00041284656524658204, "y_offset": -0.000267913818359375, "offset": 0.0004921586131561658, "deform": -0.0021920913072632497}], "5": [{"angle": -172.21289629684236, "x_offset": -0.014713356018066406, "y_offset": -0.002012105305989583, "offset": 0.014850300100562357, "deform": -0.0018475378890628613}, {"angle": 1.1342518921885985, "x_offset": 0.0947992935180664, "y_offset": 0.0018769327799479166, "offset": 0.09481787240908197, "deform": -0.0759567095603185}], "6": [{"angle": -165.655931112509, "x_offset": -0.005692874908447266, "y_offset": -0.0014557596842447917, "offset": 0.005876058286087788, "deform": -0.0035311681250932148}], "7": [{"angle": -159.75201840680822, "x_offset": -0.0030579395294189453, "y_offset": -0.0011280110677083332, "offset": 0.003259356245404214, "deform": -0.002559499470716181}, {"angle": -9.211083742685013, "x_offset": 0.004829910278320313, "y_offset": -0.000783233642578125, "offset": 0.004893004009347468, "deform": -0.002527169454456024}], "8": [{"angle": -144.65084164982218, "x_offset": -0.002359636306762695, "y_offset": -0.0016737569173177083, "offset": 0.002892982149696325, "deform": -0.0024506365515199746}, {"angle": 28.008539220313796, "x_offset": 0.00272930908203125, "y_offset": 0.00145172119140625, "offset": 0.0030913787349395165, "deform": -0.004154067326175709}]}}