{"cheng2020-anchor": {"1": [], "2": [{"angle": 139.88233814622257, "x_offset": -0.0011877139409383138, "y_offset": 0.0010007739067077637, "offset": 0.0015531300067432668, "deform": 0.0035577924114257725}], "3": [{"angle": -1.8987434033729742, "x_offset": 0.0005753437678019205, "y_offset": -1.9073486328125e-05, "offset": 0.0005756598379505205, "deform": 0.0006271782838204454}], "4": [{"angle": -16.508015647485593, "x_offset": 0.0007085005442301432, "y_offset": -0.0002099752426147461, "offset": 0.0007389605021146465, "deform": 0.0007428056729660709}], "5": [{"angle": -54.105347330144745, "x_offset": 0.0002857208251953125, "y_offset": -0.00039478540420532224, "offset": 0.00048733141220718573, "deform": -0.0004385352824658739}], "6": [{"angle": -27.413489454974993, "x_offset": 0.00011910597483317057, "y_offset": -6.177425384521485e-05, "offset": 0.00013417261896189143, "deform": -0.00017256839726922935}]}, "webp": {"1": [{"angle": 66.19138620468118, "x_offset": 0.0009085893630981446, "y_offset": 0.0020592093467712404, "offset": 0.002250750489184692, "deform": 0.001397920868373606}], "2": [{"angle": 66.19138620468118, "x_offset": 0.0009085893630981446, "y_offset": 0.0020592093467712404, "offset": 0.002250750489184692, "deform": 0.001397920868373606}], "3": [{"angle": 167.99159503691902, "x_offset": -0.00409692128499349, "y_offset": 0.0008714556694030762, "offset": 0.004188579592077423, "deform": 0.0019087817591393469}], "4": [{"angle": 170.4084768059911, "x_offset": -0.00039476553599039713, "y_offset": 6.670951843261719e-05, "offset": 0.00040036232122328547, "deform": 0.0011231684370424377}], "5": [{"angle": 34.69071754361407, "x_offset": 0.0006725867589314779, "y_offset": 0.0004655599594116211, "offset": 0.0008179969584890278, "deform": 0.0017249595438829785}], "6": [{"angle": -13.016161246772946, "x_offset": 0.0005718469619750977, "y_offset": -0.00013219118118286134, "offset": 0.0005869271303174431, "deform": 0.0004214040485286813}], "7": [{"angle": 52.392633567769586, "x_offset": 0.0002660989761352539, "y_offset": 0.00034544467926025393, "offset": 0.0004360512487419915, "deform": 1.780831755698875e-06}], "8": [{"angle": -12.245413818577028, "x_offset": 0.00015038649241129557, "y_offset": -3.263950347900391e-05, "offset": 0.00015388773273763105, "deform": 0.00014021724685260584}]}}