{"cheng2020-anchor": {"1": [{"angle": 124.08595258040779, "x_offset": -0.007145214704127094, "y_offset": 0.010559013466429866, "offset": 0.012749386595139443, "deform": -0.018828975814056792}], "2": [{"angle": 102.0441368299227, "x_offset": -0.0025487164266748364, "y_offset": 0.011945512559678819, "offset": 0.012214386015557497, "deform": -0.042400892668927714}], "3": [{"angle": 48.37691757541492, "x_offset": 0.005384220796472886, "y_offset": 0.006059475194394978, "offset": 0.008105989959077126, "deform": -0.03471751459081318}], "4": [{"angle": 5.918602909242247, "x_offset": 0.0073681906157848885, "y_offset": 0.000763846378700406, "offset": 0.007407678060012747, "deform": -0.0026147111047233884}], "5": [{"angle": -4.111228892568545, "x_offset": 0.008197790656993591, "y_offset": -0.0005892398310642617, "offset": 0.008218940031074814, "deform": -0.016491843234538617}], "6": [{"angle": 138.29833414412798, "x_offset": -0.0016323257895076975, "y_offset": 0.0014544343636705985, "offset": 0.002186290648865751, "deform": -0.001183426733834203}]}, "webp": {"1": [{"angle": 167.26126810162998, "x_offset": -0.04527373719059564, "y_offset": 0.01023504157471501, "offset": 0.04641624021007375, "deform": -0.08460584278848887}], "2": [{"angle": 176.5409616382745, "x_offset": -0.039657617706099366, "y_offset": 0.0023971071430281096, "offset": 0.03972999829824162, "deform": -0.06276580735934173}], "3": [{"angle": 155.51799026301663, "x_offset": -0.006051362729540058, "y_offset": 0.002755470525205525, "offset": 0.006649181054817421, "deform": -0.05252042816608132}], "4": [{"angle": 97.43774361106799, "x_offset": -0.0006115670297660079, "y_offset": 0.004684641470316968, "offset": 0.004724392017742637, "deform": -0.06045284774935844}], "5": [{"angle": 11.389505282378295, "x_offset": 0.007257548812168097, "y_offset": 0.0014619951933817147, "offset": 0.007403340104741494, "deform": -0.009872068235732223}], "6": [{"angle": -14.697322142368028, "x_offset": 0.003826802072961346, "y_offset": -0.0010037515677657782, "offset": 0.003956252180462402, "deform": 0.006079761775891257}], "7": [{"angle": -135.1784990785279, "x_offset": -0.001235301198523029, "y_offset": -0.001227628171833512, "offset": 0.0017415625108940886, "deform": -0.008284235643041371}], "8": [{"angle": -163.4583793541502, "x_offset": -0.0011552299549377042, "y_offset": -0.00034310770969764857, "offset": 0.0012051054515017912, "deform": 0.00034033704986174973}]}}