{"cheng2020-anchor": {"1": [], "2": [], "3": [{"angle": 171.91690708130812, "x_offset": -0.005116033554077149, "y_offset": 0.0007265792239186914, "offset": 0.005167370384932122, "deform": -0.015302375005730284}], "4": [{"angle": -127.42310972675322, "x_offset": -0.004001593589782715, "y_offset": -0.00522949433159214, "offset": 0.006584858557474447, "deform": -0.012542923263187622}], "5": [{"angle": -110.23930310994868, "x_offset": -0.0026297926902770995, "y_offset": -0.0071324654429522835, "offset": 0.007601833521509359, "deform": -0.016846154849235684}], "6": [{"angle": -178.47278617265712, "x_offset": -0.0032281875610351562, "y_offset": -8.606743198367974e-05, "offset": 0.003229334688766461, "deform": -0.009720310826073386}]}, "webp": {"1": [], "2": [], "3": [], "4": [{"angle": -160.4884190371559, "x_offset": -0.004072368144989014, "y_offset": -0.0014430276124762149, "offset": 0.0043204757838333115, "deform": -0.03703223300962066}], "5": [{"angle": 74.01840741366533, "x_offset": 0.0004387378692626953, "y_offset": 0.0015319180991108022, "offset": 0.001593506818406631, "deform": -0.005531068307308429}], "6": [{"angle": 99.9180924258607, "x_offset": -0.00140688419342041, "y_offset": 0.008046080971210847, "offset": 0.008168154144540704, "deform": -0.004144822340467091}], "7": [{"angle": 142.20516208946924, "x_offset": -0.00294339656829834, "y_offset": 0.0022827076967762002, "offset": 0.00372482721574998, "deform": 0.00273449438975204}], "8": [{"angle": 122.24645327431287, "x_offset": -0.001711738109588623, "y_offset": 0.00271331286821209, "offset": 0.0032081324905033695, "deform": 0.0010044722400766037}]}}