{"cheng2020-anchor": {"1": [], "2": [{"angle": 18.98005326479777, "x_offset": 0.00265579436150766, "y_offset": 0.0009134292602539062, "offset": 0.0028084865504580717, "deform": 0.0061701296376971415}], "3": [{"angle": 9.831951965848459, "x_offset": 0.010148837373781337, "y_offset": 0.0017588376998901368, "offset": 0.010300116994190681, "deform": 0.017374509819692574}], "4": [{"angle": 27.129841586621012, "x_offset": 0.00439427622845578, "y_offset": 0.002251553535461426, "offset": 0.004937525381708979, "deform": 0.012822668225912048}], "5": [{"angle": 31.26734817232714, "x_offset": 0.005578341258269498, "y_offset": 0.0033873319625854492, "offset": 0.006526247698215623, "deform": 0.018137442299166806}], "6": [{"angle": 29.782920172087124, "x_offset": 0.005926870702036908, "y_offset": 0.00339200496673584, "offset": 0.006828872089373476, "deform": 0.018533188345648433}]}, "webp": {"1": [], "2": [], "3": [], "4": [], "5": [], "6": [{"angle": 49.263046632391934, "x_offset": 0.0025716372519150417, "y_offset": 0.0029859066009521483, "offset": 0.0039406796856693085, "deform": 0.013440045089108232}], "7": [{"angle": 41.87791394152973, "x_offset": 0.0021755037865598885, "y_offset": 0.0019504547119140625, "offset": 0.002921829958872381, "deform": 0.009328404121479839}], "8": [{"angle": 18.331846414491018, "x_offset": 0.004878392126566852, "y_offset": 0.0016163825988769532, "offset": 0.005139202510750249, "deform": 0.011101062984522514}]}}