{"cheng2020-anchor": {"1": [{"angle": -133.972273029197, "x_offset": -0.002067423312463493, "y_offset": -0.0021429538726806642, "offset": 0.0029776652688565546, "deform": 0.013891084528450337}], "2": [{"angle": 7.703224862703402, "x_offset": 0.010896254922742042, "y_offset": 0.001473855972290039, "offset": 0.010995481925247078, "deform": 0.008488917922683803}], "3": [{"angle": -164.47395250965624, "x_offset": -0.0018323737884236274, "y_offset": -0.0005090594291687012, "offset": 0.001901771595888297, "deform": 0.010794742718174377}], "4": [{"angle": -159.97499496147432, "x_offset": -0.00255299505786361, "y_offset": -0.0009304761886596679, "offset": 0.0027172724749532644, "deform": 0.007305632397943795}], "5": [{"angle": 169.96260019370314, "x_offset": -0.002427288304979556, "y_offset": 0.0004296302795410156, "offset": 0.0024650173818026146, "deform": 0.004200681995708555}], "6": [{"angle": -158.9476414922267, "x_offset": -0.0012658555931020006, "y_offset": -0.0004872441291809082, "offset": 0.0013563912503436755, "deform": 0.004386570945393076}]}, "webp": {"1": [{"angle": 17.689879606329328, "x_offset": 0.013991667845538843, "y_offset": 0.004462587833404541, "offset": 0.014686097482678502, "deform": 0.013162117624847869}], "2": [{"angle": 67.43792999992286, "x_offset": 0.0004376919470100759, "y_offset": 0.001053452491760254, "offset": 0.0011407613216064783, "deform": 0.014043829519308049}], "3": [{"angle": 104.20012737291506, "x_offset": -0.0003595441301292348, "y_offset": 0.0014208912849426269, "offset": 0.0014656752795678507, "deform": 0.004711180007914262}], "4": [{"angle": -8.584773922920128, "x_offset": 0.0019185431649751752, "y_offset": -0.0002896308898925781, "offset": 0.0019402819197871554, "deform": 0.005668295086855735}], "5": [{"angle": 170.00149907898333, "x_offset": -0.0002544438727548189, "y_offset": 4.4858455657958986e-05, "offset": 0.0002583678877617874, "deform": 0.004102331849412777}], "6": [{"angle": -127.74106525550519, "x_offset": -0.0004335029102931513, "y_offset": -0.0005600571632385254, "offset": 0.0007082293409111319, "deform": 0.0016922404137982294}], "7": [{"angle": -106.1383726356, "x_offset": -0.0005254478098076081, "y_offset": -0.0018158912658691405, "offset": 0.0018903852756227875, "deform": -0.0019851096884170305}], "8": [{"angle": -45.72026200686812, "x_offset": 0.0004087786808192173, "y_offset": -0.0004191875457763672, "offset": 0.000585506796225555, "deform": -0.0029195601767948443}]}}