{"cheng2020-anchor": {"1": [{"angle": -72.43593775856876, "x_offset": 0.04990200996398926, "y_offset": -0.1576540946960449, "offset": 0.1653633096332907, "deform": 0.15836235505110377}], "2": [{"angle": -73.05344890129913, "x_offset": 0.053409254550933837, "y_offset": -0.17527844111124674, "offset": 0.18323504138148697, "deform": 0.15350297416253395}], "3": [{"angle": -73.10936357163865, "x_offset": 0.05390468835830688, "y_offset": -0.17752552032470703, "offset": 0.1855290429920991, "deform": 0.15269864807316785}], "4": [{"angle": -147.5214253437609, "x_offset": -0.003346240520477295, "y_offset": -0.0021300315856933594, "offset": 0.003966656044697539, "deform": 0.0011304831678247695}], "5": [{"angle": 118.9010857062569, "x_offset": -0.004571461677551269, "y_offset": 0.00828081766764323, "offset": 0.00945886901876076, "deform": -0.002154667669528848}], "6": [{"angle": 165.80937729076769, "x_offset": -0.003893172740936279, "y_offset": 0.0009844462076822917, "offset": 0.004015710189566641, "deform": -0.004124113923977962}]}, "webp": {"1": [], "2": [], "3": [], "4": [{"angle": -76.2566002030581, "x_offset": 0.011052751541137695, "y_offset": -0.045191415150960285, "offset": 0.04652340615192061, "deform": -0.015051268679550645}], "5": [{"angle": -79.34496919960651, "x_offset": 0.002964019775390625, "y_offset": -0.01575439771016439, "offset": 0.01603079724901228, "deform": 0.006897600724072028}], "6": [{"angle": -65.48980509282389, "x_offset": 0.002973794937133789, "y_offset": -0.006522321701049804, "offset": 0.007168272923104126, "deform": 0.006647998871697619}], "7": [{"angle": -75.35390922956186, "x_offset": 0.0016555547714233398, "y_offset": -0.006334877014160157, "offset": 0.006547635327789514, "deform": 0.0038454705556250635}], "8": [{"angle": -79.70862628031723, "x_offset": 0.001060950756072998, "y_offset": -0.005843035380045573, "offset": 0.0059385754991644404, "deform": 0.000779684231914296}]}}