{"cheng2020-anchor": {"1": [{"angle": 0.13998541116370686, "x_offset": 0.12095549901326498, "y_offset": 0.0002955198287963867, "offset": 0.12095586002140267, "deform": -0.07602292765817154}], "2": [{"angle": 0.0, "x_offset": 0.009319432576497396, "y_offset": 0.0, "offset": 0.009319432576497396, "deform": 0.014536476135253995}], "3": [{"angle": 0.0, "x_offset": 0.009445381164550782, "y_offset": 0.0, "offset": 0.009445381164550782, "deform": -0.014168071746825994}], "4": [{"angle": 0.0, "x_offset": 0.0038735707600911456, "y_offset": 0.0, "offset": 0.0038735707600911456, "deform": -0.001553916931152366}], "5": [{"angle": -0.8096290135002088, "x_offset": 0.1303592363993327, "y_offset": -0.001842188835144043, "offset": 0.1303722523174369, "deform": -0.07630974928911494}], "6": [{"angle": 0.0, "x_offset": 0.006689802805582682, "y_offset": 0.0, "offset": 0.006689802805582682, "deform": -0.010034704208373935}]}, "webp": {"1": [{"angle": -14.743953546961404, "x_offset": 0.5590856234232585, "y_offset": -0.14713187217712403, "offset": 0.5781215461552347, "deform": 0.6845467709892727}], "2": [{"angle": -14.743953546961404, "x_offset": 0.5590856234232585, "y_offset": -0.14713187217712403, "offset": 0.5781215461552347, "deform": 0.6845467709892727}], "3": [{"angle": 161.09652421273495, "x_offset": -0.00509031613667806, "y_offset": 0.001743149757385254, "offset": 0.00538051014756011, "deform": 0.06644896000336764}], "4": [{"angle": 0.9153721112916349, "x_offset": 0.11604270935058594, "y_offset": 0.001854085922241211, "offset": 0.11605752034242167, "deform": -0.07720037937409863}], "5": [{"angle": -0.5050466699676168, "x_offset": 0.13112141291300455, "y_offset": -0.0011558294296264648, "offset": 0.131126507106584, "deform": -0.07689542608755195}], "6": [{"angle": -0.2949151740493618, "x_offset": 0.1278504689534505, "y_offset": -0.0006580829620361328, "offset": 0.12785216261292623, "deform": -0.07537261881898905}], "7": [{"angle": 174.9605261400632, "x_offset": -0.006641864776611328, "y_offset": 0.0005856990814208984, "offset": 0.006667639096769375, "deform": 0.020636216788055606}], "8": [{"angle": 179.64383776127053, "x_offset": -0.012457338968912761, "y_offset": 7.74383544921875e-05, "offset": 0.012457579655982091, "deform": 0.033008183954952974}]}}