{"cheng2020-anchor": {"1": [], "2": [], "3": [], "4": [{"angle": 48.893255035740864, "x_offset": 0.0012608806292215982, "y_offset": 0.00144503116607666, "offset": 0.001917794314330691, "deform": -0.0003531563326535092}], "5": [{"angle": -73.8169757945276, "x_offset": 0.0008220434188842774, "y_offset": -0.0028326243162155153, "offset": 0.0029494941768625966, "deform": 0.001268505498085517}, {"angle": -86.67491194311864, "x_offset": 0.0004168510437011719, "y_offset": -0.007174843549728393, "offset": 0.007186942657049233, "deform": 0.002986071259724287}], "6": []}, "webp": {"1": [], "2": [], "3": [], "4": [], "5": [{"angle": -79.54260210375166, "x_offset": 0.0016682704289754232, "y_offset": -0.009038683772087098, "offset": 0.009191350855885358, "deform": 0.003538795468181106}], "6": [], "7": [{"angle": -73.3911997213897, "x_offset": 0.0007187843322753907, "y_offset": -0.002409762144088745, "offset": 0.002514677813837742, "deform": 0.0008186708270799675}, {"angle": -70.34527261747841, "x_offset": 0.0006871501604715983, "y_offset": -0.001923924684524536, "offset": 0.002042954119592258, "deform": 0.0009406242267583249}], "8": [{"angle": -88.03094962112718, "x_offset": 0.00014100074768066406, "y_offset": -0.004101249575614929, "offset": 0.0041036726590126735, "deform": 0.001355359468525802}, {"angle": -77.79955052647387, "x_offset": 0.00033007065455118817, "y_offset": -0.0015265792608261108, "offset": 0.001561854947355946, "deform": 0.00047930604573735366}]}}