{"cheng2020-anchor": {"1": [{"angle": -52.03868529278521, "x_offset": 0.0006128430366516113, "y_offset": -0.0007854959239130435, "offset": 0.0009962833101364158, "deform": -0.018039642821576662}], "2": [{"angle": 22.878495616076204, "x_offset": 0.0006459236145019531, "y_offset": 0.0002725631748784325, "offset": 0.0007010763154401086, "deform": -0.0191518902794775}], "3": [{"angle": 86.55119141759242, "x_offset": 0.00019810199737548828, "y_offset": 0.0032871342360018593, "offset": 0.0032930982200444136, "deform": -0.01813096718458085}], "4": [{"angle": 89.46877143495965, "x_offset": 7.555484771728515e-05, "y_offset": 0.008148752033574085, "offset": 0.008149102296553367, "deform": -0.008145756879335164}], "5": [{"angle": 90.67550361271303, "x_offset": -0.00016859769821166992, "y_offset": 0.014299685131221396, "offset": 0.01430067900611424, "deform": 0.0025190538307123256}], "6": [{"angle": 86.22787636196713, "x_offset": 0.000863659381866455, "y_offset": 0.013099391073056708, "offset": 0.01312783127606246, "deform": -0.0038877800734481993}]}, "webp": {"1": [{"angle": -33.226424189454704, "x_offset": 0.006293118000030518, "y_offset": -0.00412224741222111, "offset": 0.007523048443940245, "deform": -0.012987100119716488}], "2": [{"angle": -33.226424189454704, "x_offset": 0.006293118000030518, "y_offset": -0.00412224741222111, "offset": 0.007523048443940245, "deform": -0.012987100119716488}], "3": [{"angle": 31.521217252531745, "x_offset": 0.0004483699798583984, "y_offset": 0.0002749899159307065, "offset": 0.000525980125766932, "deform": -0.025320865359487577}], "4": [{"angle": 71.33042471651788, "x_offset": 0.0015720486640930175, "y_offset": 0.0046525514371335095, "offset": 0.004910964454916135, "deform": -0.023676429271225485}], "5": [{"angle": -89.62940684966644, "x_offset": 0.00010911226272583007, "y_offset": -0.016869132524224114, "offset": 0.016869485398366867, "deform": 0.004815781819527909}], "6": [{"angle": 82.10763351722203, "x_offset": 0.001105022430419922, "y_offset": 0.007971268223952374, "offset": 0.008047495987568057, "deform": -0.002181456961872552}], "7": [{"angle": 64.29277512268129, "x_offset": 0.0019655823707580566, "y_offset": 0.004082860881185641, "offset": 0.004531364808901491, "deform": -0.002566413189053929}], "8": [{"angle": 87.44621559175225, "x_offset": 0.0001846432685852051, "y_offset": 0.004139845649492277, "offset": 0.004143961285805403, "deform": 0.00510450329078832}]}}