{"cheng2020-anchor": {"1": [{"angle": 4.385126900081002, "x_offset": 0.0023288538581446596, "y_offset": 0.00017858743667602538, "offset": 0.0023356912820691393, "deform": 0.0007815675313296334}], "2": [{"angle": 157.66687272008244, "x_offset": -0.0004233498322336297, "y_offset": 0.00017391443252563478, "offset": 0.0004576803582118813, "deform": 0.0007813121027439862}], "3": [{"angle": -179.23258257789865, "x_offset": -0.0012059086247494346, "y_offset": -1.615285873413086e-05, "offset": 0.0012060168017446347, "deform": 0.0005015377296687107}], "4": [{"angle": 175.3263415767015, "x_offset": -0.0017347963232743112, "y_offset": 0.00014182329177856446, "offset": 0.0017405838472584355, "deform": 0.00042851628960203017}], "5": [{"angle": 105.81767301560204, "x_offset": -7.252316725881476e-05, "y_offset": 0.00025599002838134767, "offset": 0.0002660648500270812, "deform": 0.0004037254182635598}], "6": [{"angle": 134.69149879601497, "x_offset": -0.0007857837175068102, "y_offset": 0.0007942914962768555, "offset": 0.001117298094402988, "deform": 0.0002919637271705383}]}, "webp": {"1": [{"angle": -95.22921631896925, "x_offset": -0.00023110289322702507, "y_offset": -0.0025251269340515136, "offset": 0.002535680299314229, "deform": 0.0008785412319277201}], "2": [{"angle": -3.7163991919481427, "x_offset": 0.0018196733374344675, "y_offset": -0.00011819601058959961, "offset": 0.0018235079796615067, "deform": 0.0013480724633223307}], "3": [{"angle": -78.50987991038112, "x_offset": 0.00038773135135048315, "y_offset": -0.0019074440002441405, "offset": 0.0019464527260859537, "deform": -0.00047474305071930345}], "4": [{"angle": -156.40665298089067, "x_offset": -0.0014988811392533151, "y_offset": -0.0006546378135681152, "offset": 0.001635602438419116, "deform": 4.281406723763079e-05}], "5": [{"angle": 134.783171314933, "x_offset": -0.0010781037180047285, "y_offset": 0.0010862946510314941, "offset": 0.0015304717232393595, "deform": -5.399769366306803e-05}], "6": [{"angle": 103.41708897682567, "x_offset": -0.0002607609096326326, "y_offset": 0.001093113422393799, "offset": 0.0011237852135572535, "deform": -0.00028944264126024716}], "7": [{"angle": 151.28021797154398, "x_offset": -0.0009260303095767373, "y_offset": 0.0005074024200439453, "offset": 0.0010559305612213522, "deform": -0.00013100974170921625}], "8": [{"angle": 107.11929996542507, "x_offset": -0.00020873546600341797, "y_offset": 0.0006776928901672363, "offset": 0.0007091108151416715, "deform": -0.00018870541228289267}]}}