{"cheng2020-anchor": {"1": [{"angle": -3.0391559931877654, "x_offset": 0.06586071255614663, "y_offset": -0.0034967482089996336, "offset": 0.06595347380116162, "deform": -0.03473882633056716}], "2": [{"angle": -3.683359204356257, "x_offset": 0.0745711583443492, "y_offset": -0.004800552129745483, "offset": 0.07472551744597293, "deform": -0.03853845649649165}], "3": [{"angle": 1.0230449632926546, "x_offset": 0.036172201259353956, "y_offset": 0.0006459414958953858, "offset": 0.03617796821773339, "deform": -0.010923434142526223}], "4": [{"angle": 1.5515146108415792, "x_offset": 0.05581376479995334, "y_offset": 0.0015117526054382324, "offset": 0.05583423445418196, "deform": -0.021928790239781587}], "5": [{"angle": -0.5331185467920926, "x_offset": 0.0662951234911309, "y_offset": -0.0006168723106384277, "offset": 0.06629799340969475, "deform": -0.03312957293952673}], "6": [{"angle": 48.318451678717416, "x_offset": 0.003185567029466115, "y_offset": 0.0035777211189270018, "offset": 0.004790399326156208, "deform": 0.0026336213695971056}]}, "webp": {"1": [{"angle": -159.98826009891104, "x_offset": -0.014607726550493085, "y_offset": -0.005320167541503907, "offset": 0.015546377637367886, "deform": -0.02043135954199407}], "2": [{"angle": -159.98826009891104, "x_offset": -0.014607726550493085, "y_offset": -0.005320167541503907, "offset": 0.015546377637367886, "deform": -0.02043135954199407}], "3": [{"angle": -163.66510350146183, "x_offset": -0.02294185736698624, "y_offset": -0.006723839044570923, "offset": 0.02390687831868555, "deform": -0.025839628085438243}], "4": [{"angle": -164.89599283295868, "x_offset": -0.006971247581464066, "y_offset": -0.0018815100193023682, "offset": 0.007220690603730629, "deform": -0.014060062823753883}], "5": [{"angle": 0.3946470714373352, "x_offset": 0.01183958745951954, "y_offset": 8.155107498168946e-05, "offset": 0.011839868318078671, "deform": -0.005339207407274532}], "6": [{"angle": -37.129283979674405, "x_offset": 0.004939193189562902, "y_offset": -0.003739452362060547, "offset": 0.006195089453102737, "deform": -0.008988116484540482}], "7": [{"angle": -7.016039037249236, "x_offset": 0.007687320753897102, "y_offset": -0.0009460687637329101, "offset": 0.007745317713238639, "deform": -0.0037940002532753647}], "8": [{"angle": -5.495807560230776, "x_offset": 0.06513424053683493, "y_offset": -0.006266903877258301, "offset": 0.06543503170716024, "deform": -0.039320446697192535}]}}