{"cheng2020-anchor": {"1": [], "2": [], "3": [], "4": [], "5": [{"angle": -1.2763147105537545, "x_offset": 0.004793341954549154, "y_offset": -0.00010679364204406739, "offset": 0.0047945314656619095, "deform": -0.0006477076869932236}], "6": [{"angle": -3.17217153926556, "x_offset": 0.0016398906707763671, "y_offset": -9.088516235351562e-05, "offset": 0.0016424072347732117, "deform": -0.0017445795802154829}]}, "webp": {"1": [], "2": [], "3": [], "4": [{"angle": 10.286590894298815, "x_offset": 0.020947813987731934, "y_offset": 0.0038017988204956054, "offset": 0.02129001139351831, "deform": -0.005093151397110578}], "5": [{"angle": 2.883168416961048, "x_offset": 0.012355200449625651, "y_offset": 0.000622248649597168, "offset": 0.012370859773368843, "deform": -0.002802833096710998}], "6": [{"angle": -11.070667527312942, "x_offset": 0.029773473739624023, "y_offset": -0.005825495719909668, "offset": 0.03033803122990625, "deform": -0.013219001333654883}], "7": [{"angle": -14.586792363197928, "x_offset": 0.007101957003275553, "y_offset": -0.0018481731414794922, "offset": 0.007338496933109726, "deform": -0.003999327593768011}], "8": [{"angle": 12.369424099146915, "x_offset": 0.0004887580871582031, "y_offset": 0.00010718703269958496, "offset": 0.000500373388322648, "deform": -0.0006684088211646039}]}}