{"cheng2020-anchor": {"1": [{"angle": 132.99826062113647, "x_offset": -0.0012161207641979488, "y_offset": 0.0013042092323303223, "offset": 0.0017832306173933452, "deform": 0.0004376737572088507}], "2": [{"angle": 155.60474617285254, "x_offset": -0.0023090610563201433, "y_offset": 0.001047205924987793, "offset": 0.0025354295910444517, "deform": -0.0013441134949244843}], "3": [{"angle": 161.87602678227944, "x_offset": -0.0026310545741220007, "y_offset": 0.0008611798286437989, "offset": 0.002768407280237369, "deform": -0.0010224337343773121}], "4": [{"angle": 119.68887759826801, "x_offset": -0.0005687796294504643, "y_offset": 0.0009976267814636231, "offset": 0.0011483768815033135, "deform": -0.0008133932297589991}], "5": [{"angle": 97.9013975509782, "x_offset": -0.00021794558309549147, "y_offset": 0.0015703678131103516, "offset": 0.0015854196118516453, "deform": -0.0005314583858450905}, {"angle": 94.28820706335739, "x_offset": -0.0002163991839524024, "y_offset": 0.0028859615325927735, "offset": 0.00289406333282817, "deform": -5.295386301614098e-05}], "6": [{"angle": 107.67237146784485, "x_offset": -0.0004965720161934017, "y_offset": 0.0015585601329803466, "offset": 0.0016357547051383027, "deform": -0.00018267724554385523}, {"angle": 95.56336575343197, "x_offset": -0.0002800421818122037, "y_offset": 0.002875018119812012, "offset": 0.002888624726897133, "deform": -3.328829380859792e-05}]}, "webp": {"1": [{"angle": -165.83292891517019, "x_offset": -0.0081159278704286, "y_offset": -0.002048683166503906, "offset": 0.00837050702853275, "deform": 0.001884051591664812}], "2": [{"angle": -165.83292891517019, "x_offset": -0.0081159278704286, "y_offset": -0.002048683166503906, "offset": 0.00837050702853275, "deform": 0.001884051591664812}], "3": [{"angle": 165.89554063196414, "x_offset": -0.003266632741449787, "y_offset": 0.0008207917213439942, "offset": 0.0033681728752156695, "deform": 0.002206703330255688}], "4": [{"angle": 147.96542252749853, "x_offset": -0.0018162919271841138, "y_offset": 0.001136469841003418, "offset": 0.0021425405630383096, "deform": -0.0010633164763626662}], "5": [{"angle": 109.85999216476877, "x_offset": -0.00020160025487374225, "y_offset": 0.0005581319332122803, "offset": 0.0005934255788525087, "deform": -0.0005202749415890301}], "6": [{"angle": -96.15151812355552, "x_offset": -3.4367706015383124e-05, "y_offset": -0.0003188729286193848, "offset": 0.0003207196342961607, "deform": 0.00041676059645623376}, {"angle": 50.361508494883545, "x_offset": 0.0005650476036426084, "y_offset": 0.0006820917129516602, "offset": 0.0008857357954037898, "deform": -6.705882485443545e-05}], "7": [{"angle": -74.37298404483934, "x_offset": 0.0002044347048543924, "y_offset": -0.0007308721542358398, "offset": 0.0007589253285971155, "deform": 0.0006204639724367161}, {"angle": -131.47496199633687, "x_offset": -0.0005717838511747472, "y_offset": -0.0006468534469604492, "offset": 0.0008633401150814435, "deform": 2.774409767254064e-05}], "8": [{"angle": 159.59190425294997, "x_offset": -0.0007115886676422213, "y_offset": 0.0002647519111633301, "offset": 0.0007592443653932952, "deform": -0.00014948258883765164}, {"angle": 11.450404882634977, "x_offset": 0.0004966096612322072, "y_offset": 0.00010058879852294921, "offset": 0.0005066944464047914, "deform": -5.020906717600061e-05}]}}