{"cheng2020-anchor": {"1": [{"angle": -83.11635440418053, "x_offset": 0.0011058688163757325, "y_offset": -0.009160329921463334, "offset": 0.009226840743672166, "deform": -0.008500616903876879}], "2": [{"angle": 80.70865909358544, "x_offset": 0.0006934165954589844, "y_offset": 0.004238459209647614, "offset": 0.004294806520287568, "deform": 0.0008776336288708886}], "3": [{"angle": -61.09902320680025, "x_offset": 0.0015228152275085448, "y_offset": -0.0027584638751921107, "offset": 0.0031508870446069277, "deform": 0.009932315072277043}], "4": [{"angle": -60.45834232740519, "x_offset": 0.0015839695930480956, "y_offset": -0.002794913441570916, "offset": 0.003212553628746878, "deform": 0.009503049584844936}], "5": [{"angle": -61.302859971639215, "x_offset": 0.0008483529090881348, "y_offset": -0.0015497319313067183, "offset": 0.0017667404215871534, "deform": 0.0013110955055007367}], "6": [{"angle": 79.70949657457304, "x_offset": 0.00022394657135009765, "y_offset": 0.001233460473232582, "offset": 0.0012536254647408092, "deform": 0.0021752858188310853}]}, "webp": {"1": [{"angle": -52.005545995606454, "x_offset": 0.02718995213508606, "y_offset": -0.0348084961223379, "offset": 0.04416927551372202, "deform": 0.027693220750594216}], "2": [{"angle": 161.6681892568922, "x_offset": -0.001274263858795166, "y_offset": 0.0004222074772211651, "offset": 0.0013423887423742078, "deform": -0.017622324888308782}], "3": [{"angle": 128.06777425615914, "x_offset": -0.001635730266571045, "y_offset": 0.0020885422860710628, "offset": 0.0026528517458922433, "deform": -0.000863100223234825}], "4": [{"angle": -168.67573154538633, "x_offset": -0.0032871723175048827, "y_offset": -0.0006582898892619291, "offset": 0.0033524390260338674, "deform": 0.00654041400786981}], "5": [{"angle": 130.66592700594433, "x_offset": -0.0030712008476257322, "y_offset": 0.0035748984272083576, "offset": 0.004712979250040658, "deform": 0.0036430265751300484}], "6": [{"angle": 94.67070140339194, "x_offset": -0.00036617517471313474, "y_offset": 0.004481938739571136, "offset": 0.004496872148932489, "deform": 0.0020306515989794716}], "7": [{"angle": 89.86033690784691, "x_offset": 3.719329833984375e-06, "y_offset": 0.0015258253039465018, "offset": 0.0015258298370322454, "deform": 0.0035802802675748424}], "8": [{"angle": 64.69602058519304, "x_offset": 0.0003455162048339844, "y_offset": 0.0007308138058950527, "offset": 0.0008083750779741367, "deform": 0.0026701775299460273}]}}