{"cheng2020-anchor": {"1": [], "2": [], "3": [], "4": [], "5": [{"angle": -163.53475943151076, "x_offset": -0.001478894551595052, "y_offset": -0.0004370927810668945, "offset": 0.0015421346225275932, "deform": 0.00039146311365888947}], "6": [{"angle": -158.06460634557317, "x_offset": -0.000698089599609375, "y_offset": -0.00028113126754760744, "offset": 0.0007525715106723759, "deform": 0.0001469229876753797}]}, "webp": {"1": [], "2": [], "3": [{"angle": 119.72177441851308, "x_offset": -0.0007828394571940104, "y_offset": 0.0013712525367736816, "offset": 0.001578977876776008, "deform": 0.0006169755100957908}], "4": [{"angle": 156.19255031561508, "x_offset": -0.0016300201416015625, "y_offset": 0.0007191777229309082, "offset": 0.0017816234897381838, "deform": -0.00017314687841462478}], "5": [{"angle": 109.14664066033328, "x_offset": -8.640289306640624e-05, "y_offset": 0.0002488613128662109, "offset": 0.00026343388728813715, "deform": 0.0001342501657260603}], "6": [{"angle": 93.04437903665254, "x_offset": -4.952748616536458e-05, "y_offset": 0.000931239128112793, "offset": 0.0009325552453416018, "deform": 0.0007843445429777315}], "7": [{"angle": 103.64866442695339, "x_offset": -9.988149007161458e-05, "y_offset": 0.0004113316535949707, "offset": 0.0004232848229125384, "deform": 0.00028369706987783905}], "8": [{"angle": 74.33585956519889, "x_offset": 0.000223541259765625, "y_offset": 0.0007971882820129395, "offset": 0.0008279371061840051, "deform": 0.00020058844094515693}]}}