{"cheng2020-anchor": {"1": [{"angle": -18.477469097318593, "x_offset": 0.014736286337444891, "y_offset": -0.004924249649047851, "offset": 0.015537257467948224, "deform": 0.006308554153081514}], "2": [{"angle": -17.617714253055418, "x_offset": 0.016828323300943335, "y_offset": -0.005343985557556152, "offset": 0.017656461898139193, "deform": 0.020458387872967054}], "3": [{"angle": -73.46552874515857, "x_offset": 0.005830471941049663, "y_offset": -0.0196399450302124, "offset": 0.020487114092646926, "deform": 0.02354392604590072}], "4": [{"angle": -87.143253852977, "x_offset": 0.0007955780662441649, "y_offset": -0.01594313383102417, "offset": 0.015962971553361745, "deform": 0.0005771895867895394}], "5": [{"angle": -0.8063229690282656, "x_offset": 0.01214545792069178, "y_offset": -0.00017093420028686525, "offset": 0.01214666071824361, "deform": -0.013219809183162567}], "6": [{"angle": 10.06749202957951, "x_offset": 0.01105075060579292, "y_offset": 0.001961970329284668, "offset": 0.011223565232332639, "deform": -0.0028290118451298474}]}, "webp": {"1": [{"angle": -123.86976727594347, "x_offset": -0.018569819660107626, "y_offset": -0.027666330337524414, "offset": 0.03332062479237062, "deform": 0.042360540366541466}], "2": [{"angle": -123.86976727594347, "x_offset": -0.018569819660107626, "y_offset": -0.027666330337524414, "offset": 0.03332062479237062, "deform": 0.042360540366541466}], "3": [{"angle": -47.55168888695511, "x_offset": 0.0183501184233986, "y_offset": -0.020061945915222167, "offset": 0.027188389434794628, "deform": 0.005563646742412942}], "4": [{"angle": -89.8343259271544, "x_offset": 4.0489608321447094e-05, "y_offset": -0.014002656936645508, "offset": 0.014002715475712866, "deform": -0.02486123912969096}], "5": [{"angle": -41.85303582987421, "x_offset": 0.004965089663430369, "y_offset": -0.004447579383850098, "offset": 0.006665814109435658, "deform": -0.023806799265460477}], "6": [{"angle": -3.7361895527349778, "x_offset": 0.006048875230971214, "y_offset": -0.00039499998092651367, "offset": 0.006061758535671724, "deform": -0.002593717578832866}], "7": [{"angle": -18.313777243580436, "x_offset": 0.011097729948051737, "y_offset": -0.0036731839179992678, "offset": 0.011689819934256166, "deform": -0.010825240842398554}], "8": [{"angle": -37.16053666325044, "x_offset": 0.0022305690401322616, "y_offset": -0.001690673828125, "offset": 0.0027988955385836395, "deform": 0.006196341556150231}]}}