{"cheng2020-anchor": {"1": [{"angle": -3.680444399974842, "x_offset": 0.03580710291862488, "y_offset": -0.0023032693301930146, "offset": 0.035881104623915944, "deform": 0.0726327173039309}], "2": [{"angle": -4.124115256235113, "x_offset": 0.04061650037765503, "y_offset": -0.002928610409007353, "offset": 0.04072194570321754, "deform": 0.05593391171784351}], "3": [{"angle": 0.11346716393908787, "x_offset": 0.009055626392364503, "y_offset": 1.793356502757353e-05, "offset": 0.009055644149967639, "deform": 0.023433235275729547}], "4": [{"angle": -6.20756702842068, "x_offset": 0.029857194423675536, "y_offset": -0.003247519100413603, "offset": 0.030033288850219397, "deform": 0.04566040260777454}], "5": [{"angle": 2.2655763698518046, "x_offset": 0.013830363750457764, "y_offset": 0.0005471622242647059, "offset": 0.013841183040825608, "deform": 0.030635268090283385}], "6": [{"angle": 6.25426758140664, "x_offset": 0.018915784358978272, "y_offset": 0.0020730411305147057, "offset": 0.01902904089659205, "deform": 0.032697590927546316}]}, "webp": {"1": [{"angle": 103.72274281810085, "x_offset": -0.003213238716125488, "y_offset": 0.013158533432904412, "offset": 0.013545180144674008, "deform": 0.14823518896343094}], "2": [{"angle": -7.261159501651495, "x_offset": 0.026617878675460817, "y_offset": -0.0033914902630974263, "offset": 0.026833070480029607, "deform": 0.07820438172229521}], "3": [{"angle": -14.401024345561488, "x_offset": 0.026195573806762695, "y_offset": -0.00672637939453125, "offset": 0.02704537422230882, "deform": 0.07300406176632068}], "4": [{"angle": -10.382629428339575, "x_offset": 0.026334857940673827, "y_offset": -0.004825098374310661, "offset": 0.026773238823071942, "deform": 0.06706678806942706}], "5": [{"angle": -5.596315117114263, "x_offset": 0.026420366764068604, "y_offset": -0.002588824103860294, "offset": 0.026546897939093164, "deform": 0.057199496579119435}], "6": [{"angle": 13.528104241910068, "x_offset": 0.003711807727813721, "y_offset": 0.0008930520450367647, "offset": 0.0038177295036974537, "deform": 0.01612410785138918}], "7": [{"angle": 17.404892810559755, "x_offset": 0.006918847560882568, "y_offset": 0.00216888427734375, "offset": 0.0072508282684973025, "deform": 0.02118157516764252}], "8": [{"angle": 2.5746348166270425, "x_offset": 0.007640731334686279, "y_offset": 0.00034357407513786764, "offset": 0.0076484520312259, "deform": 0.019422040293081422}]}}