{"cheng2020-anchor": {"1": [{"angle": 177.08837722108572, "x_offset": -0.008134682973225912, "y_offset": 0.00041373968124389646, "offset": 0.008145197824407174, "deform": -0.010469658769500262}], "2": [{"angle": -171.22555314177026, "x_offset": -0.011130491892496744, "y_offset": -0.0017180085182189942, "offset": 0.011262300077586673, "deform": -0.006931306245323066}], "3": [{"angle": -178.50352987726345, "x_offset": -0.009075673421223958, "y_offset": -0.00023709535598754884, "offset": 0.009078769864719661, "deform": -0.005845966733810104}], "4": [{"angle": 155.62979787274097, "x_offset": -0.0033837000528971354, "y_offset": 0.0015327930450439453, "offset": 0.003714684450516782, "deform": -0.004775870984334074}], "5": [{"angle": 139.45837833533864, "x_offset": -0.004354047775268555, "y_offset": 0.003724181652069092, "offset": 0.005729507920138441, "deform": -0.0012514888231900667}], "6": [{"angle": 153.8567823990479, "x_offset": -0.0025269190470377603, "y_offset": 0.0012402892112731933, "offset": 0.002814895592714391, "deform": 0.0016360940101951271}]}, "webp": {"1": [{"angle": -169.20330840692165, "x_offset": -0.008481534322102864, "y_offset": -0.001617431640625, "offset": 0.008634379512686696, "deform": -0.002926908020165986}], "2": [{"angle": -51.497414155904536, "x_offset": 0.0011612574259440105, "y_offset": -0.0014597654342651367, "offset": 0.0018653240824010697, "deform": 0.007733186888352353}], "3": [{"angle": -141.35940556944706, "x_offset": -0.0032132148742675783, "y_offset": -0.00256880521774292, "offset": 0.004113819402321602, "deform": 0.01809069137787371}], "4": [{"angle": 156.1405100706161, "x_offset": -0.0050232251485188804, "y_offset": 0.0022217392921447753, "offset": 0.0054926238151699865, "deform": 0.00248633832979292}], "5": [{"angle": 91.65818663816248, "x_offset": -3.579457600911458e-05, "y_offset": 0.0012364745140075683, "offset": 0.0012369925122901612, "deform": 0.004842290570187119}], "6": [{"angle": 111.78465772769658, "x_offset": -0.001172653834025065, "y_offset": 0.002934122085571289, "offset": 0.0031597768002646796, "deform": -0.0012506682409147152}], "7": [{"angle": -176.71866807448788, "x_offset": -0.0030756314595540364, "y_offset": -0.00017633438110351563, "offset": 0.0030806821791540995, "deform": 0.0032175960201448472}], "8": [{"angle": -138.6548785497739, "x_offset": -0.0005894502003987631, "y_offset": -0.0005186676979064941, "offset": 0.0007851545832520907, "deform": 0.001968608233441166}]}}