{"cheng2020-anchor": {"1": [{"angle": 16.728668405994366, "x_offset": 0.008864370735424742, "y_offset": 0.002664273977279663, "offset": 0.009256102006841982, "deform": 0.0022878536495572477}], "2": [{"angle": 40.82916383901098, "x_offset": 0.0062487698340600775, "y_offset": 0.005399346351623535, "offset": 0.008258333092328596, "deform": -0.0013889827367772334}], "3": [{"angle": 38.85500415545719, "x_offset": 0.0054154901233446386, "y_offset": 0.004362732172012329, "offset": 0.006954204863300674, "deform": -0.0005119943988502462}], "4": [{"angle": 33.57842571699655, "x_offset": 0.005614603520671835, "y_offset": 0.0037272870540618896, "offset": 0.006739172165608913, "deform": 0.0013061792603654698}], "5": [{"angle": 55.84217469721962, "x_offset": 0.003150959655604005, "y_offset": 0.004643845558166504, "offset": 0.005611938018131249, "deform": -0.0009941699732303744}], "6": [{"angle": 68.8538019867735, "x_offset": 0.0016212561949895026, "y_offset": 0.0041915178298950195, "offset": 0.0044941398919169945, "deform": -0.0011652308727969074}]}, "webp": {"1": [{"angle": 154.620836395724, "x_offset": -0.00589687140413033, "y_offset": 0.0027974128723144533, "offset": 0.006526761151983471, "deform": 0.003347888291462431}], "2": [{"angle": 154.620836395724, "x_offset": -0.00589687140413033, "y_offset": 0.0027974128723144533, "offset": 0.006526761151983471, "deform": 0.003347888291462431}], "3": [{"angle": 105.46192474177693, "x_offset": -0.0003438550372456395, "y_offset": 0.0012431085109710694, "offset": 0.0012897887643672158, "deform": -0.010115282601671716}], "4": [{"angle": -158.84044445798096, "x_offset": -0.0017908377240794574, "y_offset": -0.0006931662559509277, "offset": 0.001920307062002095, "deform": -0.008069706617846839}], "5": [{"angle": 121.17868681437137, "x_offset": -0.0017354013999919251, "y_offset": 0.0028678953647613527, "offset": 0.0033520802261153577, "deform": -0.0034576174515255076}], "6": [{"angle": 43.57475833551583, "x_offset": 0.0016867073315366603, "y_offset": 0.0016048133373260498, "offset": 0.0023281768553782794, "deform": -4.473516728425997e-05}], "7": [{"angle": 120.81154041966843, "x_offset": -0.001481403676114341, "y_offset": 0.0024839401245117187, "offset": 0.002892147194346162, "deform": -0.0011428195390942864}], "8": [{"angle": 34.55105047927823, "x_offset": 0.001074936346798288, "y_offset": 0.0007401943206787109, "offset": 0.0013051343923263488, "deform": -0.0020260670075272214}]}}