{"cheng2020-anchor": {"1": [{"angle": 52.57543593400655, "x_offset": 0.0018499374389648437, "y_offset": 0.002417469024658203, "offset": 0.003044080323064043, "deform": 0.03719896250889454}], "2": [{"angle": 5.693589032594131, "x_offset": 0.009494749704996745, "y_offset": 0.0009466290473937988, "offset": 0.009541822599163405, "deform": 0.06303243995616237}], "3": [{"angle": 167.9628298764743, "x_offset": -0.004376538594563802, "y_offset": 0.000933229923248291, "offset": 0.0044749310787265215, "deform": 0.01825081188775124}], "4": [{"angle": -126.7180149067697, "x_offset": -0.0017738024393717448, "y_offset": -0.0023781776428222655, "offset": 0.0029668340018849755, "deform": 0.008522305077179326}], "5": [{"angle": -28.719036321120885, "x_offset": 0.0027509371439615885, "y_offset": -0.0015072822570800781, "offset": 0.0031368064926826384, "deform": 0.0013795729956229685}], "6": [{"angle": -24.432027788934697, "x_offset": 0.0008644421895345052, "y_offset": -0.0003927111625671387, "offset": 0.0009494642469582744, "deform": 0.002009837115677371}]}, "webp": {"1": [{"angle": -23.548832356772035, "x_offset": 0.010781447092692057, "y_offset": -0.004698836803436279, "offset": 0.011760895744706066, "deform": -0.010871613953756354}], "2": [{"angle": -23.548832356772035, "x_offset": 0.010781447092692057, "y_offset": -0.004698836803436279, "offset": 0.011760895744706066, "deform": -0.010871613953756354}], "3": [{"angle": 1.1153607328683863, "x_offset": 0.010318438212076822, "y_offset": 0.00020089149475097657, "offset": 0.010320393622779627, "deform": 0.13919215110055416}], "4": [{"angle": -126.90218916230546, "x_offset": -0.0038245519002278647, "y_offset": -0.005093419551849365, "offset": 0.006369467793206742, "deform": 0.033637733919538726}], "5": [{"angle": -175.06182831993132, "x_offset": -0.0010503768920898438, "y_offset": -9.075403213500976e-05, "offset": 0.0010542902398225462, "deform": 0.03929956496285569}], "6": [{"angle": -173.69197791613195, "x_offset": -0.003237787882486979, "y_offset": -0.00035791397094726564, "offset": 0.0032575102121986904, "deform": 0.016599854215492038}], "7": [{"angle": -64.77194865191616, "x_offset": 0.0009283383687337239, "y_offset": -0.0019703149795532227, "offset": 0.00217806180938811, "deform": 0.027451085825123234}], "8": [{"angle": -129.95784780056712, "x_offset": -0.0010135332743326823, "y_offset": -0.0012096881866455079, "offset": 0.0015781619711199562, "deform": 0.019558534247019588}]}}