{"cheng2020-anchor": {"1": [{"angle": -100.07773676941117, "x_offset": -0.0021030327754500877, "y_offset": -0.011832988262176514, "offset": 0.012018417452702516, "deform": 0.01195981532407836}], "2": [{"angle": -110.4713708563259, "x_offset": -0.0030236344705979216, "y_offset": -0.00809941291809082, "offset": 0.00864539501870935, "deform": 0.005049350403338343}], "3": [{"angle": -95.05749539474917, "x_offset": -0.0009231746057157494, "y_offset": -0.010431361198425294, "offset": 0.010472131960811572, "deform": 0.013006322687018484}], "4": [{"angle": -87.30176043377179, "x_offset": 0.0004435054591444672, "y_offset": -0.009410655498504639, "offset": 0.009421100466709107, "deform": 0.01408530647136072}], "5": [{"angle": 26.354492905341495, "x_offset": 0.002023201078106704, "y_offset": 0.0010023236274719239, "offset": 0.0022578740568598163, "deform": 0.0024863825822731833}], "6": [{"angle": -42.46320207840126, "x_offset": 0.0010986685473689988, "y_offset": -0.0010054469108581542, "offset": 0.0014892938150452755, "deform": 0.0041609796261052046}]}, "webp": {"1": [{"angle": -138.9653066468671, "x_offset": -0.0019055261544935597, "y_offset": -0.001658475399017334, "offset": 0.0025261770671520076, "deform": 0.0014874661282368862}], "2": [{"angle": 63.17802115425174, "x_offset": 0.0025190581203344553, "y_offset": 0.004982137680053711, "offset": 0.005582772579698543, "deform": -0.0015985020381665827}], "3": [{"angle": 19.36163612451838, "x_offset": 0.0037544482764929744, "y_offset": 0.0013193249702453612, "offset": 0.003979510049990324, "deform": -0.0011442576284273198}], "4": [{"angle": -81.65185643458261, "x_offset": 0.0007486455055254684, "y_offset": -0.00510176420211792, "offset": 0.0051564006891392155, "deform": 0.009992558574095783}], "5": [{"angle": 83.2723353078886, "x_offset": 0.0005531757721018736, "y_offset": 0.004689419269561767, "offset": 0.004721933557408207, "deform": -0.0014691764962843912}], "6": [{"angle": -86.31571708730883, "x_offset": 0.00010180864177766393, "y_offset": -0.0015810847282409668, "offset": 0.00158435915038776, "deform": 0.0053315327021534464}], "7": [{"angle": -97.59917363946683, "x_offset": -0.0004133094948404567, "y_offset": -0.0030979514122009277, "offset": 0.003125400404889427, "deform": 0.005572798976578808}], "8": [{"angle": 70.25486319517267, "x_offset": 0.0005789406126500292, "y_offset": 0.0016129136085510254, "offset": 0.001713669320967345, "deform": -0.001317172513846887}]}}