{"cheng2020-anchor": {"1": [{"angle": -49.908072627898356, "x_offset": 0.006833188056945801, "y_offset": -0.008116992551888993, "offset": 0.010610279313430355, "deform": 0.019266053705123465}], "2": [{"angle": -75.72050847193994, "x_offset": 0.0038279838562011717, "y_offset": -0.01504026953853778, "offset": 0.015519767014849297, "deform": 0.022818297656841846}], "3": [{"angle": -52.946164825381956, "x_offset": 0.004351034164428711, "y_offset": -0.005762743594041511, "offset": 0.007220852583365231, "deform": 0.0028761268179975374}], "4": [{"angle": -86.227297772901, "x_offset": 0.00039153099060058595, "y_offset": -0.005937559213211287, "offset": 0.005950454262238382, "deform": 0.007873363897371255}], "5": [{"angle": 45.966550933621406, "x_offset": 0.0014027833938598632, "y_offset": 0.0014509286453474814, "offset": 0.0020181662924493794, "deform": -0.005334864330608813}], "6": [{"angle": 70.46693400340925, "x_offset": 0.0016815185546875, "y_offset": 0.004739767046117071, "offset": 0.005029204340769589, "deform": -0.003491812095599456}]}, "webp": {"1": [{"angle": 43.15485215381828, "x_offset": 0.009342396259307861, "y_offset": 0.00875925092554804, "offset": 0.01280643762498548, "deform": -0.0730047677826563}], "2": [{"angle": 47.196937511959355, "x_offset": 0.00926237678527832, "y_offset": 0.010001384678171642, "offset": 0.013631556007779495, "deform": -0.01480204540720631}], "3": [{"angle": 66.02571994012017, "x_offset": 0.0017797107696533203, "y_offset": 0.00400212985366138, "offset": 0.0043800015741079, "deform": 0.009964649987998841}], "4": [{"angle": 112.17823787055964, "x_offset": -0.0006571540832519531, "y_offset": 0.0016120569029850747, "offset": 0.0017408558089619442, "deform": 0.007791737377142449}], "5": [{"angle": 63.722937655521804, "x_offset": 0.004070650100708008, "y_offset": 0.00824464257083722, "offset": 0.009194798712492595, "deform": -0.006325305225008848}], "6": [{"angle": 87.05012740065398, "x_offset": 0.0005546455383300781, "y_offset": 0.010763435933127332, "offset": 0.010777717047674155, "deform": -0.010741413674152045}], "7": [{"angle": 21.510311610451158, "x_offset": 0.0030031681060791017, "y_offset": 0.0011836037706972947, "offset": 0.0032279926516923163, "deform": -0.0031715756709315146}], "8": [{"angle": 48.5614954706585, "x_offset": 0.001882314682006836, "y_offset": 0.0021321766412080224, "offset": 0.002844166976710689, "deform": -0.0006948911485266107}]}}