{"cheng2020-anchor": {"1": [{"angle": -176.5215625106414, "x_offset": -0.07389048478014464, "y_offset": -0.004491424560546875, "offset": 0.07402686428336587, "deform": 0.07054195121641682}], "2": [{"angle": 4.954519825981646, "x_offset": 0.537660438665669, "y_offset": 0.046609172821044924, "offset": 0.5396769054695797, "deform": -0.0028916208889661066}], "3": [{"angle": 147.6001612226873, "x_offset": -0.009508128360592775, "y_offset": 0.006034004211425781, "offset": 0.0112611594316488, "deform": 0.029921184541538803}], "4": [{"angle": 119.2391019744937, "x_offset": -0.002231698527896433, "y_offset": 0.003986763000488281, "offset": 0.004568890187067033, "deform": 0.016911355973774744}], "5": [{"angle": 157.99827394995017, "x_offset": -0.007251583986716876, "y_offset": 0.002930084228515625, "offset": 0.007821180467333856, "deform": 0.014329309091352826}], "6": [{"angle": -179.77299158411847, "x_offset": -0.060520016603904374, "y_offset": -0.00023978424072265624, "offset": 0.06052049162241629, "deform": 0.06359231538386129}]}, "webp": {"1": [{"angle": -88.3839888038447, "x_offset": 0.0005883049907730066, "y_offset": -0.020852859497070313, "offset": 0.02086115653473517, "deform": 0.1241213262126781}], "2": [{"angle": -88.3839888038447, "x_offset": 0.0005883049907730066, "y_offset": -0.020852859497070313, "offset": 0.02086115653473517, "deform": 0.1241213262126781}], "3": [{"angle": -116.07148706357148, "x_offset": -0.004768993642976244, "y_offset": -0.009747001647949219, "offset": 0.010851144708825543, "deform": 0.11118205987339416}], "4": [], "5": [], "6": [], "7": [{"angle": -174.68095893368292, "x_offset": -0.0870379258116944, "y_offset": -0.008103439331054688, "offset": 0.08741433668794897, "deform": 0.07971394668717607}], "8": []}}