{"cheng2020-anchor": {"1": [{"angle": 135.3664166947428, "x_offset": -0.002682030200958252, "y_offset": 0.002647943606321839, "offset": 0.0037689376939812717, "deform": -0.01921845209519024}], "2": [{"angle": 39.613675078992365, "x_offset": 0.005740594863891601, "y_offset": 0.00475134137033046, "offset": 0.007451823549222859, "deform": -0.0019138096208582978}], "3": [{"angle": 13.702700840383184, "x_offset": 0.009441280364990234, "y_offset": 0.0023020075655531607, "offset": 0.009717870845108723, "deform": 0.01633984774475228}], "4": [{"angle": 53.256730254528264, "x_offset": 0.006122910976409912, "y_offset": 0.008201581582255747, "offset": 0.010235036847781138, "deform": -0.0018477736860057492}], "5": [{"angle": 177.5867900056861, "x_offset": -0.0037189006805419924, "y_offset": 0.00015672705639367817, "offset": 0.003722201719673656, "deform": 0.004918229700207943}], "6": [{"angle": -6.080473646407994, "x_offset": 0.008254694938659667, "y_offset": -0.000879327182112069, "offset": 0.008301397763240518, "deform": 0.012435840975085655}]}, "webp": {"1": [{"angle": 148.1673145361175, "x_offset": -0.010036313533782959, "y_offset": 0.006230707278196839, "offset": 0.011813098769373346, "deform": 0.06563304668017245}], "2": [{"angle": 159.396370038112, "x_offset": -0.015096139907836915, "y_offset": 0.005675357511673851, "offset": 0.016127712888140685, "deform": 0.00886924180367088}], "3": [{"angle": 175.27169843560284, "x_offset": -0.014190566539764405, "y_offset": 0.0011737341168283047, "offset": 0.014239024913823553, "deform": 0.024057526095128345}], "4": [{"angle": 17.145010928196484, "x_offset": 0.005025255680084229, "y_offset": 0.00155029296875, "offset": 0.0052589545481183326, "deform": 0.020981201627490842}], "5": [{"angle": -1.0034130147040101, "x_offset": 0.01042637825012207, "y_offset": -0.00018261438128591953, "offset": 0.010427977341118028, "deform": 0.009788704960778993}], "6": [{"angle": 2.907134467845022, "x_offset": 0.010100018978118897, "y_offset": 0.0005129057785560344, "offset": 0.010113033951096875, "deform": 0.012031454660646368}], "7": [{"angle": 43.394952992317364, "x_offset": 0.007570433616638184, "y_offset": 0.0071577400996767244, "offset": 0.010418479182608452, "deform": 0.004663940299725056}], "8": [{"angle": 165.30073274315257, "x_offset": -0.0032609105110168457, "y_offset": 0.0008554392847521552, "offset": 0.003371248096885992, "deform": -0.006936808874582701}]}}