{"cheng2020-anchor": {"1": [], "2": [{"angle": -90.4280747719693, "x_offset": -8.473992347717285e-05, "y_offset": -0.01134182612101237, "offset": 0.011342142681782371, "deform": -0.007993125097806753}], "3": [{"angle": -76.49582608005704, "x_offset": 0.002482384443283081, "y_offset": -0.010336558024088541, "offset": 0.010630459270868925, "deform": 0.009061765099613539}], "4": [{"angle": -61.526619756572224, "x_offset": 0.004787474870681763, "y_offset": -0.00882720947265625, "offset": 0.010041889399488604, "deform": 0.0017428496361329149}], "5": [{"angle": -86.21314701681452, "x_offset": 0.0020958244800567626, "y_offset": -0.03166402180989583, "offset": 0.03173330675219278, "deform": -0.04552537843108445}], "6": [{"angle": -63.315161331038055, "x_offset": 0.005943334102630616, "y_offset": -0.011824798583984376, "offset": 0.013234390118448638, "deform": 0.007075764510918792}]}, "webp": {"1": [], "2": [{"angle": -141.6487877296892, "x_offset": -0.03622538447380066, "y_offset": -0.028661696116129558, "offset": 0.04619276246911451, "deform": -0.22703964350601852}], "3": [{"angle": -76.90422955550896, "x_offset": 0.005350822210311889, "y_offset": -0.023001480102539062, "offset": 0.023615659745894614, "deform": -0.03678092074886091}], "4": [{"angle": -101.52537732367993, "x_offset": -0.0014463365077972412, "y_offset": -0.007092889149983724, "offset": 0.007238851137283039, "deform": -0.038068091921748815}], "5": [{"angle": -63.922858934674146, "x_offset": 0.003961902856826782, "y_offset": -0.008095423380533854, "offset": 0.009012910404360313, "deform": -0.013578785233197332}], "6": [{"angle": -74.07342516995894, "x_offset": 0.001920253038406372, "y_offset": -0.006729253133138021, "offset": 0.0069978724953629135, "deform": 0.013715485315515086}], "7": [{"angle": -82.21112098963803, "x_offset": 0.0012877881526947021, "y_offset": -0.0094146728515625, "offset": 0.009502339881743276, "deform": 0.0014438757960548165}], "8": [{"angle": 133.524069551774, "x_offset": -0.0025684773921966554, "y_offset": 0.002704334259033203, "offset": 0.003729678256740921, "deform": -0.0007488363035297874}]}}