{"cheng2020-anchor": {"1": [{"angle": -129.9842012566432, "x_offset": -0.0002577790116841814, "y_offset": -0.00030738115310668945, "offset": 0.0004011647942555172, "deform": 0.0006370472192091386}], "2": [{"angle": -27.518231107705375, "x_offset": 0.0010203133642146017, "y_offset": -0.0005315542221069336, "offset": 0.00115047349045279, "deform": 0.0004890147356491105}], "3": [{"angle": -99.68695333185798, "x_offset": -0.00018796667588495575, "y_offset": -0.0011011600494384766, "offset": 0.0011170876983131576, "deform": 4.8361222955855404e-05}], "4": [{"angle": -126.86550181121584, "x_offset": -0.0004127975058766593, "y_offset": -0.0005504846572875977, "offset": 0.0006880662313811327, "deform": 0.00022189308226259682}], "5": [{"angle": -168.6409648403528, "x_offset": -0.0010397581927544248, "y_offset": -0.0002088785171508789, "offset": 0.0010605316281597158, "deform": 0.00015203992396915778}], "6": [{"angle": -5.90464532519379, "x_offset": 0.0005582286193307522, "y_offset": -5.773305892944336e-05, "offset": 0.0005612061096720779, "deform": 0.00015901926317945375}]}, "webp": {"1": [{"angle": 176.8735723815172, "x_offset": -0.00233810559838219, "y_offset": 0.00012770891189575195, "offset": 0.0023415907745299425, "deform": 0.00012579647761323115}], "2": [{"angle": 176.8735723815172, "x_offset": -0.00233810559838219, "y_offset": 0.00012770891189575195, "offset": 0.0023415907745299425, "deform": 0.00012579647761323115}], "3": [{"angle": 176.8735723815172, "x_offset": -0.00233810559838219, "y_offset": 0.00012770891189575195, "offset": 0.0023415907745299425, "deform": 0.00012579647761323115}], "4": [{"angle": -2.071296951269609, "x_offset": 0.0006084610930586283, "y_offset": -2.2006034851074218e-05, "offset": 0.0006088589059346734, "deform": -0.0009883910830290298}], "5": [{"angle": -7.676222714501437, "x_offset": 0.00123204594164823, "y_offset": -0.00016605854034423828, "offset": 0.0012431864868768213, "deform": -0.0007675783152757097}], "6": [{"angle": -178.47269706805528, "x_offset": -0.0006080559924640487, "y_offset": -1.621246337890625e-05, "offset": 0.0006082720887401062, "deform": -0.0002414820631950615}], "7": [{"angle": 174.7124438642242, "x_offset": -0.001206929704784292, "y_offset": 0.00011169910430908203, "offset": 0.0012120874564956728, "deform": -0.00017111158815925898}], "8": [{"angle": -21.709607928368307, "x_offset": 0.0004893615182522124, "y_offset": -0.00019483566284179689, "offset": 0.0005267215878062268, "deform": -7.905885820610331e-06}]}}