{"cheng2020-anchor": {"1": [{"angle": -157.5913625012256, "x_offset": -0.08576868393841912, "y_offset": -0.03536642789840698, "offset": 0.09277419558703624, "deform": 0.33075789078861395}], "2": [{"angle": -158.2330378086221, "x_offset": -0.08735132553998162, "y_offset": -0.03487962484359741, "offset": 0.09405765414266902, "deform": 0.3629824667144394}], "3": [{"angle": -157.28377771311187, "x_offset": -0.0884677303538603, "y_offset": -0.03703628778457642, "offset": 0.09590738202466638, "deform": 0.3198202647831929}], "4": [{"angle": 3.4975842026321406, "x_offset": 0.039517140107996326, "y_offset": 0.002415299415588379, "offset": 0.03959088321295641, "deform": -0.03141637402306574}], "5": [{"angle": 2.2320470782807162, "x_offset": 0.034862096449908085, "y_offset": 0.001358795166015625, "offset": 0.03488856679753242, "deform": -0.040217677486533376}], "6": [{"angle": 34.755971583146675, "x_offset": 0.005546946806066176, "y_offset": 0.0038489103317260742, "offset": 0.006751498323409069, "deform": 0.013793280916545192}]}, "webp": {"1": [], "2": [], "3": [], "4": [{"angle": -169.11655766863873, "x_offset": -0.08727607278262868, "y_offset": -0.016780567169189454, "offset": 0.08887463257239592, "deform": 0.056330951422500775}], "5": [{"angle": 174.3038485425847, "x_offset": -0.004801456227022059, "y_offset": 0.00047892332077026367, "offset": 0.004825282317873901, "deform": -0.0075135235503909215}], "6": [{"angle": -165.29312016238012, "x_offset": -0.08430071662454044, "y_offset": -0.02212669849395752, "offset": 0.0871561908854074, "deform": 0.07543679700074168}], "7": [{"angle": 110.89886359827095, "x_offset": -0.00029041963465073527, "y_offset": 0.0007605791091918945, "offset": 0.0008141401264707461, "deform": 0.0009111035156871283}], "8": [{"angle": 7.311882499914759, "x_offset": 0.0018342141544117647, "y_offset": 0.00023535490036010742, "offset": 0.0018492521443459193, "deform": 0.001551066648757593}]}}