{"cheng2020-anchor": {"1": [{"angle": -144.73902559845627, "x_offset": -0.008610509770177738, "y_offset": -0.006087779998779297, "offset": 0.010545233227191494, "deform": -0.04929098858205505}], "2": [{"angle": -151.60322590949147, "x_offset": -0.006631242089616113, "y_offset": -0.0035850167274475097, "offset": 0.007538283397907956, "deform": -0.04203679515385694}], "3": [{"angle": -144.65972162446633, "x_offset": -0.014283755998233538, "y_offset": -0.010128545761108398, "offset": 0.017510371916436826, "deform": -0.014073764692905888}], "4": [{"angle": -156.88084999690844, "x_offset": -0.007688366727673368, "y_offset": -0.0032824039459228515, "offset": 0.008359734362012037, "deform": -0.006327052448934833}], "5": [{"angle": -125.06945777788876, "x_offset": -0.002899881287332459, "y_offset": -0.004130792617797851, "offset": 0.005047054500584889, "deform": 0.003415542339435751}], "6": [{"angle": -155.7447985460936, "x_offset": -0.0030188571600925115, "y_offset": -0.0013602256774902343, "offset": 0.00331114971675181, "deform": 0.007563232364015016}]}, "webp": {"1": [], "2": [], "3": [{"angle": -54.8788738467858, "x_offset": 0.008956517928685898, "y_offset": -0.012733852863311768, "offset": 0.0155682440291558, "deform": -0.0339134495601211}], "4": [{"angle": -86.76223754536765, "x_offset": 0.0005334173882757867, "y_offset": -0.009429359436035156, "offset": 0.009444435053726623, "deform": 0.004216736128585974}], "5": [{"angle": -169.0008260396024, "x_offset": -0.004197234040373689, "y_offset": -0.0008157968521118164, "offset": 0.004275780407549853, "deform": -0.0194462544172449}], "6": [{"angle": -21.398133328117837, "x_offset": 0.006643121892755682, "y_offset": -0.0026031613349914553, "offset": 0.007134950414544192, "deform": -0.003998631185040957}], "7": [{"angle": 164.212177970324, "x_offset": -0.003865737737197698, "y_offset": 0.001093006134033203, "offset": 0.004017286479930027, "deform": 0.001755556582655915}], "8": [{"angle": -37.25801343116172, "x_offset": 0.003941355885325612, "y_offset": -0.002997946739196777, "offset": 0.004951966363562199, "deform": -0.0003574767440106541}]}}