{"cheng2020-anchor": {"1": [], "2": [], "3": [], "4": [], "5": [], "6": []}, "webp": {"1": [], "2": [], "3": [], "4": [], "5": [], "6": [], "7": [{"angle": 163.38031162015585, "x_offset": -0.004642772674560547, "y_offset": 0.001385807991027832, "offset": 0.004845183370693279, "deform": -0.0046268307959114185}], "8": [{"angle": 7.8688434758739785, "x_offset": 0.02063023249308268, "y_offset": 0.002851247787475586, "offset": 0.02082633205017698, "deform": -0.010167126615291067}]}}