{"cheng2020-anchor": {"1": [], "2": [{"angle": -42.58816088454975, "x_offset": 0.0021552324295043947, "y_offset": -0.001981016065253586, "offset": 0.00292736254604383, "deform": -0.0013973795754887164}], "3": [{"angle": -38.86039219800207, "x_offset": 0.0018699705600738526, "y_offset": -0.0015067428839011271, "offset": 0.0024014712185928032, "deform": -0.001579435417380981}], "4": [{"angle": -94.83587803947975, "x_offset": -5.934238433837891e-05, "y_offset": -0.0007014218761435158, "offset": 0.0007039276716479142, "deform": 0.0007498859622513815}], "5": [{"angle": 92.23449210445784, "x_offset": -0.00010129809379577637, "y_offset": 0.0025961203653304303, "offset": 0.0025980958902800462, "deform": -0.0007955425608685007}], "6": [{"angle": 87.17369356134947, "x_offset": 3.6263465881347655e-05, "y_offset": 0.0007345480997054303, "offset": 0.0007354426896356959, "deform": 0.00013514568347995637}]}, "webp": {"1": [{"angle": -132.7440758604491, "x_offset": -0.004247093200683593, "y_offset": -0.004595432683511417, "offset": 0.006257459724519028, "deform": -0.0004956292006366991}], "2": [{"angle": -138.5678616219693, "x_offset": -0.0029294490814208984, "y_offset": -0.0025855785789757756, "offset": 0.003907286591574278, "deform": 0.0007005294465902839}], "3": [{"angle": 126.15317754228587, "x_offset": -0.0016655027866363525, "y_offset": 0.0022795272934353046, "offset": 0.0028231443841592553, "deform": 0.00041906560758904476}], "4": [{"angle": -74.31988311705561, "x_offset": 0.0009862363338470459, "y_offset": -0.003513327247923375, "offset": 0.0036491273555743294, "deform": 0.0023407485226670244}], "5": [{"angle": -82.33333651269815, "x_offset": 0.0003895103931427002, "y_offset": -0.002893559547442184, "offset": 0.0029196584048412234, "deform": 0.0009148622605341244}], "6": [{"angle": 179.70243284084134, "x_offset": -0.000147932767868042, "y_offset": 7.682996834748244e-07, "offset": 0.00014793476296497596, "deform": 0.0005638821316207576}], "7": [{"angle": 58.512858184820594, "x_offset": 0.0002740621566772461, "y_offset": 0.00044745416216883784, "offset": 0.0005247144870925521, "deform": 0.00045207870940765227}], "8": [{"angle": -96.52852869129494, "x_offset": -0.00010940432548522949, "y_offset": -0.0009559970828911738, "offset": 0.0009622368361953891, "deform": 0.001053216792971573}]}}