{"cheng2020-anchor": {"1": [{"angle": -93.74720660693602, "x_offset": -0.0002824246883392334, "y_offset": -0.004312189420064291, "offset": 0.0043214281550313805, "deform": 0.00035449955611245587}], "2": [{"angle": -98.51780795079722, "x_offset": -0.0007226943969726562, "y_offset": -0.004825401306152344, "offset": 0.004879219707784475, "deform": -0.0001951055126596657}], "3": [{"angle": -155.96509669075587, "x_offset": -0.0013767004013061524, "y_offset": -0.0006139516830444336, "offset": 0.001507395324415468, "deform": -0.0018597372127192174}], "4": [{"angle": -123.75578231805068, "x_offset": -0.001148742437362671, "y_offset": -0.0017188390096028645, "offset": 0.002067369519058092, "deform": -0.0007176066722295732}], "5": [{"angle": -135.32476627852594, "x_offset": -0.0003741800785064697, "y_offset": -0.0003699620564778646, "offset": 0.0005261964028615537, "deform": -0.00012599832729449922}], "6": [{"angle": 82.47022143996564, "x_offset": 0.00014794468879699706, "y_offset": 0.0011192560195922852, "offset": 0.001128991438557798, "deform": 0.0011062549895344415}]}, "webp": {"1": [{"angle": 89.72125609690657, "x_offset": 0.00017747879028320312, "y_offset": 0.03648045857747396, "offset": 0.03648089029538333, "deform": -0.053931638690410066}], "2": [{"angle": 89.72125609690657, "x_offset": 0.00017747879028320312, "y_offset": 0.03648045857747396, "offset": 0.03648089029538333, "deform": -0.053931638690410066}], "3": [{"angle": -171.71632319985957, "x_offset": -0.0004634857177734375, "y_offset": -6.748040517171225e-05, "offset": 0.00046837230454212063, "deform": 0.0013908349071069387}], "4": [{"angle": -82.29817211376708, "x_offset": 0.0002688169479370117, "y_offset": -0.0019877354303995767, "offset": 0.0020058301754545325, "deform": 0.001390276609311028}], "5": [{"angle": -79.96596773655848, "x_offset": 0.00027453303337097166, "y_offset": -0.0015515645345052084, "offset": 0.0015756652217860973, "deform": 0.0015326885072289437}, {"angle": 93.76942758784756, "x_offset": -0.0015927672386169434, "y_offset": 0.024175326029459637, "offset": 0.024227738154996643, "deform": -0.03959052276492292}], "6": [{"angle": -130.44185093968207, "x_offset": -0.0005404114723205567, "y_offset": -0.0006340424219767253, "offset": 0.0008330992451573723, "deform": -0.0003667688834025351}], "7": [{"angle": 83.6334424466223, "x_offset": 0.00011827349662780761, "y_offset": 0.001060016949971517, "offset": 0.001066594840711076, "deform": -7.559690861058677e-05}, {"angle": 90.45111946824865, "x_offset": -2.5153160095214844e-05, "y_offset": 0.0031945864359537762, "offset": 0.003194685458420379, "deform": -0.007696651669420906}], "8": [{"angle": 140.94261840852013, "x_offset": -0.0002340376377105713, "y_offset": 0.00018990834554036458, "offset": 0.00030139475040389, "deform": -0.0003613939839857694}, {"angle": 83.10482143330445, "x_offset": 0.00017747879028320312, "y_offset": 0.0014676411946614584, "offset": 0.001478333317377276, "deform": -0.004599973651347566}]}}