{"cheng2020-anchor": {"1": [{"angle": -143.58570994403618, "x_offset": -0.009018462491537984, "y_offset": -0.006652456521987915, "offset": 0.011206598212134539, "deform": 0.006305726342939244}], "2": [], "3": [], "4": [{"angle": -76.87129326447413, "x_offset": 0.0010773348305766978, "y_offset": -0.004619085788726806, "offset": 0.004743058492238069, "deform": -0.00493870470078156}], "5": [{"angle": -31.516090239527895, "x_offset": 0.0032513013209894614, "y_offset": -0.0019936561584472656, "offset": 0.0038138727244078985, "deform": -0.0045998674563423325}], "6": [{"angle": -61.00980255057078, "x_offset": 0.0014062564322764198, "y_offset": -0.0025379776954650877, "offset": 0.002901531998099811, "deform": -0.0032710666123393906}]}, "webp": {"1": [{"angle": 135.07674654545403, "x_offset": -0.009604675150029274, "y_offset": 0.009578979015350342, "offset": 0.013564904117394713, "deform": 0.018609157651797714}], "2": [{"angle": -163.90069485429058, "x_offset": -0.006285352505900541, "y_offset": -0.001814091205596924, "offset": 0.0065419097384215195, "deform": 0.01005748089449382}], "3": [{"angle": -157.98602146146766, "x_offset": -0.007980882702722483, "y_offset": -0.0032267510890960694, "offset": 0.008608508076641248, "deform": 0.0035762682927497624}], "4": [{"angle": -151.36840358190844, "x_offset": -0.004963162352943867, "y_offset": -0.0027095556259155275, "offset": 0.005654615126744683, "deform": 0.0008731789030620996}], "5": [{"angle": -150.3818965519723, "x_offset": -0.002562100770043545, "y_offset": -0.0014565467834472656, "offset": 0.002947183212531637, "deform": 0.003871114836185463}], "6": [{"angle": -177.48222870051558, "x_offset": -0.002742222377232143, "y_offset": -0.00012058019638061523, "offset": 0.0027448721554840932, "deform": 0.0032927379141508006}], "7": [{"angle": 28.24448168249445, "x_offset": 0.0019577169306663495, "y_offset": 0.0010516762733459473, "offset": 0.0022223137862454286, "deform": -0.0020867528301858895}], "8": [{"angle": -116.5222495630473, "x_offset": -0.0006074749055455942, "y_offset": -0.001217222213745117, "offset": 0.0013603880617317223, "deform": 3.779531332237518e-06}]}}