{"cheng2020-anchor": {"1": [{"angle": -10.576611532248483, "x_offset": 0.0047208099702072985, "y_offset": -0.0008814811706542968, "offset": 0.004802401048332667, "deform": -0.00363122031624466}], "2": [{"angle": -2.6756932794086556, "x_offset": 0.011479729321881899, "y_offset": -0.0005364894866943359, "offset": 0.011492258536641464, "deform": -0.016600045517768558}], "3": [{"angle": 14.82665391977763, "x_offset": 0.0103607177734375, "y_offset": 0.002742576599121094, "offset": 0.010717564983841727, "deform": -0.0015699300116669979}], "4": [{"angle": 100.86156517437507, "x_offset": -0.0008121347322106098, "y_offset": 0.004232645034790039, "offset": 0.004309854616317768, "deform": 0.0005848789290475165}], "5": [{"angle": 140.70851707291516, "x_offset": -0.003768112485771937, "y_offset": 0.0030832290649414062, "offset": 0.004868775325718966, "deform": -0.0018288121686191872}], "6": [{"angle": 139.0737323327826, "x_offset": -0.002348135638710679, "y_offset": 0.0020359039306640627, "offset": 0.0031078361914162384, "deform": -0.0038091442886319937}]}, "webp": {"1": [{"angle": -18.39781753641324, "x_offset": 0.007555542665864721, "y_offset": -0.0025130748748779298, "offset": 0.007962522860403285, "deform": 0.011099703509817899}], "2": [{"angle": -84.55495802854765, "x_offset": 0.0005088284052497241, "y_offset": -0.005338048934936524, "offset": 0.005362245124737019, "deform": 0.006197105552948445}], "3": [{"angle": -13.75105600140367, "x_offset": 0.012025273135692604, "y_offset": -0.002942800521850586, "offset": 0.012380115867770153, "deform": 0.00870826480202569}], "4": [{"angle": -95.75307986840538, "x_offset": -5.5645738479580574e-05, "y_offset": -0.0005523204803466797, "offset": 0.0005551165294074073, "deform": 0.005219082317891199}], "5": [{"angle": -163.19316148013291, "x_offset": -0.004446825444303601, "y_offset": -0.0013431549072265626, "offset": 0.004645247209451044, "deform": 0.001686394057418078}], "6": [{"angle": 21.757125214123263, "x_offset": 0.0032810775386313464, "y_offset": 0.0013094902038574218, "offset": 0.003532737523296868, "deform": 0.0008048473533988909}], "7": [{"angle": 153.43756780335215, "x_offset": -0.0011201231158595474, "y_offset": 0.00055999755859375, "offset": 0.0012523070950505159, "deform": 0.0018411872517209993}], "8": [{"angle": 16.382707221905232, "x_offset": 0.0014617111509209438, "y_offset": 0.00042972564697265627, "offset": 0.0015235693684216344, "deform": 0.002459017600811242}]}}