{"cheng2020-anchor": {"1": [], "2": [], "3": [], "4": [], "5": [{"angle": -118.8680150968875, "x_offset": -0.0013327280680338542, "y_offset": -0.0024174213409423827, "offset": 0.0027604510578832795, "deform": 0.000340621453554648}], "6": [{"angle": -139.7603828893956, "x_offset": -0.00043843587239583335, "y_offset": -0.0003710269927978516, "offset": 0.0005743579403021363, "deform": 5.334620446471698e-05}]}, "webp": {"1": [], "2": [], "3": [], "4": [], "5": [], "6": [], "7": [], "8": [{"angle": 178.76116247053565, "x_offset": -0.0004851023356119792, "y_offset": 1.049041748046875e-05, "offset": 0.000485215750852249, "deform": 0.00023482696022258942}]}}