{"cheng2020-anchor": {"1": [{"angle": 5.53541528633642, "x_offset": 0.004892027378082276, "y_offset": 0.00047410070513249463, "offset": 0.004914946932217445, "deform": -0.00011643871568215586}], "2": [{"angle": 22.07921777610361, "x_offset": 0.003564190864562988, "y_offset": 0.0014457620951552463, "offset": 0.0038462559138494608, "deform": -0.0012842137186737587}], "3": [{"angle": 1.3614651513752107, "x_offset": 0.004912137985229492, "y_offset": 0.00011674443965805674, "offset": 0.004913525094077115, "deform": -0.0005383055396039615}], "4": [{"angle": -17.25311545438157, "x_offset": 0.0015757977962493896, "y_offset": -0.0004893921682615096, "offset": 0.0016500434506461139, "deform": -0.0011045789463760627}], "5": [{"angle": 69.72494743680805, "x_offset": 0.0006914973258972168, "y_offset": 0.0018718645965772216, "offset": 0.0019955063567030315, "deform": -0.0009260348898069148}], "6": [{"angle": 96.90491189158398, "x_offset": -0.00016280412673950196, "y_offset": 0.0013443744667592345, "offset": 0.0013541964002897024, "deform": -0.0007431815647032866}]}, "webp": {"1": [], "2": [], "3": [{"angle": 26.09765738434246, "x_offset": 0.004548275470733642, "y_offset": 0.002227946573457575, "offset": 0.005064637765117924, "deform": 0.0007580852481772135}], "4": [{"angle": 8.452296866373102, "x_offset": 0.006274259090423584, "y_offset": 0.0009323544880052195, "offset": 0.0063431547375944145, "deform": 0.0002825685123367533}], "5": [{"angle": 29.03212607967431, "x_offset": 0.0017388343811035156, "y_offset": 0.0009651265767197537, "offset": 0.0019887217789319946, "deform": -0.001159173255255698}], "6": [{"angle": 98.82014649830494, "x_offset": -0.00019652247428894042, "y_offset": 0.001266512166254015, "offset": 0.0012816685024490868, "deform": -0.0007466290131186437}], "7": [{"angle": -174.88694457997576, "x_offset": -0.0015355229377746582, "y_offset": -0.00013739444969552997, "offset": 0.0015416575259243716, "deform": -0.0011841164527086334}], "8": [{"angle": 129.0900234333679, "x_offset": -0.001344907283782959, "y_offset": 0.0016554969281149625, "offset": 0.0021329429624278597, "deform": -0.0008227976141725185}]}}