{"cheng2020-anchor": {"1": [], "2": [], "3": [], "4": [], "5": [{"angle": 13.02973690593181, "x_offset": 0.0039007186889648436, "y_offset": 0.0009026845296223958, "offset": 0.0040038038976027805, "deform": -0.0008659570679810727}], "6": [{"angle": -9.930023730805802, "x_offset": 0.001584482192993164, "y_offset": -0.0002773920694986979, "offset": 0.0016085801752269598, "deform": -0.00218346678585174}]}, "webp": {"1": [], "2": [], "3": [], "4": [], "5": [{"angle": -58.30290698795713, "x_offset": 0.002584362030029297, "y_offset": -0.004184913635253906, "offset": 0.004918580002072876, "deform": 0.001083358506730303}], "6": [{"angle": -10.63824271411234, "x_offset": 0.006270980834960938, "y_offset": -0.0011779149373372397, "offset": 0.006380649201456665, "deform": 0.002594155881088238}], "7": [{"angle": -15.78885917324828, "x_offset": 0.007988166809082032, "y_offset": -0.002258745829264323, "offset": 0.008301369868337322, "deform": 0.004892037994674553}], "8": [{"angle": -42.95503022417365, "x_offset": 0.0020705223083496093, "y_offset": -0.0019277572631835938, "offset": 0.002829012317953122, "deform": 0.0011910956947758788}]}}