{"cheng2020-anchor": {"1": [{"angle": 138.11068434448126, "x_offset": -0.0002995808919270833, "y_offset": 0.00026869773864746094, "offset": 0.0004024266213387057, "deform": -0.00011308784814901066}], "2": [{"angle": 106.96018215222006, "x_offset": -0.00018552144368489583, "y_offset": 0.0006083250045776367, "offset": 0.0006359854693790651, "deform": -7.58890534416439e-05}], "3": [{"angle": 106.03593212744192, "x_offset": -0.00023206075032552084, "y_offset": 0.0008073806762695313, "offset": 0.0008400688949455809, "deform": -3.0985337349799654e-05}], "4": [{"angle": 134.64751999252024, "x_offset": -0.00043780008951822916, "y_offset": 0.0004432201385498047, "offset": 0.0006229871664795973, "deform": -5.242643680200315e-05}], "5": [{"angle": 93.03237193365956, "x_offset": -5.009969075520833e-05, "y_offset": 0.0009457349777221679, "offset": 0.0009470610471880454, "deform": -6.404768686479488e-05}], "6": [{"angle": 97.54731513914814, "x_offset": -3.35693359375e-05, "y_offset": 0.0002533674240112305, "offset": 0.0002555815953181515, "deform": -7.803233191225139e-05}]}, "webp": {"1": [{"angle": 56.206701375584466, "x_offset": 0.00011431376139322916, "y_offset": 0.00017080307006835937, "offset": 0.00020552694419137606, "deform": -0.0001318445840297513}], "2": [{"angle": 134.54749035640793, "x_offset": -0.0011051177978515625, "y_offset": 0.0011227130889892578, "offset": 0.0015753634587980286, "deform": -6.32104032774858e-05}], "3": [{"angle": 114.79383493858778, "x_offset": -0.00046513875325520835, "y_offset": 0.001006937026977539, "offset": 0.0011091781804913829, "deform": -5.423215519840597e-05}], "4": [{"angle": 5.370507506737909, "x_offset": 0.0007839202880859375, "y_offset": 7.369518280029297e-05, "offset": 0.0007873766557631156, "deform": -8.837351415422754e-05}, {"angle": -103.37395139511557, "x_offset": -0.00540930430094401, "y_offset": -0.022751760482788087, "offset": 0.023385961132405247, "deform": -0.020282423134532726}], "5": [{"angle": 101.2917324246688, "x_offset": -2.593994140625e-05, "y_offset": 0.0001299142837524414, "offset": 0.00013247868388185905, "deform": 1.8126875632629592e-06}], "6": [{"angle": -29.20076183585723, "x_offset": 0.00042368570963541665, "y_offset": -0.00023679733276367189, "offset": 0.00048536847585443346, "deform": -1.5784692138063033e-05}], "7": [{"angle": 40.67186261440838, "x_offset": 0.00046819051106770834, "y_offset": 0.0004023075103759766, "offset": 0.0006172954621238993, "deform": -3.8213891202759425e-05}, {"angle": 136.8686078747336, "x_offset": -0.006148020426432292, "y_offset": 0.005759537220001221, "offset": 0.008424394586699278, "deform": 0.007208303547881795}], "8": [{"angle": 150.72872338061933, "x_offset": -0.00024019877115885417, "y_offset": 0.00013463497161865235, "offset": 0.0002753579947068523, "deform": -1.7111025954323102e-07}, {"angle": -121.1391380449064, "x_offset": -0.0013690948486328124, "y_offset": -0.002266073226928711, "offset": 0.0026475476528961673, "deform": -0.001131153072265037}]}}