{"cheng2020-anchor": {"1": [{"angle": -101.32764868802467, "x_offset": -0.0007023215293884277, "y_offset": -0.003505970144870391, "offset": 0.0035756233285072145, "deform": 0.002529699748251485}], "2": [{"angle": -104.89654292926156, "x_offset": -0.0015293478965759278, "y_offset": -0.005749107903516442, "offset": 0.00594904586257632, "deform": 0.0029110123080103995}], "3": [{"angle": -95.17500522828712, "x_offset": -0.000574028491973877, "y_offset": -0.006338143448450575, "offset": 0.006364084465399148, "deform": 0.002904788485683568}], "4": [{"angle": -31.41892038411308, "x_offset": 0.00046139955520629883, "y_offset": -0.00028184866805455673, "offset": 0.0005406738584661719, "deform": -0.0002364477151676203}], "5": [{"angle": -84.48610548709905, "x_offset": 0.00019263029098510743, "y_offset": -0.00199546973575608, "offset": 0.0020047458430742402, "deform": 0.00017735573027644058}], "6": [{"angle": -74.16199880571239, "x_offset": 0.0005219340324401856, "y_offset": -0.0018398173184574398, "offset": 0.001912418076549999, "deform": -0.0010663148271921885}]}, "webp": {"1": [{"angle": 123.74430087730835, "x_offset": -0.0016666531562805175, "y_offset": 0.0024948598949480257, "offset": 0.003000343086841884, "deform": -0.0017004741687673963}], "2": [{"angle": 156.38190804183557, "x_offset": -0.0014238715171813964, "y_offset": 0.0006226096691945606, "offset": 0.0015540440462274586, "deform": 7.08534357034829e-05}], "3": [{"angle": 112.80508967773012, "x_offset": -0.0008949637413024902, "y_offset": 0.0021285053077601986, "offset": 0.0023090030193591102, "deform": -0.0010093461354071798}], "4": [{"angle": 125.96343341853867, "x_offset": -0.0008449673652648926, "y_offset": 0.0011645600386743266, "offset": 0.0014388085112480547, "deform": -0.0007180763838329357}], "5": [{"angle": -131.5337409744896, "x_offset": -0.0012339234352111816, "y_offset": -0.0013930428477011965, "offset": 0.0018609501389061508, "deform": -0.0014532140292343593}], "6": [{"angle": 101.48235055070668, "x_offset": -0.00019401311874389648, "y_offset": 0.0009551108132845188, "offset": 0.0009746167225621302, "deform": -0.0009985004303880857}], "7": [{"angle": 98.3270247404242, "x_offset": -0.00011359453201293945, "y_offset": 0.0007760993606375849, "offset": 0.0007843684945772023, "deform": -0.00031053551427430437}], "8": [{"angle": -97.85618889884935, "x_offset": -0.000164186954498291, "y_offset": -0.0011899142085757715, "offset": 0.001201188236621525, "deform": 0.00044647379530997344}]}}