{"cheng2020-anchor": {"1": [{"angle": 88.39607678192453, "x_offset": 3.0771891276041666e-05, "y_offset": 0.0010989546775817872, "offset": 0.0010993854158899846, "deform": 0.0017418491385463586}], "2": [{"angle": 27.821286847403464, "x_offset": 0.0012359619140625, "y_offset": 0.000652235746383667, "offset": 0.0013975025301850791, "deform": 0.0027492892226458204}], "3": [{"angle": 39.519844900341276, "x_offset": 0.0017357508341471354, "y_offset": 0.0014318525791168213, "offset": 0.0022501183894555344, "deform": 0.0020917294933997105}], "4": [{"angle": 42.703972518142585, "x_offset": 0.0016862869262695313, "y_offset": 0.0015562772750854492, "offset": 0.002294681362336596, "deform": 0.000992428649524299}], "5": [{"angle": 11.225837967759094, "x_offset": 0.0017467498779296874, "y_offset": 0.000346684455871582, "offset": 0.001780821509301354, "deform": 0.0007446166085143952}], "6": [{"angle": 61.27337967846813, "x_offset": 0.00044282277425130207, "y_offset": 0.0008079409599304199, "offset": 0.0009213363143439577, "deform": 0.0009501463691806988}]}, "webp": {"1": [{"angle": 21.47450471017774, "x_offset": 0.011052258809407552, "y_offset": 0.0043479204177856445, "offset": 0.011876735104797283, "deform": 0.009007611359352283}], "2": [{"angle": 21.47450471017774, "x_offset": 0.011052258809407552, "y_offset": 0.0043479204177856445, "offset": 0.011876735104797283, "deform": 0.009007611359352283}], "3": [{"angle": -3.8610847986272874, "x_offset": 0.005464235941569011, "y_offset": -0.00036878585815429686, "offset": 0.0054766666353092165, "deform": 0.005318566647494319}], "4": [{"angle": 141.79591343396325, "x_offset": -8.513132731119792e-05, "y_offset": 6.70015811920166e-05, "offset": 0.0001083353809796075, "deform": 0.001235494960387759}], "5": [{"angle": -177.37845476722003, "x_offset": -0.004654693603515625, "y_offset": -0.0002131223678588867, "offset": 0.00465957011818591, "deform": -0.003402063698995317}], "6": [{"angle": -133.2982458171975, "x_offset": -0.000825818379720052, "y_offset": -0.0008763909339904785, "offset": 0.0012041748483771595, "deform": 0.0008803536381325611}], "7": [{"angle": -15.04773472806475, "x_offset": 0.0012393951416015624, "y_offset": -0.00033320188522338866, "offset": 0.0012834032154167205, "deform": 0.0017720529807093155}], "8": [{"angle": -16.672087182540896, "x_offset": 0.0020169576009114584, "y_offset": -0.0006040453910827637, "offset": 0.002105466408747201, "deform": 0.0025112548389733674}]}}