{"cheng2020-anchor": {"1": [], "2": [], "3": [], "4": [], "5": [], "6": [{"angle": -119.81389976092984, "x_offset": -0.00216526985168457, "y_offset": -0.0037786483764648436, "offset": 0.004355063384564514, "deform": -0.002216105488496267}]}, "webp": {"1": [], "2": [], "3": [], "4": [], "5": [], "6": [], "7": [], "8": [{"angle": -93.83063893869333, "x_offset": -0.00040411949157714844, "y_offset": -0.006035502751668294, "offset": 0.006049016947312028, "deform": -0.002343723114793028}]}}