{"cheng2020-anchor": {"1": [{"angle": 13.410355121929474, "x_offset": 0.006030597686767578, "y_offset": 0.001437842845916748, "offset": 0.00619963712721966, "deform": 0.03396023923813207}], "2": [{"angle": 167.6680707994488, "x_offset": -0.0035742759704589845, "y_offset": 0.000781404972076416, "offset": 0.0036586940898886665, "deform": 0.010753813651602218}], "3": [{"angle": 170.62413114644525, "x_offset": -0.0016736030578613282, "y_offset": 0.000276339054107666, "offset": 0.001696263678827059, "deform": 0.01732313444398903}], "4": [{"angle": -1.7262356106236778, "x_offset": 0.028125572204589843, "y_offset": -0.0008476376533508301, "offset": 0.028138342194005937, "deform": 0.022169016919663553}], "5": [{"angle": 88.91503028622563, "x_offset": 3.51715087890625e-05, "y_offset": 0.0018571376800537109, "offset": 0.0018574706990167511, "deform": 0.010606520838016942}], "6": [{"angle": 21.610646404557315, "x_offset": 0.002714252471923828, "y_offset": 0.0010752320289611817, "offset": 0.0029194674852528486, "deform": -0.0033262134552560774}]}, "webp": {"1": [{"angle": 34.2714311781916, "x_offset": 0.007056846618652344, "y_offset": 0.00480870008468628, "offset": 0.008539477776986533, "deform": 0.038541962564207055}], "2": [{"angle": 175.10631908807053, "x_offset": -0.03809347152709961, "y_offset": 0.00326153039932251, "offset": 0.03823284129556229, "deform": -0.020464059432676596}], "3": [{"angle": -176.0368153649222, "x_offset": -0.01695280075073242, "y_offset": -0.0011745095252990723, "offset": 0.01699343773104936, "deform": 0.003602266223043271}], "4": [{"angle": 177.83569015906852, "x_offset": -0.02428232192993164, "y_offset": 0.0009176850318908692, "offset": 0.024299656461081825, "deform": -0.0013888393511471975}], "5": [{"angle": 175.76712897195344, "x_offset": -0.011903495788574218, "y_offset": 0.0008810043334960937, "offset": 0.011936053812891555, "deform": 0.018190002293738905}], "6": [{"angle": 161.12651282683467, "x_offset": -0.0052239990234375, "y_offset": 0.001785874366760254, "offset": 0.005520825395783432, "deform": 0.019295192470306533}], "7": [{"angle": 17.970559223170657, "x_offset": 0.0034429931640625, "y_offset": 0.0011167407035827636, "offset": 0.0036195734177965817, "deform": 0.021554482505948824}], "8": [{"angle": 163.25625187031383, "x_offset": -0.003092975616455078, "y_offset": 0.0009305119514465332, "offset": 0.003229914961074131, "deform": 0.004269622687851582}]}}