{"cheng2020-anchor": {"1": [], "2": [], "3": [{"angle": 0.221323722670921, "x_offset": 0.1424365221019386, "y_offset": 0.0005502104759216309, "offset": 0.1424375847873863, "deform": 0.12184028506552089}], "4": [{"angle": -174.0636053959687, "x_offset": -0.13240560452317252, "y_offset": -0.013767796754837035, "offset": 0.13311948143164193, "deform": 0.1172768958896068}], "5": [{"angle": -177.9889290067864, "x_offset": -0.10784322792904644, "y_offset": -0.003786832094192505, "offset": 0.10790969329706145, "deform": 0.0942011769119345}], "6": [{"angle": -177.25496387291366, "x_offset": -0.13081925807427003, "y_offset": -0.006272339820861816, "offset": 0.13096954046621234, "deform": 0.10954548293668837}]}, "webp": {"1": [], "2": [], "3": [{"angle": -9.87853142715893, "x_offset": 0.015855200702825836, "y_offset": -0.002761054039001465, "offset": 0.016093812746927783, "deform": 0.015162257332744455}], "4": [{"angle": -34.66481087136792, "x_offset": 0.008120096486298209, "y_offset": -0.005615246295928955, "offset": 0.009872535536058423, "deform": 0.01421163792024921}], "5": [{"angle": -6.279953623282774, "x_offset": 0.015434164969613307, "y_offset": -0.0016984820365905761, "offset": 0.015527340066407363, "deform": 0.02083416778059599}], "6": [{"angle": -1.1451445591043128, "x_offset": 0.13870841929896915, "y_offset": -0.0027726709842681883, "offset": 0.13873612827524648, "deform": 0.12281508658503873}], "7": [{"angle": -176.17907221744554, "x_offset": -0.12612389161758925, "y_offset": -0.008423411846160888, "offset": 0.1264048650325431, "deform": 0.09928287510175246}], "8": [{"angle": -176.36338769734536, "x_offset": -0.13140546936435823, "y_offset": -0.008351635932922364, "offset": 0.1316706011288145, "deform": 0.10388460945294795}]}}