{"cheng2020-anchor": {"1": [{"angle": 39.90277112932445, "x_offset": 0.004728044782366071, "y_offset": 0.0039536476135253905, "offset": 0.006163257005512106, "deform": 0.01742252967945701}], "2": [{"angle": 10.893843504233576, "x_offset": 0.008152588748261856, "y_offset": 0.0015690326690673828, "offset": 0.008302202527937182, "deform": -0.019035650328881326}], "3": [{"angle": 53.56333838956906, "x_offset": 0.0017943549770382025, "y_offset": 0.002430546283721924, "offset": 0.0030211363790693434, "deform": 0.04197502918248386}], "4": [{"angle": 18.09439900139195, "x_offset": 0.01758327082113583, "y_offset": 0.005745196342468261, "offset": 0.018498072704552695, "deform": 0.0035192457158564894}], "5": [{"angle": 40.42805333566569, "x_offset": 0.003346141663312354, "y_offset": 0.002850615978240967, "offset": 0.00439575653174257, "deform": 0.02100764323729254}], "6": [{"angle": 8.857770818451941, "x_offset": 0.01299041104819233, "y_offset": 0.0020244359970092774, "offset": 0.013147209601546037, "deform": 0.005575419759487166}]}, "webp": {"1": [{"angle": 33.74369245327845, "x_offset": 0.13465479330380012, "y_offset": 0.08995201587677001, "offset": 0.16193603218550162, "deform": 0.5260648546928414}], "2": [{"angle": 33.74369245327845, "x_offset": 0.13465479330380012, "y_offset": 0.08995201587677001, "offset": 0.16193603218550162, "deform": 0.5260648546928414}], "3": [{"angle": 19.756596480143568, "x_offset": 0.24753690268451772, "y_offset": 0.08890700340270996, "offset": 0.26301896023802895, "deform": 0.574263023706997}], "4": [{"angle": -169.89352852402092, "x_offset": -0.061106947601818645, "y_offset": -0.010891926288604737, "offset": 0.06207006608251524, "deform": 0.08481880528674113}], "5": [{"angle": -11.978255343679068, "x_offset": 0.007210546131714725, "y_offset": -0.0015297889709472655, "offset": 0.00737103994109502, "deform": -0.016691593744142308}], "6": [{"angle": 1.7483413578569933, "x_offset": 0.00895755240732948, "y_offset": 0.00027341842651367186, "offset": 0.008961724318791076, "deform": -0.011375046171586134}], "7": [{"angle": -29.56223818485997, "x_offset": 0.003481969900376903, "y_offset": -0.0019749999046325684, "offset": 0.004003091181877999, "deform": -0.024277420227792}], "8": [{"angle": -11.324450927366236, "x_offset": 0.009221740293837821, "y_offset": -0.001846778392791748, "offset": 0.00940484367116618, "deform": -0.03229337068874505}]}}