{"cheng2020-anchor": {"1": [{"angle": -173.83201749619064, "x_offset": -0.004360368715237119, "y_offset": -0.0004712224006652832, "offset": 0.004385757161962728, "deform": 0.0019922081398122543}], "2": [{"angle": 166.63846492073344, "x_offset": -0.003805424067119804, "y_offset": 0.0009038805961608887, "offset": 0.003911298053425588, "deform": 0.00013840912462774468}], "3": [{"angle": 164.89533488634726, "x_offset": -0.0044617128037177985, "y_offset": 0.0012042522430419922, "offset": 0.0046213747530070536, "deform": -4.7529743167393224e-05}], "4": [{"angle": 123.12343493336483, "x_offset": -0.0011270241659195697, "y_offset": 0.0017273068428039552, "offset": 0.0020624675512027017, "deform": 0.0002726306143834706}], "5": [{"angle": 137.3938135784211, "x_offset": -0.001707858726626537, "y_offset": 0.0015707969665527343, "offset": 0.0023203845673176004, "deform": 0.00040900436575584675}], "6": [{"angle": 99.27242039051974, "x_offset": -0.0003093210260538642, "y_offset": 0.0018946290016174316, "offset": 0.0019197131428754872, "deform": -7.032584099767036e-05}]}, "webp": {"1": [{"angle": -112.9738834344753, "x_offset": -0.0007494316726434426, "y_offset": -0.0017677903175354003, "offset": 0.0019200860498251268, "deform": 0.0010669450317312978}], "2": [{"angle": -112.9738834344753, "x_offset": -0.0007494316726434426, "y_offset": -0.0017677903175354003, "offset": 0.0019200860498251268, "deform": 0.0010669450317312978}], "3": [{"angle": -141.5603177384001, "x_offset": -0.002445122676375878, "y_offset": -0.0019407391548156739, "offset": 0.0031217132106524763, "deform": -0.0012472666185228964}], "4": [{"angle": -163.23717582204156, "x_offset": -0.00483885861113144, "y_offset": -0.001457512378692627, "offset": 0.005053602179887444, "deform": 0.0006206118828749052}], "5": [{"angle": -146.0169990085051, "x_offset": -0.0017978033918965896, "y_offset": -0.001211857795715332, "offset": 0.0021681089347518737, "deform": -0.00031267436964019235}], "6": [{"angle": -156.8769348937712, "x_offset": -0.0013081106145711359, "y_offset": -0.0005585789680480957, "offset": 0.0014223796411293823, "deform": 0.00034556093056459236}], "7": [{"angle": -171.50580107134084, "x_offset": -0.0018616437353629976, "y_offset": -0.00027803182601928713, "offset": 0.0018822909163293312, "deform": -0.00040366963318584637}], "8": [{"angle": -176.07647660662934, "x_offset": -0.0004482581967213115, "y_offset": -3.074407577514648e-05, "offset": 0.0004493112608460976, "deform": -7.83364825873295e-05}]}}