{"cheng2020-anchor": {"1": [{"angle": 61.67478408151725, "x_offset": 0.0011432170867919922, "y_offset": 0.0021209478378295898, "offset": 0.002409432513752394, "deform": -0.0004982575969385283}, {"angle": 66.21683658778839, "x_offset": 0.008496602376302084, "y_offset": 0.01927971839904785, "offset": 0.021068929576216408, "deform": -0.003711078700907828}], "2": [{"angle": -55.35619487885363, "x_offset": 0.0018048763275146484, "y_offset": -0.0026120424270629885, "offset": 0.0031749557789676175, "deform": -0.002782979934158894}], "3": [{"angle": -107.02137027730637, "x_offset": -0.0011486371358235678, "y_offset": -0.0037520170211791993, "offset": 0.003923900992253934, "deform": -0.003891733492027899}, {"angle": 71.9237239151174, "x_offset": 0.007377243041992188, "y_offset": 0.022602391242980958, "offset": 0.023775866015802758, "deform": -0.0029290766279155}], "4": [{"angle": -43.04719650828389, "x_offset": 0.0007079124450683593, "y_offset": -0.0006612300872802735, "offset": 0.0009686925509197131, "deform": -0.0012395508740928457}], "5": [{"angle": -38.01065923532752, "x_offset": 0.0012904008229573567, "y_offset": -0.0010085582733154296, "offset": 0.0016377802277967653, "deform": -0.00017693809288931925}], "6": [{"angle": 14.004581645006333, "x_offset": 0.0009543895721435547, "y_offset": 0.000238037109375, "offset": 0.0009836265149211682, "deform": -0.0005848408036899615}]}, "webp": {"1": [{"angle": 35.094841897325615, "x_offset": 0.005078951517740886, "y_offset": 0.003568863868713379, "offset": 0.00620745824254745, "deform": -0.0002410487286897238}], "2": [{"angle": 25.641642585074653, "x_offset": 0.003905582427978516, "y_offset": 0.0018747329711914062, "offset": 0.004332227811993122, "deform": -0.0002651329452873878}], "3": [{"angle": -129.7201166860361, "x_offset": -0.008950281143188476, "y_offset": -0.010772967338562011, "offset": 0.014005868692081869, "deform": -0.008209579026850693}], "4": [{"angle": -84.17718333754779, "x_offset": 0.0006693681081136068, "y_offset": -0.006563806533813476, "offset": 0.006597848882589845, "deform": -0.004599992590012033}], "5": [{"angle": -102.03836361144981, "x_offset": -0.0009615421295166016, "y_offset": -0.004508852958679199, "offset": 0.004610240586978676, "deform": -0.0038443635293651593}], "6": [{"angle": -93.87719915277678, "x_offset": -9.821256001790365e-05, "y_offset": -0.0014491319656372071, "offset": 0.0014524562508994295, "deform": -0.000916200523335322}, {"angle": 89.23196646527488, "x_offset": 1.6530354817708334e-06, "y_offset": 0.00012331008911132814, "offset": 0.00012332116851111846, "deform": -6.153607064335494e-06}], "7": [{"angle": -92.85643214024935, "x_offset": -7.36077626546224e-05, "y_offset": -0.0014752388000488282, "offset": 0.0014770740062341242, "deform": -0.0010450748207661668}, {"angle": -157.1656324071568, "x_offset": -0.000428009033203125, "y_offset": -0.0001802206039428711, "offset": 0.00046440413282937843, "deform": 1.2058330576114346e-05}], "8": [{"angle": -94.55613610951706, "x_offset": -7.087389628092448e-05, "y_offset": -0.0008893966674804688, "offset": 0.0008922160844209225, "deform": -0.0004741180844712242}, {"angle": 97.88289142544728, "x_offset": -4.9908955891927086e-05, "y_offset": 0.00036046504974365237, "offset": 0.00036390377294679994, "deform": -6.2862746441733845e-06}]}}