{"cheng2020-anchor": {"1": [{"angle": -165.17328371554177, "x_offset": -0.008678386951314992, "y_offset": -0.0022972583770751952, "offset": 0.008977293363135488, "deform": 0.004254975009034934}], "2": [{"angle": -149.54747241561347, "x_offset": -0.005053092693460399, "y_offset": -0.00297086238861084, "offset": 0.0058617206604175, "deform": 0.012900001649255755}], "3": [{"angle": -31.073503155168236, "x_offset": 0.005595897806101832, "y_offset": -0.0033721327781677246, "offset": 0.006533402768077939, "deform": 0.010682177962653694}], "4": [{"angle": -5.342207800834804, "x_offset": 0.017716637973127693, "y_offset": -0.0016566872596740722, "offset": 0.017793928002193236, "deform": 0.014904830951748216}], "5": [{"angle": -25.967536463028473, "x_offset": 0.0029860858259529903, "y_offset": -0.001454317569732666, "offset": 0.003321407556080777, "deform": 0.004616335527106441}], "6": [{"angle": -19.1575026554787, "x_offset": 0.0016367517668625404, "y_offset": -0.0005686163902282714, "offset": 0.0017327091347262753, "deform": -0.0008827197927310793}, {"angle": -103.4658977635434, "x_offset": -0.0016763950216359105, "y_offset": -0.007001042366027832, "offset": 0.007198950929092533, "deform": -0.01561128053241223}]}, "webp": {"1": [{"angle": -20.23149916644036, "x_offset": 0.012879749824260843, "y_offset": -0.004746866226196289, "offset": 0.013726641778124401, "deform": 0.05458354299998425}], "2": [{"angle": -141.5505245903854, "x_offset": -0.004297585322939116, "y_offset": -0.0034122705459594727, "offset": 0.0054875158210946655, "deform": 0.03265505029249688}], "3": [{"angle": -167.00971332706436, "x_offset": -0.0074194710830162314, "y_offset": -0.001711595058441162, "offset": 0.007614335742255804, "deform": 0.008583995334714156}], "4": [{"angle": -24.102604501463333, "x_offset": 0.008656616868643925, "y_offset": -0.0038727641105651854, "offset": 0.009483423298923882, "deform": 0.012374287681487961}], "5": [{"angle": -176.22908366333303, "x_offset": -0.005376075876170191, "y_offset": -0.0003543376922607422, "offset": 0.005387740437929036, "deform": 0.0007638188959618319}], "6": [{"angle": -168.30869271925488, "x_offset": -0.0032360142674939386, "y_offset": -0.0006696343421936035, "offset": 0.0033045723613910156, "deform": 0.0003526684359901333}, {"angle": 96.08939764744979, "x_offset": -0.0012608396595922009, "y_offset": 0.011818671226501464, "offset": 0.011885735408771903, "deform": 0.018947974258726963}], "7": [{"angle": 178.09966786413005, "x_offset": -0.0024334644449168236, "y_offset": 8.074045181274414e-05, "offset": 0.0024348035290826385, "deform": -0.0009534144751906504}, {"angle": 87.67257497882362, "x_offset": 0.00019022514080179148, "y_offset": 0.004680323600769043, "offset": 0.004684187721698263, "deform": 0.005315616734322182}], "8": [{"angle": -2.8667804743922454, "x_offset": 0.005471673505059604, "y_offset": -0.0002740025520324707, "offset": 0.005478529761212543, "deform": 0.011823361225176632}, {"angle": 116.00961742851801, "x_offset": -0.0010353614544046335, "y_offset": 0.002121901512145996, "offset": 0.0023610250673201973, "deform": 0.0037831583540238745}]}}