{"cheng2020-anchor": {"1": [{"angle": -129.5495766353129, "x_offset": -0.010345904032389323, "y_offset": -0.01252848243713379, "offset": 0.016248095347608578, "deform": 0.07374984119207428}], "2": [{"angle": 161.87492685477454, "x_offset": -0.01285657501220703, "y_offset": 0.004208404541015625, "offset": 0.013527830196500367, "deform": 0.034528451502410684}], "3": [], "4": [{"angle": -0.7026870391418331, "x_offset": 0.07791355260213216, "y_offset": -0.0009555954933166504, "offset": 0.07791941248387375, "deform": -0.020916632793777853}], "5": [{"angle": -1.4379634990488201, "x_offset": 0.08012107213338217, "y_offset": -0.0020112366676330565, "offset": 0.08014631166021216, "deform": -0.023375912053548158}], "6": [{"angle": 72.60329064421227, "x_offset": 0.0011292317708333334, "y_offset": 0.0036041083335876466, "offset": 0.0037768718898706782, "deform": -0.0004558498888821219}, {"angle": 62.12108425656452, "x_offset": 0.005430791219075521, "y_offset": 0.01026611328125, "offset": 0.011614067985363501, "deform": 0.038224607966374724}]}, "webp": {"1": [], "2": [], "3": [], "4": [{"angle": -120.97412584933203, "x_offset": -0.0020306243896484376, "y_offset": -0.003382986068725586, "offset": 0.003945634315674285, "deform": 0.008408131828463783}], "5": [{"angle": 165.9674812116745, "x_offset": -0.0028811442057291668, "y_offset": 0.0007200870513916016, "offset": 0.0029697672123903253, "deform": -0.01011172764586421}], "6": [{"angle": -56.34809000595162, "x_offset": 0.0014516957600911459, "y_offset": -0.0021806888580322265, "offset": 0.002619699310114141, "deform": 0.013221499694611505}], "7": [{"angle": -45.1289094094431, "x_offset": 0.007824882507324219, "y_offset": -0.007860172271728515, "offset": 0.011091036669071037, "deform": 0.09479003591935409}], "8": [{"angle": 24.344854935790394, "x_offset": 0.007616480509440104, "y_offset": 0.0034461536407470704, "offset": 0.008359829559645057, "deform": -0.022445480786099092}, {"angle": 130.9961350150236, "x_offset": -0.006183977762858073, "y_offset": 0.007114821910858154, "offset": 0.009426678725550712, "deform": 0.04177914303604746}]}}