{"cheng2020-anchor": {"1": [{"angle": -26.845210993199707, "x_offset": 0.057684674302572035, "y_offset": -0.029195780836100662, "offset": 0.0646522642142055, "deform": -0.12345830401259883}], "2": [{"angle": -29.210206742570897, "x_offset": 0.05887312067989492, "y_offset": -0.03291683993702731, "offset": 0.0674504461810991, "deform": -0.10473152021965604}], "3": [{"angle": -25.93998233229297, "x_offset": 0.06062732939898226, "y_offset": -0.02949134957878244, "offset": 0.06741967643077687, "deform": -0.10926727995015406}], "4": [{"angle": 116.43004368887847, "x_offset": -0.006965751964521606, "y_offset": 0.014013960554793075, "offset": 0.015649689800840555, "deform": 0.04094391774773265}], "5": [], "6": []}, "webp": {"1": [], "2": [], "3": [{"angle": 145.33291025287696, "x_offset": -0.13687195916393485, "y_offset": 0.09465837127160674, "offset": 0.16641556554952183, "deform": 0.36918171429004865}], "4": [], "5": [], "6": [], "7": [], "8": []}}