{"cheng2020-anchor": {"1": [], "2": [], "3": [], "4": [], "5": [], "6": [{"angle": 47.64678493598212, "x_offset": 0.008601132823935159, "y_offset": 0.009434902667999267, "offset": 0.012767022918816841, "deform": -0.024019260743785353}]}, "webp": {"1": [], "2": [], "3": [], "4": [], "5": [], "6": [], "7": [{"angle": 13.181239146005579, "x_offset": 0.014261750482563671, "y_offset": 0.0033401370048522947, "offset": 0.014647663364444473, "deform": 0.010717406018453501}], "8": [{"angle": 8.156621035948584, "x_offset": 0.012261062371926229, "y_offset": 0.001757371425628662, "offset": 0.012386363663960516, "deform": -0.00430966293341406}]}}