{"cheng2020-anchor": {"1": [{"angle": -12.248704697305072, "x_offset": 0.012632480034461388, "y_offset": -0.002742481231689453, "offset": 0.012926745728420378, "deform": 0.001935781170145423}], "2": [{"angle": -9.630177609765257, "x_offset": 0.008226908170259915, "y_offset": -0.001395934820175171, "offset": 0.008344498311106955, "deform": -0.003872860919115706}], "3": [{"angle": -14.904184283198008, "x_offset": 0.00771790284376878, "y_offset": -0.0020541787147521974, "offset": 0.007986593422604861, "deform": 0.0023711928146168404}], "4": [{"angle": -175.29729967391265, "x_offset": -0.011068270756648136, "y_offset": -0.0009105026721954346, "offset": 0.01110565768689758, "deform": -0.011848083160783507}], "5": [{"angle": 5.279443641063032, "x_offset": 0.006875294905442458, "y_offset": 0.0006353139877319336, "offset": 0.006904585715291748, "deform": -0.00497402747425113}], "6": [{"angle": 157.27046705546695, "x_offset": -0.002884498009314904, "y_offset": 0.0012083590030670167, "offset": 0.00312737273858342, "deform": -0.007040039005425158}]}, "webp": {"1": [{"angle": -29.71696170179984, "x_offset": 0.012726141856266903, "y_offset": -0.007263857126235962, "offset": 0.014653269495105772, "deform": 0.019930425494152748}], "2": [{"angle": -76.97364443450357, "x_offset": 0.0015357090876652645, "y_offset": -0.006637954711914062, "offset": 0.006813284461943431, "deform": 0.011136099130806876}], "3": [{"angle": -30.224103302670283, "x_offset": 0.006916046142578125, "y_offset": -0.004029130935668946, "offset": 0.008004098346661808, "deform": -0.00198304097283869}], "4": [{"angle": -30.80546270850853, "x_offset": 0.004628328176645132, "y_offset": -0.0027596354484558105, "offset": 0.005388599959089666, "deform": -0.006475564104124976}], "5": [{"angle": -3.5267205867020177, "x_offset": 0.006145403935359075, "y_offset": -0.00037874579429626466, "offset": 0.006157064065398695, "deform": -0.009090679413828684}], "6": [{"angle": 11.676230252866302, "x_offset": 0.0018067359924316406, "y_offset": 0.00037337541580200194, "offset": 0.0018449130460466865, "deform": -0.0022067415435153004}], "7": [{"angle": -172.91955615666703, "x_offset": -0.0030370492201585034, "y_offset": -0.0003772318363189697, "offset": 0.0030603875284019107, "deform": -0.0017041508980513709}], "8": [{"angle": -172.50361009380526, "x_offset": -0.0022342388446514425, "y_offset": -0.00029399991035461426, "offset": 0.002253499314896265, "deform": -0.0002354297930441951}]}}