{"cheng2020-anchor": {"1": [{"angle": 9.035570267572425, "x_offset": 0.012615408374990894, "y_offset": 0.0020061135292053223, "offset": 0.01277391952220817, "deform": 0.03152244320242964}], "2": [{"angle": 32.54765716810014, "x_offset": 0.02110993000732991, "y_offset": 0.013473206758499145, "offset": 0.0250430917674243, "deform": 0.053752724637848304}], "3": [{"angle": 87.32777199666215, "x_offset": 7.736099349868881e-05, "y_offset": 0.0016575098037719727, "offset": 0.001659314157390127, "deform": 0.016673589314582793}], "4": [{"angle": -42.42794879521017, "x_offset": 0.0015960906769012238, "y_offset": -0.0014588594436645507, "offset": 0.002162354347756225, "deform": 0.0018573640590939244}], "5": [{"angle": 42.491626301971834, "x_offset": 0.0020624796549479165, "y_offset": 0.0018893599510192872, "offset": 0.0027970526186665992, "deform": 0.0051334867963831465}], "6": [{"angle": 12.765130644404957, "x_offset": 0.004305077043724505, "y_offset": 0.0009753346443176269, "offset": 0.004414177842000696, "deform": 0.007994823695170239}]}, "webp": {"1": [{"angle": 125.8888242675241, "x_offset": -0.006721105331029647, "y_offset": 0.009288656711578368, "offset": 0.0114652693111128, "deform": 0.04658115090773263}], "2": [{"angle": 143.0581802612646, "x_offset": -0.009469572480741914, "y_offset": 0.007120770215988159, "offset": 0.011848129448859369, "deform": 0.045218348902931305}], "3": [{"angle": 70.72679617724552, "x_offset": 0.003037726128851617, "y_offset": 0.008687406778335571, "offset": 0.009203195997379315, "deform": 0.059679301115020345}], "4": [{"angle": 157.94268073026421, "x_offset": -0.004943580894203453, "y_offset": 0.00200309157371521, "offset": 0.0053339823687581014, "deform": 0.032591727598386355}], "5": [{"angle": 118.02603981809375, "x_offset": -0.002680762942298587, "y_offset": 0.005036258697509765, "offset": 0.0057052950511822026, "deform": 0.021521434598244737}], "6": [{"angle": 169.64636431453576, "x_offset": -0.015030191772745484, "y_offset": 0.002745985984802246, "offset": 0.015278975873867869, "deform": 0.01817401853555367}], "7": [{"angle": 164.08668848639763, "x_offset": -0.004309131826832022, "y_offset": 0.0012285709381103516, "offset": 0.004480848541402178, "deform": 0.0066376799765677785}], "8": [{"angle": 168.69597550214982, "x_offset": -0.00390685466063884, "y_offset": 0.0007809519767761231, "offset": 0.00398414348754986, "deform": -0.00010807676487950557}]}}