{"cheng2020-anchor": {"1": [{"angle": 120.71412576649884, "x_offset": -0.002500450611114502, "y_offset": 0.004208874702453613, "offset": 0.0048955979736470265, "deform": -0.002138636654210546}], "2": [{"angle": 102.0319571245071, "x_offset": -0.0012797713279724121, "y_offset": 0.0060043811798095705, "offset": 0.006139251420519577, "deform": -0.0031734442529079976}], "3": [{"angle": 170.1275412324487, "x_offset": -0.00019932985305786132, "y_offset": 3.4689903259277344e-05, "offset": 0.00020232592445904358, "deform": -0.004351989857987126}], "4": [{"angle": -123.70502535771226, "x_offset": -0.0024105429649353026, "y_offset": -0.003613770008087158, "offset": 0.004343967202586748, "deform": -0.008173541094292303}], "5": [{"angle": 176.92368046954633, "x_offset": -0.00400691032409668, "y_offset": 0.0002153456211090088, "offset": 0.004012692871611704, "deform": 0.0029552369456729566}], "6": [{"angle": -66.99617946184955, "x_offset": 0.0012176990509033202, "y_offset": -0.0028681874275207518, "offset": 0.00311597337889125, "deform": -0.006978725838849842}]}, "webp": {"1": [{"angle": 113.26181992838109, "x_offset": -0.009624922275543213, "y_offset": 0.02238987684249878, "offset": 0.024371001494245387, "deform": -0.013307694658336144}], "2": [{"angle": 113.15173610757847, "x_offset": -0.00683896541595459, "y_offset": 0.015993696451187134, "offset": 0.017394532880573105, "deform": 0.004973799330244888}], "3": [{"angle": 101.00299857148354, "x_offset": -0.0022745370864868165, "y_offset": 0.0116982102394104, "offset": 0.011917283321430697, "deform": 0.01003418497809666}], "4": [{"angle": 96.69941462612823, "x_offset": -0.0011876344680786133, "y_offset": 0.01011074185371399, "offset": 0.010180254243495699, "deform": 0.013069205697131547}], "5": [{"angle": 91.9660302999213, "x_offset": -0.00034809112548828125, "y_offset": 0.010140395164489746, "offset": 0.010146367898102785, "deform": 0.011912630714298322}], "6": [{"angle": 0.788946815611814, "x_offset": 0.0013547897338867187, "y_offset": 1.8656253814697266e-05, "offset": 0.0013549181816077472, "deform": 0.0025867449601525982}], "7": [{"angle": -30.908449880510442, "x_offset": 0.0009376645088195801, "y_offset": -0.000561368465423584, "offset": 0.0010928628848450724, "deform": 0.004448628176148217}], "8": [{"angle": -56.02947929246173, "x_offset": 0.00041064023971557615, "y_offset": -0.0006094753742218017, "offset": 0.0007349051899779121, "deform": 0.0017185350757611961}]}}