{"cheng2020-anchor": {"1": [{"angle": 149.36192390327696, "x_offset": -0.0032715201377868652, "y_offset": 0.0019377072652180989, "offset": 0.003802308963988065, "deform": -0.01947832838228969}], "2": [{"angle": -148.24064798336005, "x_offset": -0.002754056453704834, "y_offset": -0.0017048835754394532, "offset": 0.00323905155192017, "deform": -0.002187860517403162}], "3": [{"angle": 109.18749032633103, "x_offset": -0.0031226634979248046, "y_offset": 0.008973375956217448, "offset": 0.009501184314225957, "deform": -0.00880450261185628}], "4": [{"angle": -82.15326449168577, "x_offset": 0.00041919946670532227, "y_offset": -0.0030417760213216146, "offset": 0.003070525941393946, "deform": -0.017781038830779416}], "5": [{"angle": 80.24853961372683, "x_offset": 0.0011278629302978516, "y_offset": 0.00656277338663737, "offset": 0.006658984105244266, "deform": -0.01674709556181686}], "6": [{"angle": 81.97040006009424, "x_offset": 0.00035375356674194336, "y_offset": 0.0025076866149902344, "offset": 0.002532515300049306, "deform": 0.007504623742652039}]}, "webp": {"1": [], "2": [{"angle": 90.84130829316504, "x_offset": -0.0004532456398010254, "y_offset": 0.030865255991617838, "offset": 0.030868583690187332, "deform": -0.0018716721332961983}], "3": [{"angle": 87.65684302675216, "x_offset": 0.001120781898498535, "y_offset": 0.027390511830647786, "offset": 0.02741343266372999, "deform": -0.021684148228669264}], "4": [{"angle": 87.34746552521294, "x_offset": 0.0009629368782043457, "y_offset": 0.020784950256347655, "offset": 0.020807244041204792, "deform": -0.0033362031797561364}], "5": [{"angle": 105.29634786375014, "x_offset": -0.001936483383178711, "y_offset": 0.007080364227294922, "offset": 0.007340403632259257, "deform": -0.0021620660421104443}], "6": [{"angle": 84.63172932197946, "x_offset": 0.0003092765808105469, "y_offset": 0.0032912572224934895, "offset": 0.00330575651070272, "deform": 0.011285956109549966}], "7": [{"angle": -116.83027543931696, "x_offset": -0.001936483383178711, "y_offset": -0.003828557332356771, "offset": 0.004290433444358513, "deform": 0.03731399482519904}], "8": [{"angle": -165.19721613072622, "x_offset": -0.001936483383178711, "y_offset": -0.0005117416381835938, "offset": 0.0020029596594984367, "deform": 0.008602580488040856}]}}