{"cheng2020-anchor": {"1": [], "2": [{"angle": 16.585945403276146, "x_offset": 0.015435349941253663, "y_offset": 0.004597355202200332, "offset": 0.01610545568011529, "deform": -0.017053782418492737}], "3": [{"angle": 137.83266788843343, "x_offset": -0.010792016983032227, "y_offset": 0.009774396960862016, "offset": 0.014560441837752198, "deform": -0.02131736976353279}], "4": [{"angle": 4.199507071240347, "x_offset": 0.005073767900466919, "y_offset": 0.00037255033778683575, "offset": 0.005087427096479474, "deform": -0.002595742812841105}], "5": [{"angle": 4.1076382318871705, "x_offset": 0.004617971181869507, "y_offset": 0.00033163909174969806, "offset": 0.004629864179838736, "deform": -0.0023938753082657985}], "6": [{"angle": 24.774665437893397, "x_offset": 0.006112211942672729, "y_offset": 0.0028209594136850845, "offset": 0.006731786304229334, "deform": -0.0010084024498421482}]}, "webp": {"1": [], "2": [], "3": [{"angle": 117.9014533503706, "x_offset": -0.0015495479106903075, "y_offset": 0.0029264072289213465, "offset": 0.0033113377956662487, "deform": 0.0030712225646711347}], "4": [{"angle": -85.78908986829039, "x_offset": 9.878277778625488e-05, "y_offset": -0.001341667728147645, "offset": 0.0013452993458483624, "deform": -0.0013067617847375076}], "5": [{"angle": 0.2390898129797328, "x_offset": 0.004336708784103393, "y_offset": 1.8096776400211352e-05, "offset": 0.004336746542217519, "deform": 0.0020588077390841925}], "6": [{"angle": -3.0072418875535822, "x_offset": 0.004254359006881714, "y_offset": -0.00022350071708937197, "offset": 0.004260225713500991, "deform": 8.121908784515519e-05}], "7": [{"angle": 60.10220225117083, "x_offset": 0.00041582584381103513, "y_offset": 0.0007232076303970411, "offset": 0.0008342304292254405, "deform": 0.0016406737542682404}], "8": [{"angle": 29.124601540156288, "x_offset": 0.001639115810394287, "y_offset": 0.0009132422110884661, "offset": 0.0018763560365768195, "deform": 0.0006053992344985173}]}}