{"cheng2020-anchor": {"1": [{"angle": -31.094073785059923, "x_offset": 0.0008221146215434537, "y_offset": -0.0004958152770996094, "offset": 0.0009600548109149282, "deform": -0.0002358434777801413}], "2": [{"angle": -116.72355793175007, "x_offset": -0.00024813615441591423, "y_offset": -0.00049285888671875, "offset": 0.0005517983629424466, "deform": -0.0004332790580109311}], "3": [{"angle": 117.65550164531628, "x_offset": -0.0009282028163797968, "y_offset": 0.0017713069915771484, "offset": 0.00199977221871529, "deform": -0.00018917542869649473}], "4": [{"angle": 95.74302075915924, "x_offset": -0.00021431193125705418, "y_offset": 0.002130937576293945, "offset": 0.002141687315632383, "deform": 0.0004005824480732313}], "5": [{"angle": 93.82470867013618, "x_offset": -7.577728202595937e-05, "y_offset": 0.0011334896087646484, "offset": 0.0011360197575960892, "deform": 3.028361940900573e-05}], "6": [{"angle": 81.20390607435176, "x_offset": 0.00043806157854825055, "y_offset": 0.002830982208251953, "offset": 0.0028646741891599626, "deform": 0.0002214629739169735}]}, "webp": {"1": [], "2": [{"angle": -126.38693671109434, "x_offset": -0.0009794558144046275, "y_offset": -0.0013291358947753907, "offset": 0.0016510408593222066, "deform": -0.0003004311100405187}], "3": [{"angle": -77.85360744603042, "x_offset": 0.00057818066185807, "y_offset": -0.0026863574981689452, "offset": 0.002747873629866401, "deform": -0.0007396339492727229}], "4": [{"angle": -41.83813911366223, "x_offset": 0.000876605376163939, "y_offset": -0.0007848262786865235, "offset": 0.0011766007280451843, "deform": -0.00041011806672573703}], "5": [{"angle": 113.67561756445284, "x_offset": -0.0009838646744497743, "y_offset": 0.0022439002990722657, "offset": 0.00245011800732266, "deform": 0.0011585738824188459}], "6": [{"angle": -152.28419277962132, "x_offset": -0.0007451662360680023, "y_offset": -0.0003914833068847656, "offset": 0.0008417433688156892, "deform": 0.000292417778671384}], "7": [{"angle": 138.18615135875476, "x_offset": -0.00015458565533295711, "y_offset": 0.00013828277587890625, "offset": 0.00020740986220403222, "deform": 0.0003758799566405957}], "8": [{"angle": -72.09611195410008, "x_offset": 0.00016381670605248306, "y_offset": -0.0005070686340332032, "offset": 0.0005328738244670911, "deform": -7.783898497188899e-05}]}}