{"cheng2020-anchor": {"1": [{"angle": -145.51627667567448, "x_offset": -0.005909162759780884, "y_offset": -0.00405878390905992, "offset": 0.007168816592857217, "deform": -0.013964697167289375}], "2": [{"angle": 73.92906537179341, "x_offset": 0.0001025557518005371, "y_offset": 0.00035599042784492923, "offset": 0.00037046844257586787, "deform": -0.028961792094636618}], "3": [{"angle": 91.61174154537947, "x_offset": -0.00027270913124084474, "y_offset": 0.0096919761513764, "offset": 0.00969581208507627, "deform": -0.04958081990236196}], "4": [{"angle": 54.60127299416673, "x_offset": 0.0026767849922180176, "y_offset": 0.0037667796296893424, "offset": 0.004621017926085787, "deform": -0.020110317998179417}], "5": [{"angle": 102.26741664672845, "x_offset": -0.0005939722061157227, "y_offset": 0.002731665125433004, "offset": 0.002795495902187104, "deform": -0.04167639314688232}], "6": [{"angle": 125.3651794797789, "x_offset": -0.0013718605041503906, "y_offset": 0.0019328819130951503, "offset": 0.002370239172070644, "deform": -0.027048777714551664}]}, "webp": {"1": [{"angle": -98.99865173874014, "x_offset": -0.004284316301345825, "y_offset": -0.027054228872623085, "offset": 0.027391361157530124, "deform": -0.021518530763133925}], "2": [{"angle": -98.99865173874014, "x_offset": -0.004284316301345825, "y_offset": -0.027054228872623085, "offset": 0.027391361157530124, "deform": -0.021518530763133925}], "3": [{"angle": -98.99865173874014, "x_offset": -0.004284316301345825, "y_offset": -0.027054228872623085, "offset": 0.027391361157530124, "deform": -0.021518530763133925}], "4": [{"angle": -93.53691670232911, "x_offset": -0.000933462381362915, "y_offset": -0.015102278511479215, "offset": 0.01513109937366438, "deform": 0.04086571071661671}], "5": [{"angle": -81.1702220782307, "x_offset": 0.0011653661727905273, "y_offset": -0.007502016031517173, "offset": 0.007591990704276784, "deform": 0.008675196915601535}], "6": [{"angle": -61.05276399905158, "x_offset": 0.0021678149700164796, "y_offset": -0.003919349526459316, "offset": 0.004478919786598597, "deform": 0.007162434618728009}], "7": [{"angle": 14.542756344311652, "x_offset": 0.0025140106678009032, "y_offset": 0.0006521692815816627, "offset": 0.002597224366444972, "deform": 0.0029419114726158546}], "8": [{"angle": -75.9623643597165, "x_offset": 0.0012851953506469727, "y_offset": -0.0051402505838646076, "offset": 0.005298481212030956, "deform": -0.003915304953015675}]}}