{"cheng2020-anchor": {"1": [], "2": [{"angle": -107.23084984803619, "x_offset": -0.0013933897018432618, "y_offset": -0.004492749940006399, "offset": 0.00470386403764292, "deform": 0.010796589367249476}], "3": [{"angle": -117.75655597409494, "x_offset": -0.002844715118408203, "y_offset": -0.005405413005946032, "offset": 0.0061082643909502405, "deform": 0.015199362594334631}], "4": [{"angle": -61.66388237254493, "x_offset": 0.0022157907485961916, "y_offset": -0.004108962752306421, "offset": 0.004668329844966616, "deform": 0.0032389835208357365}], "5": [{"angle": -34.08864537409756, "x_offset": 0.0013160228729248047, "y_offset": -0.0008906341656889932, "offset": 0.0015890706149047581, "deform": -0.0009042215748407134}], "6": [{"angle": -56.349118235510744, "x_offset": 0.0006841897964477539, "y_offset": -0.0010278070339163822, "offset": 0.001234707648203092, "deform": 0.0005546572267003391}]}, "webp": {"1": [], "2": [], "3": [{"angle": 146.9686896262417, "x_offset": -0.03263823986053467, "y_offset": 0.021220887480335432, "offset": 0.03893046065289815, "deform": 0.0432970195381136}], "4": [{"angle": -126.06849871332037, "x_offset": -0.0006526947021484375, "y_offset": -0.0008961023324178754, "offset": 0.0011086071280563706, "deform": 0.05835286520019012}], "5": [{"angle": -83.51246060787247, "x_offset": 0.00034587383270263673, "y_offset": -0.003041576606828605, "offset": 0.003061179015241582, "deform": 0.005588620005755218}], "6": [{"angle": -24.18304843127066, "x_offset": 0.0047847509384155275, "y_offset": -0.0021486510188913183, "offset": 0.005245049355692563, "deform": 0.023353465748987}], "7": [{"angle": -116.24410941951889, "x_offset": -0.0008859634399414062, "y_offset": -0.0017970218593350042, "offset": 0.0020035515415982304, "deform": 0.004952461118942986}], "8": [{"angle": -54.16683652387921, "x_offset": 0.0013290166854858399, "y_offset": -0.0018404807653850256, "offset": 0.0022701662489897118, "deform": 0.0007987706347764023}]}}