{"cheng2020-anchor": {"1": [{"angle": 4.293270635973843, "x_offset": 0.007438803618808962, "y_offset": 0.0005584478378295899, "offset": 0.007459736139219795, "deform": -0.01856753102135522}], "2": [{"angle": -154.75067434756278, "x_offset": -0.0035998146488981425, "y_offset": -0.0016977310180664063, "offset": 0.0039800698632218075, "deform": -0.029889484261270194}], "3": [{"angle": -142.75118103588775, "x_offset": -0.0020379480325950767, "y_offset": -0.0015496253967285157, "offset": 0.002560189651909435, "deform": -0.002940662462973531}], "4": [{"angle": 92.95989784115318, "x_offset": -0.00012721655503758844, "y_offset": 0.0024603843688964845, "offset": 0.0024636711011386614, "deform": 0.0005001652441006255}], "5": [{"angle": 160.67516801941346, "x_offset": -0.004365525155697229, "y_offset": 0.001530909538269043, "offset": 0.004626174866927152, "deform": -0.007357737759477179}], "6": [{"angle": -157.7763570008222, "x_offset": -0.001356376791900059, "y_offset": -0.0005541801452636719, "offset": 0.0014652213604126718, "deform": -0.005111361276904758}]}, "webp": {"1": [], "2": [{"angle": 162.9099554671546, "x_offset": -0.016833539279002063, "y_offset": 0.005175471305847168, "offset": 0.017611176789055088, "deform": 0.015739990068995735}], "3": [{"angle": -158.72295061413098, "x_offset": -0.01356189655807783, "y_offset": -0.005281305313110352, "offset": 0.014553941873674325, "deform": -0.02076852320400202}], "4": [{"angle": -176.15319357906077, "x_offset": -0.01404031717552329, "y_offset": -0.0009440779685974121, "offset": 0.014072021517894481, "deform": -0.005814017255943382}], "5": [{"angle": 115.39777567039526, "x_offset": -0.0011125960440005896, "y_offset": 0.0023433566093444824, "offset": 0.0025940682634973643, "deform": -0.0019834958813864656}], "6": [{"angle": -167.33143821599606, "x_offset": -0.000659942626953125, "y_offset": -0.0001483440399169922, "offset": 0.000676409805553324, "deform": 0.009167387693192974}], "7": [{"angle": 82.44163433224948, "x_offset": 0.00032622859163104366, "y_offset": 0.0024585962295532227, "offset": 0.0024801452606593223, "deform": 0.009391676815546424}], "8": [{"angle": 124.91589154539027, "x_offset": -0.0010199636783239977, "y_offset": 0.0014612197875976563, "offset": 0.0017819902280223536, "deform": 0.010198620530896929}]}}