{"cheng2020-anchor": {"1": [{"angle": 161.0410799902665, "x_offset": -0.055449424802189895, "y_offset": 0.019048309326171874, "offset": 0.05862999913934196, "deform": -0.0070323943220766405}], "2": [{"angle": 126.07162058294406, "x_offset": -0.005299970621952925, "y_offset": 0.007275640964508057, "offset": 0.0090013687869119, "deform": 0.018712644322224303}], "3": [{"angle": 143.63309454085982, "x_offset": -0.008727988318714035, "y_offset": 0.00642704963684082, "offset": 0.010839038108892522, "deform": 0.0063638845454607185}], "4": [{"angle": 10.02486172594159, "x_offset": 0.007836110146759112, "y_offset": 0.0013852238655090332, "offset": 0.007957604375043842, "deform": 0.0011283647306674083}], "5": [{"angle": 9.110063387030733, "x_offset": 0.006288747958210118, "y_offset": 0.0010084271430969237, "offset": 0.006369087547272887, "deform": 0.0007129304481174881}], "6": [{"angle": 130.49573795548335, "x_offset": -0.001002923911794677, "y_offset": 0.0011744499206542969, "offset": 0.0015444057073756305, "deform": -0.005162090214918924}]}, "webp": {"1": [{"angle": -0.6732687586348156, "x_offset": 0.14574592375694334, "y_offset": -0.0017127037048339845, "offset": 0.14575598665490655, "deform": 0.09125086764869475}], "2": [{"angle": -174.73225959809722, "x_offset": -0.00907962340528093, "y_offset": -0.0008371353149414062, "offset": 0.009118133400935048, "deform": 0.0073154668529543665}], "3": [{"angle": 0.1314483530808977, "x_offset": 0.006193741508152174, "y_offset": 1.4209747314453125e-05, "offset": 0.006193757808207058, "deform": 0.007245539575914894}], "4": [{"angle": 140.48342209940003, "x_offset": -0.00370232467456242, "y_offset": 0.003053760528564453, "offset": 0.004799235497627927, "deform": 0.010804044701436755}], "5": [{"angle": 21.36396500350902, "x_offset": 0.0011671022381014226, "y_offset": 0.00045653581619262693, "offset": 0.0012532168948941034, "deform": 0.0012071984728969087}], "6": [{"angle": -115.7670096884438, "x_offset": -7.137679078085038e-05, "y_offset": -0.00014786720275878907, "offset": 0.0001641930446574462, "deform": 0.0023779253843668746}], "7": [{"angle": -3.9605503090382803, "x_offset": 0.0009779869138127398, "y_offset": -6.771087646484375e-05, "offset": 0.0009803280911922316, "deform": -2.589416814113843e-05}], "8": [{"angle": 7.333896416620648, "x_offset": 0.0023959615956182065, "y_offset": 0.00030837059020996096, "offset": 0.0024157244024482142, "deform": 0.00012522193145370064}]}}