{"cheng2020-anchor": {"1": [{"angle": -176.6585899654115, "x_offset": -0.057939672470092775, "y_offset": -0.003382796876168137, "offset": 0.05803834043670649, "deform": -0.1317636696314548}], "2": [{"angle": -49.83075919231331, "x_offset": 0.0009455561637878418, "y_offset": -0.0011201338334517045, "offset": 0.0014658704798584323, "deform": 0.010601286126469267}], "3": [{"angle": 89.37223240892449, "x_offset": 0.0015792131423950195, "y_offset": 0.14412758567116477, "offset": 0.14413623717007482, "deform": 0.13652068842823484}], "4": [{"angle": -134.13696958552697, "x_offset": -0.0034220576286315917, "y_offset": -0.00352673325242038, "offset": 0.004914094611157106, "deform": -0.008989155693190976}], "5": [{"angle": 165.6439136311045, "x_offset": -0.006219673156738281, "y_offset": 0.0015918603924472937, "offset": 0.0064201521544036, "deform": -0.01098166649748128}], "6": [{"angle": 80.405520425237, "x_offset": 0.00042318105697631837, "y_offset": 0.002503463526091507, "offset": 0.0025389785019676943, "deform": -0.01055442225295955}]}, "webp": {"1": [{"angle": 89.71870953317497, "x_offset": 0.0009755730628967285, "y_offset": 0.19871192457573267, "offset": 0.19871431934159328, "deform": 0.19939300430706458}], "2": [{"angle": 90.92740088280621, "x_offset": -0.0023275375366210937, "y_offset": 0.14378510251569976, "offset": 0.1438039399197208, "deform": 0.154669485794231}], "3": [{"angle": 89.65677302546244, "x_offset": 0.0008314967155456543, "y_offset": 0.13880226828835227, "offset": 0.13880475881171972, "deform": 0.14546421708818458}], "4": [{"angle": 84.52690178827925, "x_offset": 0.000421440601348877, "y_offset": 0.0043984737122458135, "offset": 0.004418617790416226, "deform": -0.0027180903418333457}], "5": [{"angle": -99.76390884833934, "x_offset": -0.0007298588752746582, "y_offset": -0.004241359290894139, "offset": 0.004303698712999229, "deform": 0.007057896728917545}], "6": [{"angle": 56.63374150096901, "x_offset": 0.0022365689277648927, "y_offset": 0.003396285207648026, "offset": 0.0040665702723956705, "deform": -0.007689768816645959}], "7": [{"angle": 34.5837868387749, "x_offset": 0.0034557580947875977, "y_offset": 0.0023825248462731757, "offset": 0.004197462168120045, "deform": 0.011037548069875336}], "8": [{"angle": -23.41719043866991, "x_offset": 0.001500856876373291, "y_offset": -0.0006500134627784839, "offset": 0.0016355698900231282, "deform": -0.003097813817505568}]}}