{"cheng2020-anchor": {"1": [{"angle": -102.26688048745652, "x_offset": -0.00039932727813720705, "y_offset": -0.0018365801542914346, "offset": 0.0018794916701602112, "deform": -0.0004227261936316541}], "2": [{"angle": -104.15490748602839, "x_offset": -0.001217818260192871, "y_offset": -0.004828747932625348, "offset": 0.004979948585245912, "deform": -0.00098088138743593}], "3": [{"angle": -105.92710573425438, "x_offset": -0.0008441686630249023, "y_offset": -0.0029581649057712394, "offset": 0.003076257521952578, "deform": -0.00029102695858089847}], "4": [{"angle": -111.01756472300652, "x_offset": -0.00013544559478759766, "y_offset": -0.0003525247812935237, "offset": 0.0003776496134956486, "deform": -0.00043832599289173393}], "5": [{"angle": -68.5508940051696, "x_offset": 0.00016398429870605468, "y_offset": -0.0004173852607068245, "offset": 0.00044844320273298874, "deform": -0.0002797823323748734}], "6": [{"angle": -63.9883846662416, "x_offset": 0.0003701448440551758, "y_offset": -0.0007585190796918523, "offset": 0.0008440132699414181, "deform": -5.9453050202513263e-05}]}, "webp": {"1": [{"angle": 133.25845492740783, "x_offset": -0.0012860059738159179, "y_offset": 0.0013666604554752786, "offset": 0.001876585240603294, "deform": -0.0003099972862684944}], "2": [{"angle": -133.7338470781708, "x_offset": -0.0014764785766601563, "y_offset": -0.0015432203712569639, "offset": 0.002135771078931186, "deform": -0.0006975738576828518}], "3": [{"angle": -144.22381436582657, "x_offset": -0.000811624526977539, "y_offset": -0.0005848494080779944, "offset": 0.001000391524814507, "deform": -0.0004441332624911219}], "4": [{"angle": -72.00862437204134, "x_offset": 2.6750564575195313e-05, "y_offset": -8.2371958783078e-05, "offset": 8.660676820464319e-05, "deform": -0.0007893357297838639}], "5": [{"angle": 161.7056247700895, "x_offset": -0.0003949403762817383, "y_offset": 0.00013057103064066853, "offset": 0.0004159647759848512, "deform": -0.0006350729854460758}], "6": [{"angle": -17.722217408683676, "x_offset": 0.0005620718002319336, "y_offset": -0.0001796201743123259, "offset": 0.0005900746695427257, "deform": -5.711994109079688e-05}], "7": [{"angle": -117.39729548675818, "x_offset": -0.0008362293243408203, "y_offset": -0.0016134363030988858, "offset": 0.0018172661299448972, "deform": -0.00018994543178675258}], "8": [{"angle": -55.9777244767842, "x_offset": 0.00030219554901123047, "y_offset": -0.0004476478172876045, "offset": 0.0005401025070896779, "deform": 0.00014545876649696074}]}}