{"cheng2020-anchor": {"1": [{"angle": 10.145200712471958, "x_offset": 0.0067138224840164185, "y_offset": 0.0012013792991638183, "offset": 0.006820463662196562, "deform": 0.00551712600927276}], "2": [{"angle": 48.92173346956161, "x_offset": 0.0012353211641311646, "y_offset": 0.0014171600341796875, "offset": 0.001879989611946446, "deform": 0.00456833120242664}], "3": [{"angle": 142.83473915680577, "x_offset": -0.0014687180519104004, "y_offset": 0.0011134147644042969, "offset": 0.001843047789288427, "deform": 0.002011939243789118}], "4": [{"angle": 107.09320661058473, "x_offset": -7.323920726776123e-05, "y_offset": 0.00023816823959350587, "offset": 0.00024917482182652346, "deform": -0.003408097628766177}], "5": [{"angle": -4.071185278152839, "x_offset": 0.0012688785791397095, "y_offset": -9.031295776367188e-05, "offset": 0.001272088549960116, "deform": -0.004970828444422176}], "6": [{"angle": 72.6706045456048, "x_offset": 0.0002833455801010132, "y_offset": 0.0009080767631530762, "offset": 0.0009512560777946954, "deform": -0.0022687034575433473}]}, "webp": {"1": [{"angle": 77.86643909083335, "x_offset": 0.0004901885986328125, "y_offset": 0.002280008792877197, "offset": 0.0023321074070091485, "deform": 0.0015703596789677365}], "2": [{"angle": 4.3266213225659005, "x_offset": 0.003011837601661682, "y_offset": 0.00022786855697631836, "offset": 0.003020445301282853, "deform": 0.004918564742658976}], "3": [{"angle": -46.31474142355263, "x_offset": 0.0006797909736633301, "y_offset": -0.0007117271423339843, "offset": 0.0009842110002479336, "deform": -0.002589126412681275}], "4": [{"angle": 69.29907319354908, "x_offset": 0.0005964487791061401, "y_offset": 0.001578378677368164, "offset": 0.0016873145513708106, "deform": 0.0009673555950854285}], "5": [{"angle": -28.912545342121632, "x_offset": 0.0006535500288009644, "y_offset": -0.0003609657287597656, "offset": 0.0007466082624005778, "deform": -0.0022804475374584854}], "6": [{"angle": -58.032930275712665, "x_offset": 0.0009704381227493286, "y_offset": -0.001555013656616211, "offset": 0.0018329805297242411, "deform": -0.0006934639760033112}], "7": [{"angle": -54.85465406387039, "x_offset": 0.0006927400827407837, "y_offset": -0.0009840130805969238, "offset": 0.0012033995865968858, "deform": -0.0012347415382855664}], "8": [{"angle": 24.649181377383616, "x_offset": 0.0001652240753173828, "y_offset": 7.581710815429688e-05, "offset": 0.00018178896818389322, "deform": -0.0003812898717569513}]}}