{"cheng2020-anchor": {"1": [], "2": [], "3": [], "4": [{"angle": 135.84971890687842, "x_offset": -0.000658053272175339, "y_offset": 0.0006388187408447266, "offset": 0.0009171278496889694, "deform": 0.0018876245378604828}], "5": [{"angle": -1.596486112374352, "x_offset": 0.0024687749034953566, "y_offset": -6.880760192871094e-05, "offset": 0.002469733590938846, "deform": 0.00038335957919083397}], "6": [{"angle": -21.873312202483525, "x_offset": 0.0034221973059312353, "y_offset": -0.0013738632202148437, "offset": 0.0036876733245478923, "deform": -0.0015245327190708535}]}, "webp": {"1": [], "2": [{"angle": -1.0143814983462813, "x_offset": 0.12078643295000184, "y_offset": -0.002138662338256836, "offset": 0.12080536520114646, "deform": 0.05248126450786794}], "3": [], "4": [{"angle": 1.8695233538294072, "x_offset": 0.13553829912869436, "y_offset": 0.004424095153808594, "offset": 0.13561048318116628, "deform": 0.06703472127762825}], "5": [{"angle": -174.80292688636985, "x_offset": -0.007248446626483269, "y_offset": -0.0006592869758605957, "offset": 0.007278367798724938, "deform": -0.0025284530783501735}], "6": [{"angle": -166.56864671485243, "x_offset": -0.004359407244988208, "y_offset": -0.001041078567504883, "offset": 0.0044819946576690264, "deform": -0.0019541027890398466}], "7": [{"angle": -133.29283708646287, "x_offset": -0.0009536383286961969, "y_offset": -0.0010122299194335938, "offset": 0.0013906960385918325, "deform": -0.0021614907305705644}], "8": [{"angle": 14.379363576638427, "x_offset": 0.0014966928733969635, "y_offset": 0.0003837108612060547, "offset": 0.0015450966255495969, "deform": 0.0007140162196934419}]}}