{"cheng2020-anchor": {"1": [], "2": [], "3": [{"angle": 177.19163357556337, "x_offset": -0.022660552478227458, "y_offset": 0.001111602783203125, "offset": 0.02268780067274317, "deform": -0.03597343772536893}], "4": [{"angle": 174.33209417774404, "x_offset": -0.022768150168782933, "y_offset": 0.002259683609008789, "offset": 0.022880009443203324, "deform": -0.02282080121786309}], "5": [{"angle": 179.60477693059116, "x_offset": -0.027056048569690426, "y_offset": 0.00018663406372070311, "offset": 0.027056692267887962, "deform": 0.009311655170812616}], "6": [{"angle": 162.39290651857905, "x_offset": -0.0057733433028853195, "y_offset": 0.0018321990966796875, "offset": 0.006057098845391631, "deform": 0.005843371791035501}]}, "webp": {"1": [{"angle": 45.59348572285258, "x_offset": 0.18608672166596532, "y_offset": 0.18998228907585143, "offset": 0.2659352141836181, "deform": -0.33401626651721794}], "2": [], "3": [], "4": [{"angle": -176.44550433898013, "x_offset": -0.08294724189704698, "y_offset": -0.005152463912963867, "offset": 0.08310711655870165, "deform": -0.0034639591119411672}], "5": [{"angle": -179.97582579952868, "x_offset": -0.07086113744373902, "y_offset": -2.989768981933594e-05, "offset": 0.07086114375094668, "deform": 0.020317068309806702}], "6": [{"angle": 8.078257796538958, "x_offset": 0.0018003941698990047, "y_offset": 0.0002555370330810547, "offset": 0.0018184384351091446, "deform": 0.01477039206590508}], "7": [{"angle": -26.96575445766628, "x_offset": 0.00534239865019394, "y_offset": -0.002718067169189453, "offset": 0.005994089795274975, "deform": 0.005320114076104332}], "8": [{"angle": -37.9891772369168, "x_offset": 0.0037470154237412177, "y_offset": -0.002926349639892578, "offset": 0.0047543292692717445, "deform": 0.009676443141743624}]}}