{"cheng2020-anchor": {"1": [{"angle": -61.333712936417584, "x_offset": 0.004661983913845486, "y_offset": -0.0085271954536438, "offset": 0.009718392681796592, "deform": 0.004014178752319436}], "2": [{"angle": -72.47545660511427, "x_offset": 0.002936130099826389, "y_offset": -0.009298324584960938, "offset": 0.009750882013971634, "deform": 0.005659233902066907}], "3": [{"angle": -89.64835077213235, "x_offset": 4.772610134548611e-05, "y_offset": -0.007776129245758057, "offset": 0.007776275704184067, "deform": 0.003849751899057674}], "4": [{"angle": -4.001914031603973, "x_offset": 0.002572970920138889, "y_offset": -0.0001800060272216797, "offset": 0.0025792598794453603, "deform": 0.0021117142345528916}], "5": [{"angle": -24.246761359396224, "x_offset": 0.001206546359592014, "y_offset": -0.0005434274673461914, "offset": 0.001323279082473171, "deform": 3.081795977774582e-05}], "6": [{"angle": 19.689921951431565, "x_offset": 0.0024965922037760418, "y_offset": 0.0008934140205383301, "offset": 0.0026516336934142653, "deform": 0.00039358412758797034}]}, "webp": {"1": [{"angle": 75.5260452212344, "x_offset": 0.0022658454047309027, "y_offset": 0.008777832984924317, "offset": 0.009065561610257, "deform": -0.0017135176895681226}], "2": [{"angle": -40.959363241920336, "x_offset": 0.0056340535481770836, "y_offset": -0.004890596866607666, "offset": 0.007460596296235276, "deform": 0.00036604511248392035}], "3": [{"angle": -112.90676934010384, "x_offset": -0.0011339823404947916, "y_offset": -0.0026836276054382326, "offset": 0.0029133782921591535, "deform": -0.002418937853936931}], "4": [{"angle": -97.01884795858935, "x_offset": -0.00046641031901041666, "y_offset": -0.003788304328918457, "offset": 0.003816908208770774, "deform": 0.0012220885138392035}], "5": [{"angle": 24.593365373281127, "x_offset": 0.0020273844401041668, "y_offset": 0.0009279251098632812, "offset": 0.002229648554703469, "deform": 0.0014577327587661226}], "6": [{"angle": 31.398061576595428, "x_offset": 0.002101898193359375, "y_offset": 0.0012829065322875976, "offset": 0.0024624835402157702, "deform": 0.0013117959944469182}], "7": [{"angle": -13.422912894671724, "x_offset": 0.008629947238498263, "y_offset": -0.0020595908164978026, "offset": 0.008872311067059466, "deform": 0.0038154181980441515}], "8": [{"angle": 75.43957252917345, "x_offset": 0.0001452975802951389, "y_offset": 0.000559389591217041, "offset": 0.0005779516429612348, "deform": -0.0011209409466634013}]}}