{"cheng2020-anchor": {"1": [{"angle": 144.53749612279344, "x_offset": -0.0032474419551375877, "y_offset": 0.0023131728172302245, "offset": 0.00398706003646304, "deform": -0.004190660360004372}], "2": [{"angle": 34.69525100001382, "x_offset": 0.0031946258187573184, "y_offset": 0.0022116720676422117, "offset": 0.00388550221421371, "deform": 0.009686582852481473}], "3": [{"angle": 24.739991352410364, "x_offset": 0.0077725484164593095, "y_offset": 0.003581547737121582, "offset": 0.008558036753805445, "deform": 0.010471723436831448}], "4": [{"angle": 10.39002955396071, "x_offset": 0.005223723150248829, "y_offset": 0.0009577929973602295, "offset": 0.005310805115633396, "deform": 0.010332839218564316}], "5": [{"angle": -15.67617279159083, "x_offset": 0.007530623353337236, "y_offset": -0.0021133840084075926, "offset": 0.007821552279235951, "deform": 0.025901126457635648}], "6": [{"angle": -18.115156154167774, "x_offset": 0.00574187875073185, "y_offset": -0.0018784165382385253, "offset": 0.0060413260364951295, "deform": 0.021951401604586862}]}, "webp": {"1": [{"angle": 45.93926546938059, "x_offset": 0.009615538550204918, "y_offset": 0.009936082363128661, "offset": 0.01382694161184437, "deform": 0.05406310090109345}], "2": [{"angle": 45.93926546938059, "x_offset": 0.009615538550204918, "y_offset": 0.009936082363128661, "offset": 0.01382694161184437, "deform": 0.05406310090109345}], "3": [{"angle": -5.42411474307862, "x_offset": 0.0042384413422131145, "y_offset": -0.0004024505615234375, "offset": 0.004257505310137832, "deform": 0.019463499757666813}], "4": [{"angle": 152.5134490519199, "x_offset": -0.004267172176888173, "y_offset": 0.002220076322555542, "offset": 0.004810145243667834, "deform": -0.020380748209281152}], "5": [{"angle": -76.66598768280342, "x_offset": 0.0009010904566744731, "y_offset": -0.0038017988204956054, "offset": 0.003907126601817707, "deform": 0.0021152518545681787}], "6": [{"angle": 24.1926641651244, "x_offset": 0.00423951338828308, "y_offset": 0.00190466046333313, "offset": 0.00464770967789683, "deform": -0.005845403372043867}], "7": [{"angle": 134.27924541207713, "x_offset": -0.0013325532649663349, "y_offset": 0.0013665080070495606, "offset": 0.0019086755453201051, "deform": -0.005490494666972934}], "8": [{"angle": 32.52806059771799, "x_offset": 0.00314788461010685, "y_offset": 0.002007591724395752, "offset": 0.003733577647566723, "deform": -0.00033822712747377803}]}}