{"cheng2020-anchor": {"1": [{"angle": 30.23291565291056, "x_offset": 0.0018167108297348022, "y_offset": 0.0010587486302908598, "offset": 0.0021027094190635295, "deform": 0.002990697510956486}, {"angle": 58.53433791116432, "x_offset": 0.004421806335449219, "y_offset": 0.00722544853676093, "offset": 0.008471096612930318, "deform": -0.0007335091618182465}], "2": [{"angle": 35.3807254160147, "x_offset": 0.0007848501205444336, "y_offset": 0.0005573666711368472, "offset": 0.000962625221886889, "deform": 0.0009860116738309305}, {"angle": -62.93543573299154, "x_offset": 0.0038510799407958985, "y_offset": -0.007537161240555311, "offset": 0.008464018919906183, "deform": -0.028303158948382423}], "3": [{"angle": 48.87462096041735, "x_offset": 0.0014552325010299683, "y_offset": 0.0016666734722298635, "offset": 0.002212578155701779, "deform": 0.0014829490814945862}], "4": [{"angle": 88.24600164417897, "x_offset": 7.21961259841919e-05, "y_offset": 0.0023576082757940874, "offset": 0.002358713433781199, "deform": 0.0008847812728572102}], "5": [{"angle": 92.64630062732182, "x_offset": -4.059970378875732e-05, "y_offset": 0.0008784101602617004, "offset": 0.000879347909304799, "deform": 0.00043721085255443715}], "6": [{"angle": -72.24775099313332, "x_offset": 0.00016458332538604736, "y_offset": -0.000514088662017679, "offset": 0.0005397914628912326, "deform": 0.00031749554316150286}]}, "webp": {"1": [], "2": [{"angle": 88.41347107494408, "x_offset": 0.002041807770729065, "y_offset": 0.07371883660974637, "offset": 0.07374710740135569, "deform": 0.023611160636620887}], "3": [{"angle": 80.23280619889955, "x_offset": 0.00048146843910217284, "y_offset": 0.0027969521535954004, "offset": 0.002838089710941751, "deform": 0.00027106575821755907}], "4": [{"angle": 84.911067335893, "x_offset": 0.000322878360748291, "y_offset": 0.003625690657208223, "offset": 0.003640038897815036, "deform": 0.0009387115520930744}], "5": [{"angle": 61.43968811888223, "x_offset": 0.000655415654182434, "y_offset": 0.001204101132674956, "offset": 0.0013709227613022186, "deform": 9.675010586676636e-05}], "6": [{"angle": 78.68543388733481, "x_offset": 0.0005986899137496948, "y_offset": 0.0029921912251503814, "offset": 0.003051497655364093, "deform": 0.0008763156202704209}], "7": [{"angle": 84.88140536410945, "x_offset": 0.0002594590187072754, "y_offset": 0.0028965641075456646, "offset": 0.0029081613798945813, "deform": 0.0009019648272557551}], "8": [{"angle": 83.11301237968624, "x_offset": 0.000267946720123291, "y_offset": 0.00221841659904086, "offset": 0.0022345396957147226, "deform": 0.0008316372406527023}]}}