{"cheng2020-anchor": {"1": [{"angle": -1.3306716784042394, "x_offset": 0.07136665134254945, "y_offset": -0.0016577601432800292, "offset": 0.0713859026176854, "deform": 0.0542407321267151}], "2": [{"angle": 5.257694159164312, "x_offset": 0.013225625414367117, "y_offset": 0.001217055320739746, "offset": 0.013281505609489245, "deform": 0.05873596091830535}], "3": [{"angle": 6.988751372004265, "x_offset": 0.009610044846840955, "y_offset": 0.0011780500411987306, "offset": 0.009681981401441686, "deform": 0.011437631023440531}], "4": [{"angle": 25.724441801650368, "x_offset": 0.0074046423675817085, "y_offset": 0.0035675048828125, "offset": 0.00821923473814181, "deform": -0.03189303678977873}], "5": [{"angle": 3.437419378632078, "x_offset": 0.009147539051300889, "y_offset": 0.0005494594573974609, "offset": 0.009164026210700092, "deform": -0.05692646588461703}], "6": [{"angle": 10.00284575408878, "x_offset": 0.00783026109047986, "y_offset": 0.001381087303161621, "offset": 0.007951125133214611, "deform": 0.010151730376784185}]}, "webp": {"1": [{"angle": -2.53142095430934, "x_offset": 0.08267241661701727, "y_offset": -0.0036549806594848634, "offset": 0.08275317125596385, "deform": 0.244617924053388}], "2": [{"angle": 9.170262042277745, "x_offset": 0.05670820463688002, "y_offset": 0.00915452241897583, "offset": 0.05744236897846216, "deform": 0.16792780833743687}], "3": [{"angle": 96.81519886104124, "x_offset": -0.0007200678554149943, "y_offset": 0.006025075912475586, "offset": 0.006067951669838469, "deform": 0.01143095597048771}], "4": [{"angle": 179.90791560558134, "x_offset": -0.20829284737963194, "y_offset": 0.0003347635269165039, "offset": 0.20829311639162154, "deform": 0.020173889686639357}], "5": [{"angle": 179.10883919250807, "x_offset": -0.2088595574055243, "y_offset": 0.0032487988471984865, "offset": 0.2088848233203673, "deform": 0.03349955385327763}], "6": [{"angle": 12.890703135996624, "x_offset": 0.0014830073085399943, "y_offset": 0.0003394007682800293, "offset": 0.0015213492559869716, "deform": -0.04379144093338616}], "7": [{"angle": 177.50110844668563, "x_offset": -0.06968522728036303, "y_offset": 0.0030411720275878907, "offset": 0.06975155645874316, "deform": 0.10540561562356249}], "8": [{"angle": 177.09309478731197, "x_offset": -0.06656436745179903, "y_offset": 0.0033800482749938967, "offset": 0.0666501293367043, "deform": 0.08421982041958326}]}}