{"cheng2020-anchor": {"1": [{"angle": 175.85461490805775, "x_offset": -0.009897237141927083, "y_offset": 0.0007173233032226563, "offset": 0.009923197859807454, "deform": 0.01910822416235658}], "2": [{"angle": 9.012074525271293, "x_offset": 0.00298541259765625, "y_offset": 0.00047348785400390625, "offset": 0.0030227271008369016, "deform": 0.004686750277753005}], "3": [{"angle": -159.5477178266922, "x_offset": -0.0016973470052083334, "y_offset": -0.0006330013275146484, "offset": 0.001811540100777514, "deform": 0.0077735968810026534}], "4": [{"angle": 108.79840547152429, "x_offset": -0.001135101318359375, "y_offset": 0.0033346424102783205, "offset": 0.0035225409873226453, "deform": 0.006657182985825627}], "5": [{"angle": 114.9891969077877, "x_offset": -0.001825164794921875, "y_offset": 0.0039160060882568355, "offset": 0.004320454861688386, "deform": 0.013559913613151342}], "6": [{"angle": 97.12309503286728, "x_offset": -0.0004554951985677083, "y_offset": 0.0036449546813964845, "offset": 0.003673305120099933, "deform": 0.013525393877884706}]}, "webp": {"1": [{"angle": -143.14373914019308, "x_offset": -0.02142706298828125, "y_offset": -0.01606233024597168, "offset": 0.026779049296687677, "deform": -0.021471813709754484}], "2": [{"angle": -81.04539107687101, "x_offset": 0.0012195638020833332, "y_offset": -0.0077397022247314455, "offset": 0.007835197916764122, "deform": 0.00038607831932430114}], "3": [{"angle": 14.867600038784678, "x_offset": 0.008042877197265624, "y_offset": 0.0021351747512817383, "offset": 0.008321468910523332, "deform": -0.004105928251282642}], "4": [{"angle": -151.5251138919462, "x_offset": -0.008751627604166666, "y_offset": -0.004746780395507812, "offset": 0.009956048907332128, "deform": 0.0014570546595181755}], "5": [{"angle": -36.541562576704194, "x_offset": 0.002666219075520833, "y_offset": -0.0019758930206298826, "offset": 0.003318565561751801, "deform": 0.00362684042689998}], "6": [{"angle": -87.53603010757327, "x_offset": 0.000210601806640625, "y_offset": -0.004894197463989258, "offset": 0.0048987265628405085, "deform": -0.00577748922259147}], "7": [{"angle": -97.72942970549234, "x_offset": -0.000185699462890625, "y_offset": -0.0013681697845458985, "offset": 0.00138071461564736, "deform": -0.002975198883062913}], "8": [{"angle": -176.0646658825843, "x_offset": -0.0011525980631510416, "y_offset": -7.929039001464843e-05, "offset": 0.0011553221460390204, "deform": 0.0017488415866504514}]}}