{"cheng2020-anchor": {"1": [{"angle": 157.63107991657452, "x_offset": -0.0075083211263020835, "y_offset": 0.003089942932128906, "offset": 0.008119275427000095, "deform": 0.008095393050854993}], "2": [{"angle": 141.40850502560346, "x_offset": -0.006074106852213542, "y_offset": 0.004847419738769531, "offset": 0.007771245213987265, "deform": 0.011355914713467141}], "3": [{"angle": 154.70667286987023, "x_offset": -0.005419270833333333, "y_offset": 0.002560905456542969, "offset": 0.0059938913171969435, "deform": 0.002230744306391086}], "4": [{"angle": 145.42575008196235, "x_offset": -0.005756174723307292, "y_offset": 0.00396710205078125, "offset": 0.00699081154992427, "deform": 0.007507790703529749}], "5": [{"angle": 133.87878332860444, "x_offset": -0.003668487548828125, "y_offset": 0.0038149490356445314, "offset": 0.0052926021048697895, "deform": 0.0036960306118540287}], "6": [{"angle": 125.28663476241192, "x_offset": -0.003239247639973958, "y_offset": 0.004577217102050782, "offset": 0.005607463033527997, "deform": 0.0032308577054849796}]}, "webp": {"1": [{"angle": 117.21997587629876, "x_offset": -0.00026556396484375, "y_offset": 0.0005162887573242188, "offset": 0.0005805844472278935, "deform": 0.007518696667935032}], "2": [{"angle": 164.88260440090826, "x_offset": -0.004701141357421875, "y_offset": 0.0012699966430664063, "offset": 0.004869663390406192, "deform": 0.007566573456797732}], "3": [{"angle": 114.55900299808394, "x_offset": -0.002325002034505208, "y_offset": 0.005087860107421875, "offset": 0.005593921248386349, "deform": 0.010853420556510729}], "4": [{"angle": 145.1308776688313, "x_offset": -0.00303863525390625, "y_offset": 0.002117347717285156, "offset": 0.003703574700498771, "deform": 0.0034215262802522184}], "5": [{"angle": 157.59644489454354, "x_offset": -0.005054087320963542, "y_offset": 0.0020835113525390623, "offset": 0.005466700851892628, "deform": 0.0035558439899642247}], "6": [{"angle": 164.0197587975575, "x_offset": -0.00351031494140625, "y_offset": 0.0010052566528320312, "offset": 0.003651417796681588, "deform": 0.0013352899809261909}], "7": [{"angle": 166.10944742248807, "x_offset": -0.0014034322102864584, "y_offset": 0.00034706878662109375, "offset": 0.0014457104521708947, "deform": 0.0007792905179429543}], "8": [{"angle": -99.34551707231903, "x_offset": -0.000344085693359375, "y_offset": -0.002090789794921875, "offset": 0.0021189140923888483, "deform": -0.0011613745235835582}]}}