{"cheng2020-anchor": {"1": [{"angle": 143.62499623115485, "x_offset": -0.004508614540100098, "y_offset": 0.0033210021829716773, "offset": 0.005599701828714156, "deform": 0.017772792355487455}], "2": [{"angle": 145.22336211631227, "x_offset": -0.0030684351921081545, "y_offset": 0.002130763033793179, "offset": 0.003735698814726278, "deform": 0.014695581414102876}], "3": [{"angle": 171.95336955324473, "x_offset": -0.003214526176452637, "y_offset": 0.0004544403290581089, "offset": 0.0032464895736431455, "deform": 0.017069266048532428}], "4": [{"angle": 168.3270803622662, "x_offset": -0.0042814970016479496, "y_offset": 0.0008845452123280152, "offset": 0.0043719145471718445, "deform": 0.006164040490711065}], "5": [{"angle": 168.9047086135656, "x_offset": -0.0018608450889587402, "y_offset": 0.00036492448221604214, "offset": 0.0018962896199743613, "deform": 0.0073275987307811485}], "6": [{"angle": 69.16085488019941, "x_offset": 0.0007130622863769532, "y_offset": 0.001873293302656616, "offset": 0.002004416529075546, "deform": 0.002654143794798669}]}, "webp": {"1": [], "2": [], "3": [{"angle": -178.0767695801127, "x_offset": -0.005671083927154541, "y_offset": -0.00019043111689475995, "offset": 0.005674280299660245, "deform": -0.002895528484316179}], "4": [{"angle": 172.9436174561338, "x_offset": -0.003417491912841797, "y_offset": 0.00042302937920813815, "offset": 0.003443574426379123, "deform": 0.0016731370724787364}], "5": [{"angle": -125.65698059749106, "x_offset": -0.004450070858001709, "y_offset": -0.006202751356209749, "offset": 0.007633954088688112, "deform": 0.0049834629511879}], "6": [{"angle": -69.99319336404042, "x_offset": 0.000575864315032959, "y_offset": -0.0015815895670191745, "offset": 0.0016831652526808764, "deform": -0.003598458602781962}], "7": [{"angle": -90.0684155391358, "x_offset": -2.360343933105469e-06, "y_offset": -0.001976710013539227, "offset": 0.0019767114227549083, "deform": 0.004410313849159131}], "8": [{"angle": -97.07801663506908, "x_offset": -0.00044591426849365233, "y_offset": -0.003591247129775322, "offset": 0.0036188251521682723, "deform": 0.0015658008196965945}]}}