{"cheng2020-anchor": {"1": [{"angle": 117.56527540600501, "x_offset": -0.004059839248657227, "y_offset": 0.007777232749789369, "offset": 0.008773120537718263, "deform": -0.0030021765017105573}], "2": [{"angle": 121.01597574017188, "x_offset": -0.0024840712547302248, "y_offset": 0.0041315789316214765, "offset": 0.004820845824831515, "deform": -0.007816193446395808}], "3": [{"angle": 94.78603283417392, "x_offset": -0.000324249267578125, "y_offset": 0.0038727031034581803, "offset": 0.003886253583473365, "deform": -0.010231152615211986}], "4": [{"angle": -169.88310423213318, "x_offset": -0.002760624885559082, "y_offset": -0.0004925821341720282, "offset": 0.0028042266166759, "deform": -8.492791160219504e-05}], "5": [{"angle": 118.69352065568778, "x_offset": -0.0010188460350036622, "y_offset": 0.0018614600686465994, "offset": 0.0021220463779588997, "deform": -0.0021175053985394154}], "6": [{"angle": 103.04446559169877, "x_offset": -0.0003735661506652832, "y_offset": 0.001612382776596967, "offset": 0.0016550921083702326, "deform": 0.0009685868415794663}]}, "webp": {"1": [{"angle": -163.6745618622609, "x_offset": -0.008221197128295898, "y_offset": -0.002408008949429381, "offset": 0.008566597301311221, "deform": 0.0056757818287046236}], "2": [{"angle": -163.6745618622609, "x_offset": -0.008221197128295898, "y_offset": -0.002408008949429381, "offset": 0.008566597301311221, "deform": 0.0056757818287046236}], "3": [{"angle": 168.20946236276708, "x_offset": -0.0036630630493164062, "y_offset": 0.000764622407801011, "offset": 0.003742015276529296, "deform": 0.0008600695070973274}], "4": [{"angle": -88.85280808460858, "x_offset": 4.689693450927734e-05, "y_offset": -0.002341924929151348, "offset": 0.002342394436521508, "deform": -0.0075838247614942456}], "5": [{"angle": -141.98981293914727, "x_offset": -0.0044059276580810545, "y_offset": -0.003443549661075368, "offset": 0.005591979327262922, "deform": -0.006657123063868092}], "6": [{"angle": 154.5432353961277, "x_offset": -0.0031072497367858887, "y_offset": 0.001479204963235294, "offset": 0.0034413730181449237, "deform": -0.0019128808571318712}], "7": [{"angle": 137.8710173744814, "x_offset": -0.0010770797729492188, "y_offset": 0.0009742063634535845, "offset": 0.0014523012345549384, "deform": -0.00307616704564731}], "8": [{"angle": 11.66226781928919, "x_offset": 0.0016745924949645996, "y_offset": 0.0003456414914598652, "offset": 0.0017098912435621052, "deform": -9.048209778650396e-07}]}}