{"cheng2020-anchor": {"1": [{"angle": 17.31334609622811, "x_offset": 0.018111753798759515, "y_offset": 0.005645811557769775, "offset": 0.018971315553032334, "deform": -0.02844639039077912}], "2": [{"angle": 14.531449675164504, "x_offset": 0.009739717219975848, "y_offset": 0.002524566650390625, "offset": 0.010061586768366042, "deform": -0.015040841420628226}], "3": [{"angle": 34.55493446503005, "x_offset": 0.0016706765954332553, "y_offset": 0.0011505842208862304, "offset": 0.002028547346226069, "deform": -0.009139437738525102}], "4": [{"angle": 8.731157149361112, "x_offset": 0.003089172220341774, "y_offset": 0.00047442913055419924, "offset": 0.0031253908566529305, "deform": -0.0034941928042648285}], "5": [{"angle": 29.13768934269711, "x_offset": 0.0013777221393808548, "y_offset": 0.0007680177688598633, "offset": 0.001577329891501661, "deform": -0.0034979566293075748}], "6": [{"angle": 166.57986368190612, "x_offset": -0.0034293681732106263, "y_offset": 0.0008182644844055176, "offset": 0.003525637932895183, "deform": 0.004478334561974745}]}, "webp": {"1": [{"angle": -1.6827181303932126, "x_offset": 0.019957745661501023, "y_offset": -0.0005863070487976074, "offset": 0.019966355897975793, "deform": 0.00046139445825482683}], "2": [{"angle": 11.583891338160848, "x_offset": 0.0385590671655445, "y_offset": 0.007903742790222167, "offset": 0.03936077756817007, "deform": -0.036295422009353706}], "3": [{"angle": 0.5371245073969892, "x_offset": 0.04846387948029494, "y_offset": 0.0004543423652648926, "offset": 0.04846600913284925, "deform": -0.004590378666317618}], "4": [{"angle": 2.6904656626285264, "x_offset": 0.012196417993907348, "y_offset": 0.0005731344223022461, "offset": 0.012209876942382944, "deform": -0.008280923707537469}], "5": [{"angle": 156.76990134212213, "x_offset": -0.003618584304559426, "y_offset": 0.001553177833557129, "offset": 0.003937831097426226, "deform": -0.0044528787182243346}], "6": [{"angle": 64.56813204225996, "x_offset": 0.00016609567110655737, "y_offset": 0.00034929513931274413, "offset": 0.00038677495563679793, "deform": -0.0020263078585425753}], "7": [{"angle": 151.0347273761918, "x_offset": -0.001835271402041862, "y_offset": 0.0010158538818359375, "offset": 0.002097660656158151, "deform": 0.00022658626654931124}], "8": [{"angle": 6.657367761505254, "x_offset": 0.0035073773922350703, "y_offset": 0.0004093766212463379, "offset": 0.003531187532486026, "deform": 0.0008027873888824255}]}}