{"cheng2020-anchor": {"1": [], "2": [{"angle": 178.99464701933059, "x_offset": -0.0204405122644761, "y_offset": 0.0003587007522583008, "offset": 0.020443659355992717, "deform": -0.05132894722091519}], "3": [], "4": [], "5": [], "6": []}, "webp": {"1": [{"angle": 26.147945550464392, "x_offset": 0.06575906192555148, "y_offset": 0.03228329420089722, "offset": 0.07325616226496033, "deform": 0.09790481054602007}], "2": [{"angle": 26.147945550464392, "x_offset": 0.06575906192555148, "y_offset": 0.03228329420089722, "offset": 0.07325616226496033, "deform": 0.09790481054602007}], "3": [{"angle": -127.7212596481051, "x_offset": -0.009231405819163603, "y_offset": -0.011934888362884522, "offset": 0.015088419852078748, "deform": -0.15134188778057656}], "4": [], "5": [], "6": [], "7": [{"angle": -43.822416568287046, "x_offset": 0.0070743515912224265, "y_offset": -0.006789374351501465, "offset": 0.009805205480817687, "deform": -0.10173398924837396}], "8": [{"angle": -23.926681762094915, "x_offset": 0.01264190673828125, "y_offset": -0.005609166622161865, "offset": 0.013830421402639025, "deform": -0.08172941473749229}]}}