{"cheng2020-anchor": {"1": [{"angle": -58.19657173754593, "x_offset": 0.007625643412272135, "y_offset": -0.012297260761260986, "offset": 0.014469729081139651, "deform": -0.021599633939593854}], "2": [{"angle": -19.580810439643862, "x_offset": 0.012330977121988933, "y_offset": -0.004386210441589355, "offset": 0.01308785080985117, "deform": 0.003435311285002074}], "3": [{"angle": 15.715502907561646, "x_offset": 0.004955514272054037, "y_offset": 0.0013943791389465332, "offset": 0.005147952494308832, "deform": -0.008361175987656844}], "4": [{"angle": -110.35205352096587, "x_offset": -0.001619434356689453, "y_offset": -0.004365706443786621, "offset": 0.004656389200759125, "deform": 0.015599800514146223}], "5": [{"angle": -128.53546447251495, "x_offset": -0.0013624827067057292, "y_offset": -0.0017107009887695312, "offset": 0.0021869743937799595, "deform": 0.006385085724971984}], "6": [{"angle": 143.68392483573615, "x_offset": -0.0034773190816243488, "y_offset": 0.00255584716796875, "offset": 0.004315565170570673, "deform": 0.02860579044172762}]}, "webp": {"1": [{"angle": -59.35412223401342, "x_offset": 0.011931037902832032, "y_offset": -0.020137465000152587, "offset": 0.023406562371932896, "deform": -0.10794764916436339}], "2": [{"angle": -59.35412223401342, "x_offset": 0.011931037902832032, "y_offset": -0.020137465000152587, "offset": 0.023406562371932896, "deform": -0.10794764916436339}], "3": [{"angle": -28.64663660347119, "x_offset": 0.02507956822713216, "y_offset": -0.013700318336486817, "offset": 0.0285776742402256, "deform": -0.06516284191674471}], "4": [{"angle": -45.17417941862969, "x_offset": 0.0034676551818847655, "y_offset": -0.0034888029098510743, "offset": 0.004918981419383244, "deform": 0.0038190439560122913}], "5": [{"angle": -12.002922744157042, "x_offset": 0.009605153401692709, "y_offset": -0.0020421504974365234, "offset": 0.009819844730148703, "deform": -0.021993182288170043}], "6": [{"angle": 100.98715470856666, "x_offset": -0.0006201744079589843, "y_offset": 0.0031943440437316893, "offset": 0.003253989884128621, "deform": 0.012291405534278876}], "7": [{"angle": 26.12763324867317, "x_offset": 0.005653540293375651, "y_offset": 0.002773022651672363, "offset": 0.006296997099849266, "deform": 0.008030817389089728}], "8": [{"angle": 126.18528219031407, "x_offset": -0.0023296356201171877, "y_offset": 0.0031847596168518067, "offset": 0.003945870745431084, "deform": 0.01972898236081}]}}