{"cheng2020-anchor": {"1": [{"angle": 151.59320823693224, "x_offset": -0.004443916838956382, "y_offset": 0.0024034976959228516, "offset": 0.005052246831447028, "deform": -8.845173385603478e-05}], "2": [{"angle": 177.17972296591427, "x_offset": -0.012912366094298888, "y_offset": 0.0006361007690429688, "offset": 0.012928024688310917, "deform": 0.0019141325125466915}], "3": [{"angle": 172.043619797726, "x_offset": -0.010089811731557378, "y_offset": 0.001410198211669922, "offset": 0.010187882987867006, "deform": 0.0038223767245108772}], "4": [{"angle": 162.07397106688433, "x_offset": -0.004633454584126171, "y_offset": 0.0014988899230957032, "offset": 0.004869863692621968, "deform": 0.0012648807015881863}], "5": [{"angle": 163.43266383062746, "x_offset": -0.0038561497136636418, "y_offset": 0.0011471748352050782, "offset": 0.004023170480692557, "deform": 0.0004271198682425925}], "6": [{"angle": 33.98503024192318, "x_offset": 0.0013911584501244145, "y_offset": 0.0009378194808959961, "offset": 0.00167774468024804, "deform": -0.0007263444905456704}]}, "webp": {"1": [{"angle": 177.10228112845215, "x_offset": -0.03498615202356557, "y_offset": 0.001770925521850586, "offset": 0.03503094361589455, "deform": 0.01063502827126657}], "2": [{"angle": -178.42744940486097, "x_offset": -0.008379755310487413, "y_offset": -0.00023005008697509765, "offset": 0.008382912507366353, "deform": 0.0030414504620731447}], "3": [{"angle": -178.96119798070671, "x_offset": -0.016255720437829333, "y_offset": -0.0002947568893432617, "offset": 0.01625839255820444, "deform": 0.004317162528112546}], "4": [{"angle": 176.58724303776984, "x_offset": -0.014206111291532495, "y_offset": 0.0008471727371215821, "offset": 0.014231349186705001, "deform": 0.00374469500063266}], "5": [{"angle": -177.54985670131074, "x_offset": -0.012610692330210773, "y_offset": -0.0005396008491516113, "offset": 0.012622231582554726, "deform": 0.0038446622521394955}], "6": [{"angle": -170.52016447943626, "x_offset": -0.005767250507721019, "y_offset": -0.0009630203247070312, "offset": 0.005847100697320611, "deform": 0.002991383891692845}], "7": [{"angle": 177.81269340431055, "x_offset": -0.0072291639984631145, "y_offset": 0.0002761125564575195, "offset": 0.007234435033954532, "deform": 0.0015748478042082181}], "8": [{"angle": 9.940714492894312, "x_offset": 0.0009310362768954918, "y_offset": 0.00016317367553710937, "offset": 0.0009452270612311671, "deform": 0.00015913427647082368}]}}