{"cheng2020-anchor": {"1": [{"angle": -93.4817810269362, "x_offset": -0.00022308230400085448, "y_offset": -0.0036664962768554687, "offset": 0.003673276556775074, "deform": 0.0018299264655752476}], "2": [{"angle": -83.23019385976245, "x_offset": 0.0007382214069366455, "y_offset": -0.0062187830607096355, "offset": 0.006262446295324905, "deform": 0.001231998280589626}], "3": [{"angle": -74.29942935967826, "x_offset": 0.00018747448921203614, "y_offset": -0.0006669362386067709, "offset": 0.0006927846927236928, "deform": 0.00022871164147394984}], "4": [{"angle": 99.30276345324191, "x_offset": -0.00021204948425292968, "y_offset": 0.0012945175170898438, "offset": 0.0013117700201728912, "deform": -0.00038371257239758205}], "5": [{"angle": 76.02495640451653, "x_offset": 0.0002898037433624268, "y_offset": 0.0011644999186197916, "offset": 0.001200019279066956, "deform": 0.0004306320139964362}], "6": [{"angle": 65.04366504969171, "x_offset": 0.00029798150062561036, "y_offset": 0.0006402969360351562, "offset": 0.0007062387280594994, "deform": 0.00027770615897226847}]}, "webp": {"1": [], "2": [], "3": [{"angle": -38.01738399946618, "x_offset": 0.002387720346450806, "y_offset": -0.0018666585286458333, "offset": 0.0030307791927854763, "deform": 0.000721398021300966}], "4": [{"angle": 51.253295992763626, "x_offset": 0.0012198090553283691, "y_offset": 0.0015200297037760416, "offset": 0.001948954702352666, "deform": 0.0005532666218050555}], "5": [{"angle": 35.577519595675774, "x_offset": 0.0014244616031646729, "y_offset": 0.001018969217936198, "offset": 0.001751396336067875, "deform": 0.00048069760031316244}], "6": [{"angle": 53.33972645655698, "x_offset": 0.001437288522720337, "y_offset": 0.0019310633341471353, "offset": 0.002407239892082021, "deform": -0.0002308572998890382}], "7": [{"angle": 24.966568270334992, "x_offset": 0.0003445208072662354, "y_offset": 0.00016040802001953124, "offset": 0.00038003331370547615, "deform": 0.00017633435206789588}], "8": [{"angle": -31.447288425810253, "x_offset": 9.117722511291504e-05, "y_offset": -5.575815836588542e-05, "offset": 0.00010687496715155679, "deform": -1.7001681224725063e-05}]}}