{"cheng2020-anchor": {"1": [], "2": [{"angle": -123.44284301866558, "x_offset": -0.02455584208170573, "y_offset": -0.03718036413192749, "offset": 0.04455747813021278, "deform": -0.028076974250422437}], "3": [], "4": [{"angle": -142.2046507352288, "x_offset": -0.022055308024088543, "y_offset": -0.01710498332977295, "offset": 0.027910877212105587, "deform": -0.08086729506946244}], "5": [], "6": [{"angle": -150.42585974847583, "x_offset": -0.016777547200520833, "y_offset": -0.009520959854125977, "offset": 0.019290794867230926, "deform": -0.06774265776000299}]}, "webp": {"1": [], "2": [], "3": [{"angle": -127.07741687949563, "x_offset": -0.022873878479003906, "y_offset": -0.030269479751586913, "offset": 0.03794015974009556, "deform": 0.0328989533235865}], "4": [{"angle": -147.5893936425416, "x_offset": -0.022680219014485678, "y_offset": -0.014399194717407226, "offset": 0.026865017086442473, "deform": -0.028083884480471832}], "5": [{"angle": 145.6950504830653, "x_offset": -0.021064345041910806, "y_offset": 0.014371788501739502, "offset": 0.025500096799490862, "deform": 0.055177420847542735}], "6": [{"angle": 125.98514072076935, "x_offset": -0.013417879740397135, "y_offset": 0.018478202819824218, "offset": 0.022836012703147623, "deform": 0.0684651482903943}], "7": [{"angle": 140.6065305898557, "x_offset": -0.011168130238850911, "y_offset": 0.00917147397994995, "offset": 0.014451403668738726, "deform": 0.014818840187830085}], "8": [{"angle": 78.4264417163213, "x_offset": 0.0012128194173177083, "y_offset": 0.005922269821166992, "offset": 0.006045180789168193, "deform": 0.00613889092454567}]}}