{"cheng2020-anchor": {"1": [{"angle": 109.79428238441552, "x_offset": -0.0007726851598921911, "y_offset": 0.00214688777923584, "offset": 0.0022817032000130555, "deform": 0.0029703869165240843}], "2": [{"angle": 73.89079635139032, "x_offset": 0.00024974262797749125, "y_offset": 0.0008647322654724121, "offset": 0.0009000740364981948, "deform": 0.0017226051562732464}], "3": [{"angle": 117.86780541617226, "x_offset": -0.0002881207944074155, "y_offset": 0.0005449056625366211, "offset": 0.0006163893033095514, "deform": 0.001862341272626411}], "4": [{"angle": -168.00133623106726, "x_offset": -0.0013744292003569347, "y_offset": -0.0002921104431152344, "offset": 0.0014051278012233556, "deform": 0.0020389160363935704}], "5": [{"angle": 119.17039077635265, "x_offset": -0.0002386631109775641, "y_offset": 0.000427556037902832, "offset": 0.0004896572741098175, "deform": 0.0015223564665291511}], "6": [{"angle": 108.19858364564244, "x_offset": -0.00030361077724358975, "y_offset": 0.0009235143661499023, "offset": 0.0009721410846907524, "deform": 0.0011648738832758243}]}, "webp": {"1": [{"angle": -173.83006217029444, "x_offset": -0.003146084872159091, "y_offset": -0.0003401041030883789, "offset": 0.0031644147679730345, "deform": 0.003627624218259906}], "2": [{"angle": -173.83006217029444, "x_offset": -0.003146084872159091, "y_offset": -0.0003401041030883789, "offset": 0.0031644147679730345, "deform": 0.003627624218259906}], "3": [{"angle": -149.1142100460343, "x_offset": -0.0016597401012073863, "y_offset": -0.0009927749633789062, "offset": 0.0019339956906539097, "deform": 0.004444884025129325}], "4": [{"angle": -39.749470695146464, "x_offset": 0.0014917867167012675, "y_offset": -0.001240682601928711, "offset": 0.0019402888771662182, "deform": 0.0013212338916128857}], "5": [{"angle": -95.5204920295057, "x_offset": -9.167722333005536e-05, "y_offset": -0.0009485483169555664, "offset": 0.000952968322074111, "deform": 0.0017305836121395551}], "6": [{"angle": 24.862565257746088, "x_offset": 0.00022111016831475816, "y_offset": 0.00010246038436889648, "offset": 0.0002436961979539334, "deform": 0.001199081336715896}], "7": [{"angle": -84.75995410608495, "x_offset": 4.0690104166666664e-05, "y_offset": -0.0004436731338500977, "offset": 0.0004455351100389967, "deform": 0.0006743264580764269}], "8": [{"angle": -118.45866191296786, "x_offset": -0.0003385388212048368, "y_offset": -0.0006245851516723632, "offset": 0.0007104330687350846, "deform": 0.0005887162055937395}]}}