{"cheng2020-anchor": {"1": [{"angle": 31.69636865233706, "x_offset": 0.0032335069444444442, "y_offset": 0.0019967714945475262, "offset": 0.0038003504524198825, "deform": 0.0005140218936678653}], "2": [{"angle": 66.72868028575813, "x_offset": 0.0014775311505353008, "y_offset": 0.0034355216556125217, "offset": 0.00373977370264362, "deform": 0.0037472816853605095}], "3": [{"angle": -85.60569306488122, "x_offset": 6.394562897858796e-05, "y_offset": -0.0008321285247802734, "offset": 0.0008345818864667872, "deform": -0.002334524439347785}], "4": [{"angle": 84.52263409988062, "x_offset": 0.0005587259928385417, "y_offset": 0.0058267169528537326, "offset": 0.005853443873801687, "deform": 0.002976522000377513}], "5": [{"angle": 25.12756944326039, "x_offset": 0.0012995119448061343, "y_offset": 0.0006094985538058811, "offset": 0.001435346572011541, "deform": -0.0007110757731832174}], "6": [{"angle": 107.77594416998025, "x_offset": -0.0002929404929832176, "y_offset": 0.0009137206607394749, "offset": 0.0009595309157559402, "deform": 0.0009167274420534832}]}, "webp": {"1": [{"angle": 87.8668250605365, "x_offset": 0.0024971290870949075, "y_offset": 0.06704037321938408, "offset": 0.06708686380411538, "deform": -0.03918457472451689}], "2": [{"angle": 87.8668250605365, "x_offset": 0.0024971290870949075, "y_offset": 0.06704037321938408, "offset": 0.06708686380411538, "deform": -0.03918457472451689}], "3": [{"angle": -89.04886376818921, "x_offset": 0.0016851354528356483, "y_offset": -0.10150205294291179, "offset": 0.1015160402750229, "deform": 0.059719362970068024}], "4": [{"angle": -34.76850681835732, "x_offset": 0.0029060081199363424, "y_offset": -0.0020173602634006075, "offset": 0.0035376016770523673, "deform": -0.0005622313628507736}], "5": [{"angle": -72.1961101187579, "x_offset": 0.0010182981137876158, "y_offset": -0.0031708876291910806, "offset": 0.00333038427294816, "deform": -0.0007317862120080343}], "6": [{"angle": 2.175495168201551, "x_offset": 0.0017421298556857638, "y_offset": 6.617969936794705e-05, "offset": 0.0017433864134723926, "deform": 5.427553130704643e-05}], "7": [{"angle": 4.038573632557513, "x_offset": 0.000580596923828125, "y_offset": 4.099210103352865e-05, "offset": 0.0005820422152265457, "deform": -0.0012938944713725142}], "8": [{"angle": -72.22953971412791, "x_offset": 0.00018796567563657407, "y_offset": -0.0005864832136366102, "offset": 0.0006158682124408107, "deform": 6.888116304890057e-05}]}}