{"cheng2020-anchor": {"1": [], "2": [{"angle": 73.08573645128979, "x_offset": 0.0008577414494715553, "y_offset": 0.0028206348419189454, "offset": 0.002948169144670753, "deform": -0.001068359950415397}], "3": [{"angle": 101.85618073118229, "x_offset": -0.0007842189334877349, "y_offset": 0.0037355422973632812, "offset": 0.003816972044832236, "deform": -0.0005051967873342979}], "4": [{"angle": -146.588927417148, "x_offset": -0.0009603161901422234, "y_offset": -0.0006334781646728516, "offset": 0.0011504354697967894, "deform": 0.0006135347982458225}], "5": [{"angle": 79.55537472574652, "x_offset": 0.00037462079201461377, "y_offset": 0.0020322322845458983, "offset": 0.0020664725490943006, "deform": -4.5311926146637815e-05}], "6": [{"angle": 97.11492948050746, "x_offset": -0.00030007889972599164, "y_offset": 0.0024040699005126952, "offset": 0.0024227256205794087, "deform": -0.000835345705168123}]}, "webp": {"1": [], "2": [], "3": [], "4": [], "5": [{"angle": 147.0076131919469, "x_offset": -0.0028023291729188412, "y_offset": 0.0018193244934082032, "offset": 0.0033411061649859333, "deform": -0.0003755567319149583}], "6": [{"angle": 90.68433028535584, "x_offset": -3.542332659185804e-05, "y_offset": 0.002965688705444336, "offset": 0.0029659002528181783, "deform": -0.001368645004201901}], "7": [{"angle": 115.87769359455154, "x_offset": -0.0005379121338400313, "y_offset": 0.0011088848114013672, "offset": 0.001232467033510017, "deform": 2.477815943927389e-05}], "8": [{"angle": 102.6864888118005, "x_offset": -0.0003675488689000522, "y_offset": 0.0016327381134033203, "offset": 0.001673596701116951, "deform": -0.00030041195844477883}]}}