{"cheng2020-anchor": {"1": [{"angle": -170.71966612876932, "x_offset": -0.017008225309206676, "y_offset": -0.002779209613800049, "offset": 0.01723379628074375, "deform": -0.006194683213686547}], "2": [{"angle": -174.05245485809195, "x_offset": -0.008068754745590602, "y_offset": -0.0008405923843383789, "offset": 0.008112422492763708, "deform": -0.015231782630675816}], "3": [{"angle": -179.90248793321078, "x_offset": -0.022960582438341627, "y_offset": -3.9076805114746095e-05, "offset": 0.022960615690886425, "deform": -0.002006024715210053}], "4": [{"angle": -72.59669628924983, "x_offset": 0.0014579111854142273, "y_offset": -0.004651260375976562, "offset": 0.004874395153214966, "deform": 0.0031886540672145802}], "5": [{"angle": -53.905387376793605, "x_offset": 0.002622796445038056, "y_offset": -0.0035974621772766114, "offset": 0.004452055178121678, "deform": 0.0009474366510896504}], "6": [{"angle": 113.11765089214703, "x_offset": -0.0012653002415105386, "y_offset": 0.0029639244079589845, "offset": 0.0032227057881943928, "deform": -0.016848989793466607}]}, "webp": {"1": [{"angle": -26.88293591799856, "x_offset": 0.0034007088082735654, "y_offset": -0.0017240047454833984, "offset": 0.0038127434690939663, "deform": -0.033939289857479515}], "2": [{"angle": -108.63961674863137, "x_offset": -0.0020301336426924764, "y_offset": -0.006018650531768799, "offset": 0.006351818387733757, "deform": -0.007198813148048044}], "3": [{"angle": 112.94349232703786, "x_offset": -0.0010323446305071722, "y_offset": 0.0024387359619140623, "offset": 0.002648238759641943, "deform": -0.025363029392788006}], "4": [{"angle": 7.85378976427069, "x_offset": 0.0091003489438488, "y_offset": 0.0012552976608276368, "offset": 0.009186518552590492, "deform": -0.012793683397320788}], "5": [{"angle": 8.926072103221008, "x_offset": 0.008522980665434719, "y_offset": 0.0013386368751525878, "offset": 0.008627464755470887, "deform": -0.0005488676331606435}], "6": [{"angle": 154.10439369618626, "x_offset": -0.0023147976091371487, "y_offset": 0.0011237859725952148, "offset": 0.002573165926144063, "deform": -0.0037208259438535896}], "7": [{"angle": -6.998992193871021, "x_offset": 0.0023806569727019907, "y_offset": -0.00029226541519165037, "offset": 0.0023985301112539226, "deform": -0.005107895158894427}], "8": [{"angle": -115.43030294166333, "x_offset": -0.00042842534442696136, "y_offset": -0.000901031494140625, "offset": 0.0009977003704422724, "deform": -0.001636355070673834}]}}