{"cheng2020-anchor": {"1": [], "2": [{"angle": 108.77919694586559, "x_offset": -0.0023279190063476562, "y_offset": 0.006846364339192708, "offset": 0.007231314649846477, "deform": -0.008009342791410717}], "3": [{"angle": 110.46644179366099, "x_offset": -0.003059649467468262, "y_offset": 0.008198038736979166, "offset": 0.008750388219775725, "deform": -0.008587357054208627}], "4": [{"angle": 106.49975600933332, "x_offset": -0.0017974257469177246, "y_offset": 0.006068102518717448, "offset": 0.006328712941297604, "deform": -0.004798012181393765}], "5": [{"angle": 100.7359073104604, "x_offset": -0.0011553287506103516, "y_offset": 0.006093470255533854, "offset": 0.006202029045164387, "deform": -0.004782614522555351}], "6": [{"angle": 135.5719722715144, "x_offset": -0.0002902507781982422, "y_offset": 0.00028451283772786457, "offset": 0.00040643950235754323, "deform": -0.00036035036018197686}]}, "webp": {"1": [{"angle": -91.05900836339254, "x_offset": -0.00019779205322265626, "y_offset": -0.010699971516927084, "offset": 0.010701799482300578, "deform": 0.007714577663767458}], "2": [{"angle": -160.08994178143507, "x_offset": -0.002065014839172363, "y_offset": -0.0007479349772135417, "offset": 0.0021962907403487095, "deform": -0.0026694095009891505}], "3": [{"angle": 137.58743733042095, "x_offset": -0.0023051738739013673, "y_offset": 0.0021058400472005207, "offset": 0.003122241005001204, "deform": -0.004026376572910509}], "4": [{"angle": 103.55575246662784, "x_offset": -0.0012076377868652343, "y_offset": 0.005008697509765625, "offset": 0.005152226680630146, "deform": -0.004516412739103581}], "5": [{"angle": 130.33237133337278, "x_offset": -0.0016838550567626954, "y_offset": 0.0019832611083984374, "offset": 0.0026016710930229243, "deform": -0.0034482641291105898}], "6": [{"angle": -93.77003037362537, "x_offset": -0.000125885009765625, "y_offset": -0.001910400390625, "offset": 0.0019145434673007152, "deform": 0.0007002021327935093}], "7": [{"angle": -86.31524067904867, "x_offset": 4.74095344543457e-05, "y_offset": -0.0007361729939778645, "offset": 0.0007376980012305244, "deform": -0.001456127659957937}], "8": [{"angle": -104.16038213496356, "x_offset": -0.00042221546173095705, "y_offset": -0.001673444112141927, "offset": 0.0017258855966103802, "deform": -0.0015293843867039136}]}}