{"cheng2020-anchor": {"1": [], "2": [{"angle": 109.32812504259036, "x_offset": -0.0007749557495117188, "y_offset": 0.00220944881439209, "offset": 0.0023414142045182613, "deform": 0.0005389085148393234}], "3": [{"angle": 92.6162948687823, "x_offset": -5.855560302734375e-05, "y_offset": 0.0012814521789550782, "offset": 0.0012827893223731688, "deform": 0.00036480082372388964}], "4": [{"angle": -153.88061027661325, "x_offset": -0.0004718144734700521, "y_offset": -0.00023133754730224608, "offset": 0.0005254768864256938, "deform": 3.193003269796532e-05}], "5": [{"angle": -121.67372783735581, "x_offset": -0.00026111602783203126, "y_offset": -0.00042321681976318357, "offset": 0.0004972866944944748, "deform": -3.5306148571789125e-05}], "6": [{"angle": -160.25568721067864, "x_offset": -0.0007786432902018229, "y_offset": -0.0002794742584228516, "offset": 0.0008272794174263754, "deform": -4.671395027494585e-05}]}, "webp": {"1": [{"angle": -112.86564460614588, "x_offset": -0.0008520762125651042, "y_offset": -0.002020525932312012, "offset": 0.0021928426562716754, "deform": -0.0007039231391415025}], "2": [{"angle": -112.86564460614588, "x_offset": -0.0008520762125651042, "y_offset": -0.002020525932312012, "offset": 0.0021928426562716754, "deform": -0.0007039231391415025}], "3": [{"angle": 139.63005152828984, "x_offset": -0.001514116923014323, "y_offset": 0.0012872457504272462, "offset": 0.001987347900733881, "deform": -0.0012896869317228221}], "4": [{"angle": 113.43674262985975, "x_offset": -0.0005057652791341146, "y_offset": 0.001166701316833496, "offset": 0.0012716094055481907, "deform": 0.0004385384233804267}], "5": [{"angle": -42.64969040567551, "x_offset": 0.0002777735392252604, "y_offset": -0.0002558708190917969, "offset": 0.00037766124391633613, "deform": -3.7354389047927414e-05}], "6": [{"angle": -7.871052385677573, "x_offset": 0.000905927022298177, "y_offset": -0.00012524127960205077, "offset": 0.000914543136132135, "deform": 1.2036966957930384e-06}], "7": [{"angle": -98.52390142216052, "x_offset": -1.6530354817708332e-05, "y_offset": -0.00011029243469238282, "offset": 0.00011152431923474298, "deform": 0.00020515887660925436}], "8": [{"angle": -147.04242123524358, "x_offset": -0.0009384791056315105, "y_offset": -0.0006084680557250976, "offset": 0.0011184705657927706, "deform": -0.0004131419336772472}, {"angle": -73.67106949291635, "x_offset": 0.002424335479736328, "y_offset": -0.008275067806243897, "offset": 0.008622885231536051, "deform": 0.029312139850693142}]}}