{"cheng2020-anchor": {"1": [{"angle": -143.8072762647056, "x_offset": -0.00296173095703125, "y_offset": -0.002167081832885742, "offset": 0.0036698901798637887, "deform": 0.0017057657475621768}], "2": [{"angle": -90.1225318780887, "x_offset": -1.0919570922851562e-05, "y_offset": -0.0051059722900390625, "offset": 0.005105983966257228, "deform": 3.3495509733194595e-05}], "3": [{"angle": -74.14344286036143, "x_offset": 0.002173741658528646, "y_offset": -0.007652997970581055, "offset": 0.007955723143482345, "deform": -0.0057985626118898514}], "4": [{"angle": -35.64746186535763, "x_offset": 0.0019692262013753254, "y_offset": -0.0014122962951660157, "offset": 0.0024233102685217067, "deform": 0.0024328359917004383}], "5": [{"angle": -173.8906127134291, "x_offset": -0.00164031982421875, "y_offset": -0.00017557144165039062, "offset": 0.001649689200076253, "deform": 0.003654953501609298}], "6": [{"angle": -59.77452265446299, "x_offset": 0.0002494176228841146, "y_offset": -0.0004281044006347656, "offset": 0.0004954619344087034, "deform": 0.0011749198033793873}]}, "webp": {"1": [], "2": [{"angle": 175.85267796315082, "x_offset": -0.027551539738972983, "y_offset": 0.001997792720794678, "offset": 0.027623875863887523, "deform": 0.019267529233823036}], "3": [{"angle": -104.50321367310434, "x_offset": -0.0007184346516927084, "y_offset": -0.0027773380279541016, "offset": 0.0028687549338123675, "deform": 0.0041208876483748436}], "4": [{"angle": -105.36341258235775, "x_offset": -0.0015443166097005208, "y_offset": -0.005620622634887695, "offset": 0.0058289203627094445, "deform": -0.0025349985671346553}], "5": [{"angle": -166.56844317440041, "x_offset": -0.0015831629435221354, "y_offset": -0.0003780841827392578, "offset": 0.001627683186304781, "deform": 0.0013757244129373736}], "6": [{"angle": 145.1001413483508, "x_offset": -0.0012641270955403646, "y_offset": 0.0008818626403808594, "offset": 0.0015413302793946594, "deform": 0.0027476017895241567}], "7": [{"angle": -71.10452527452408, "x_offset": 0.00048421223958333335, "y_offset": -0.0014146327972412109, "offset": 0.0014952081607564882, "deform": -0.0006712712783094876}], "8": [{"angle": -101.08392130503921, "x_offset": -0.00012218157450358074, "y_offset": -0.0006236910820007324, "offset": 0.0006355461453863271, "deform": 0.0005153758956650267}]}}