{"cheng2020-anchor": {"1": [{"angle": 75.64299127725154, "x_offset": 0.008722194237045094, "y_offset": 0.03407683372497559, "offset": 0.03517537873326137, "deform": -0.0980916502330631}], "2": [{"angle": 110.14303751531132, "x_offset": -0.01029269061511076, "y_offset": 0.028060770034790038, "offset": 0.02988889919424534, "deform": -0.09194867284038633}], "3": [{"angle": 71.78308291915208, "x_offset": 0.010723876953125, "y_offset": 0.032584428787231445, "offset": 0.03430373939231586, "deform": -0.10525886384236804}], "4": [{"angle": 100.21080987561876, "x_offset": -0.005209620994857595, "y_offset": 0.02892254590988159, "offset": 0.029387987559873326, "deform": -0.08813021341304472}], "5": [{"angle": 97.15627752059238, "x_offset": -0.0027568189403678798, "y_offset": 0.021957206726074218, "offset": 0.02212959506817804, "deform": -0.07581794070037173}], "6": [{"angle": 97.35450936304994, "x_offset": -0.0027845937994462025, "y_offset": 0.0215742826461792, "offset": 0.0217532442252907, "deform": -0.051421578539472046}]}, "webp": {"1": [{"angle": 38.934973304693045, "x_offset": 0.028306714794303797, "y_offset": 0.022869181632995606, "offset": 0.03639051484946319, "deform": 0.08457646679505271}], "2": [{"angle": 38.934973304693045, "x_offset": 0.028306714794303797, "y_offset": 0.022869181632995606, "offset": 0.03639051484946319, "deform": 0.08457646679505271}], "3": [{"angle": 90.54372843433043, "x_offset": -0.0003175373318829114, "y_offset": 0.03345972299575806, "offset": 0.0334612296981148, "deform": -0.08004246156354333}], "4": [{"angle": 83.7166229439233, "x_offset": 0.0030060587050039556, "y_offset": 0.027301156520843507, "offset": 0.02746615255753026, "deform": -0.06890246798148947}], "5": [{"angle": 21.706930156662178, "x_offset": 0.005841334862045095, "y_offset": 0.0023253679275512694, "offset": 0.006287171778234429, "deform": 0.002969479567907052}], "6": [{"angle": 20.731148626488434, "x_offset": 0.01168212890625, "y_offset": 0.0044215679168701175, "offset": 0.012490892627259949, "deform": 0.006088269720181061}], "7": [{"angle": 33.49303576382258, "x_offset": 0.00475409785403481, "y_offset": 0.0031458377838134766, "offset": 0.005700679061989622, "deform": -0.007019999877319827}], "8": [{"angle": 2.8854967359109533, "x_offset": 0.007587867447092563, "y_offset": 0.0003824591636657715, "offset": 0.007597500076111809, "deform": 0.006973572483246149}]}}