{"cheng2020-anchor": {"1": [{"angle": -123.09065490437952, "x_offset": -0.004088874175169757, "y_offset": -0.006274557113647461, "offset": 0.007489256237624276, "deform": -0.0012557037477198552}], "2": [{"angle": -26.728360223928423, "x_offset": 0.006798770940192392, "y_offset": -0.003423643112182617, "offset": 0.007612136261050509, "deform": -0.00446220011177062}], "3": [{"angle": -42.013855772995925, "x_offset": 0.0026573644620235836, "y_offset": -0.0023938655853271485, "offset": 0.003576615484594281, "deform": -0.004526292013060096}], "4": [{"angle": -22.416406866214377, "x_offset": 0.0009674179219753943, "y_offset": -0.0003990650177001953, "offset": 0.0010464943019965504, "deform": -0.0008438203196216021}], "5": [{"angle": -176.46643788463032, "x_offset": -0.002709451122818706, "y_offset": -0.00016731023788452148, "offset": 0.0027146119617073305, "deform": 0.0015570261147220543}], "6": [{"angle": -164.77256748849524, "x_offset": -0.001738949356792129, "y_offset": -0.0004733562469482422, "offset": 0.0018022239045170513, "deform": 0.002191189516557529}]}, "webp": {"1": [{"angle": -65.0849937418243, "x_offset": 0.007860272844261098, "y_offset": -0.01692190170288086, "offset": 0.0186583666602463, "deform": -0.028070696711557375}], "2": [{"angle": -30.335494603053245, "x_offset": 0.006994996115426037, "y_offset": -0.004093360900878906, "offset": 0.00810466372650152, "deform": -0.011316815480211462}], "3": [{"angle": -153.8585154116532, "x_offset": -0.005204477042795342, "y_offset": -0.0025543212890625, "offset": 0.0057975114089358765, "deform": 0.0011049573877889851}], "4": [{"angle": -178.85441596124508, "x_offset": -0.006530708241685529, "y_offset": -0.00013059377670288086, "offset": 0.006532013845096535, "deform": 0.0020857823095424}], "5": [{"angle": -178.4341791170483, "x_offset": -0.0024870578373704, "y_offset": -6.798505783081054e-05, "offset": 0.0024879868678338696, "deform": 0.00035704934262209553}], "6": [{"angle": 178.82392593837764, "x_offset": -0.0034236907958984375, "y_offset": 7.028579711914063e-05, "offset": 0.003424412177176741, "deform": 0.0011529348747227885}], "7": [{"angle": 26.595351994774905, "x_offset": 0.0014582660710700205, "y_offset": 0.0007300972938537598, "offset": 0.0016308224895820445, "deform": -0.0009018723204148871}], "8": [{"angle": 3.9384403997959314, "x_offset": 0.0005282820942245912, "y_offset": 3.637075424194336e-05, "offset": 0.0005295326267969214, "deform": -0.0007472183073477523}]}}