{"cheng2020-anchor": {"1": [{"angle": -16.160268069155002, "x_offset": 0.01580060577392578, "y_offset": -0.004578620910644531, "offset": 0.016450620421929626, "deform": -0.0489373439520604}], "2": [{"angle": -6.474020563172252, "x_offset": 0.013220432281494141, "y_offset": -0.0015002059936523437, "offset": 0.013305278942320706, "deform": -0.0262634706100211}], "3": [{"angle": 9.408825433365624, "x_offset": 0.026821998596191405, "y_offset": 0.004444597880045573, "offset": 0.02718775568172922, "deform": -0.08467209221688377}], "4": [{"angle": -0.21641402591273953, "x_offset": 0.024668102264404298, "y_offset": -9.317525227864584e-05, "offset": 0.0246682782324739, "deform": -0.08591154486855002}], "5": [{"angle": -0.35775638701271545, "x_offset": 0.026493074417114258, "y_offset": -0.00016542561848958333, "offset": 0.026493590879795942, "deform": -0.09432372944651246}], "6": [{"angle": -29.09908458100665, "x_offset": 0.004946754455566406, "y_offset": -0.0027532246907552085, "offset": 0.005661327215543207, "deform": -0.007138871856889661}]}, "webp": {"1": [{"angle": 147.3062587395716, "x_offset": -0.06670994186401367, "y_offset": 0.04281673177083333, "offset": 0.0792684607081251, "deform": 0.18908171388597106}], "2": [{"angle": 30.56167483633072, "x_offset": 0.009453758239746094, "y_offset": 0.005582405090332031, "offset": 0.010978924876695903, "deform": -0.020317678943166717}], "3": [{"angle": 50.74810164653889, "x_offset": 0.004055965423583985, "y_offset": 0.0049639180501302085, "offset": 0.006410252563333001, "deform": -0.0057292017515028215}], "4": [{"angle": -6.909270638511814, "x_offset": 0.0034964065551757813, "y_offset": -0.00042368570963541665, "offset": 0.003521983585939242, "deform": 0.002867031705385381}], "5": [{"angle": -53.07159815098001, "x_offset": 0.006219318389892578, "y_offset": -0.008274808247884114, "offset": 0.010351443028588187, "deform": 0.014809961218059664}], "6": [{"angle": 94.05955150792528, "x_offset": -0.004087833404541016, "y_offset": 0.05759836832682292, "offset": 0.057743245629732654, "deform": 0.023783027208457708}], "7": [{"angle": 61.53801592736803, "x_offset": 0.0022543792724609374, "y_offset": 0.004158627827962239, "offset": 0.004730371160448558, "deform": 0.012781067797304702}], "8": [{"angle": -162.06828317114014, "x_offset": -0.0028214149475097655, "y_offset": -0.0009130172729492188, "offset": 0.0029654650304353886, "deform": 0.004382586024650026}]}}