{"cheng2020-anchor": {"1": [{"angle": 152.78885813096988, "x_offset": -0.005991546731246145, "y_offset": 0.0030807097752888995, "offset": 0.0067371659436492246, "deform": 0.002277132490615452}], "2": [{"angle": -174.71210517850034, "x_offset": -0.003715094767118755, "y_offset": -0.00034384727478027345, "offset": 0.003730973073749927, "deform": 0.007699158533949257}], "3": [{"angle": 1.7532701197816545, "x_offset": 0.001693575005782278, "y_offset": 5.184014638264974e-05, "offset": 0.00169436823063566, "deform": -0.004106674480199191}], "4": [{"angle": -14.653532571994784, "x_offset": 0.003118571482206646, "y_offset": -0.000815439224243164, "offset": 0.003223418871022947, "deform": -0.006431562771428312}], "5": [{"angle": 21.83352068833015, "x_offset": 0.00740181144915129, "y_offset": 0.002965537707010905, "offset": 0.00797378370790747, "deform": -0.02028852314161994}], "6": [{"angle": 72.285565000291, "x_offset": 0.0004466709337736431, "y_offset": 0.0013983885447184244, "offset": 0.0014679936801900515, "deform": -0.0039034021019485055}]}, "webp": {"1": [], "2": [], "3": [{"angle": 152.5588812920085, "x_offset": -0.009225977094549882, "y_offset": 0.004790695508321127, "offset": 0.010395644126392904, "deform": 0.010299256701231552}], "4": [{"angle": 137.65093866241597, "x_offset": -0.007315786261307566, "y_offset": 0.006668313344319662, "offset": 0.009898844956820377, "deform": 0.01611293023067706}], "5": [{"angle": 115.43230423611084, "x_offset": -0.004341602325439453, "y_offset": 0.009130104382832845, "offset": 0.010109812896076998, "deform": 0.026040195681709954}], "6": [{"angle": 54.571099003268685, "x_offset": 0.0025776310970908717, "y_offset": 0.003623207410176595, "offset": 0.004446550799198012, "deform": 0.01272663806321106}], "7": [{"angle": 52.720139068493495, "x_offset": 0.000665677221197831, "y_offset": 0.0008744637171427409, "offset": 0.001099005439213458, "deform": 0.007824049009206302}], "8": [{"angle": -8.40181854949878, "x_offset": 0.007099308465656482, "y_offset": -0.0010485649108886719, "offset": 0.007176326989685514, "deform": -0.02004660139395603}]}}