{"cheng2020-anchor": {"1": [{"angle": 92.8147180955078, "x_offset": -0.00017059826460040983, "y_offset": 0.0034698665142059324, "offset": 0.0034740577707188893, "deform": 0.0005960982096337337}], "2": [{"angle": -4.025232938757661, "x_offset": 0.0024895768534104216, "y_offset": -0.00017518997192382811, "offset": 0.00249573324602202, "deform": 0.0012391014590401907}], "3": [{"angle": 40.63702914172168, "x_offset": 0.0014767791962456089, "y_offset": 0.001267409324645996, "offset": 0.0019460737885967855, "deform": 0.0007700092079124914}], "4": [{"angle": 2.751875393128431, "x_offset": 0.001844205119291569, "y_offset": 8.864402770996094e-05, "offset": 0.0018463342832948412, "deform": 0.0011861613392380108}], "5": [{"angle": 67.73775078544244, "x_offset": 0.0003048899022980094, "y_offset": 0.0007447957992553711, "offset": 0.0008047848377745053, "deform": 0.0005837477121812505}], "6": [{"angle": 33.65657909267542, "x_offset": 0.001528594756293911, "y_offset": 0.0010177731513977052, "offset": 0.0018364269973715965, "deform": 0.00030525195849850223}]}, "webp": {"1": [], "2": [{"angle": 87.9211238836727, "x_offset": 5.424553114022248e-05, "y_offset": 0.0014944016933441163, "offset": 0.0014953859029422627, "deform": 0.0016108356677648726}], "3": [{"angle": 55.388020411897564, "x_offset": 0.002099495023419204, "y_offset": 0.0030420303344726564, "offset": 0.0036961910000991322, "deform": -0.0004775729217807584}], "4": [{"angle": 39.611976591393486, "x_offset": 0.0018011803370169789, "y_offset": 0.0014907002449035644, "offset": 0.0023380414510038405, "deform": 1.876948592379607e-05}], "5": [{"angle": 15.640200732354135, "x_offset": 0.0016830408601068501, "y_offset": 0.00047118663787841796, "offset": 0.0017477538111829061, "deform": 0.0005328574125228018}], "6": [{"angle": 13.112439551428192, "x_offset": 0.0014359699758489462, "y_offset": 0.0003344893455505371, "offset": 0.0014744127284537561, "deform": 0.0010205552143837358}], "7": [{"angle": 28.82789603660124, "x_offset": 0.0010216599046765223, "y_offset": 0.0005623102188110352, "offset": 0.0011661825513198845, "deform": 0.0003957236964112036}], "8": [{"angle": 64.27748828021066, "x_offset": 0.00019496944525761124, "y_offset": 0.0004047095775604248, "offset": 0.0004492248064757757, "deform": 0.00016092129197511906}]}}