{"cheng2020-anchor": {"1": [{"angle": 133.46439877717467, "x_offset": -0.001162770730871344, "y_offset": 0.0012268304824829101, "offset": 0.0016903102689507419, "deform": -8.450012956168207e-05}], "2": [{"angle": 137.12612509865156, "x_offset": -0.0018166034666608636, "y_offset": 0.0016865491867065429, "offset": 0.0024788094550135895, "deform": -0.00023452706378329635}], "3": [{"angle": 78.51200842188733, "x_offset": 0.00030016035754700557, "y_offset": 0.001476919651031494, "offset": 0.0015071124363648972, "deform": 0.00014788686998030987}], "4": [{"angle": 109.60569225376824, "x_offset": -0.0006358112133313022, "y_offset": 0.0017850041389465333, "offset": 0.0018948603312788194, "deform": -0.00022675188874089758}], "5": [{"angle": 90.44278091863706, "x_offset": -1.1901005396935933e-05, "y_offset": 0.0015399575233459473, "offset": 0.0015400035089697822, "deform": -0.00012994131155148747}], "6": [{"angle": 87.9793848547804, "x_offset": 5.0536769346274376e-05, "y_offset": 0.0014324069023132324, "offset": 0.0014332981193215, "deform": -0.0005124408032844835}]}, "webp": {"1": [{"angle": 85.38773141784715, "x_offset": 0.000131123577319812, "y_offset": 0.001625359058380127, "offset": 0.001630639586538815, "deform": 0.0010150377920272596}], "2": [{"angle": 85.38773141784715, "x_offset": 0.000131123577319812, "y_offset": 0.001625359058380127, "offset": 0.001630639586538815, "deform": 0.0010150377920272596}], "3": [{"angle": 28.610006789307732, "x_offset": 0.002232883634009401, "y_offset": 0.0012179136276245118, "offset": 0.002543439192782192, "deform": -0.00030205729772177226}], "4": [{"angle": 175.63153985530082, "x_offset": -0.0013630901538561977, "y_offset": 0.00010412931442260742, "offset": 0.0013670616963626166, "deform": -0.001086834126616934}], "5": [{"angle": 176.15755541705497, "x_offset": -0.0017599886838440112, "y_offset": 0.00011820793151855469, "offset": 0.0017639538776092957, "deform": -0.0008602859261610668}], "6": [{"angle": 22.063639685902643, "x_offset": 0.0003289352884531685, "y_offset": 0.00013332366943359376, "offset": 0.00035492763321698037, "deform": 0.0002565188762268522}], "7": [{"angle": -120.68390038379756, "x_offset": -9.21477846448468e-05, "y_offset": -0.00015529394149780274, "offset": 0.0001805752543425484, "deform": 0.00015564247940115516}], "8": [{"angle": 39.8566199652382, "x_offset": 0.0002942948620299443, "y_offset": 0.00024569034576416016, "offset": 0.00038337085415943726, "deform": 0.0004094352051655231}]}}