{"cheng2020-anchor": {"1": [{"angle": 90.15844970061333, "x_offset": -9.87871955422794e-05, "y_offset": 0.03572158813476563, "offset": 0.03572172473131486, "deform": -0.0540686510362437}], "2": [{"angle": 81.84762012803873, "x_offset": 0.0047851742015165444, "y_offset": 0.033403444290161136, "offset": 0.033744451137702004, "deform": -0.03609623723088584}], "3": [{"angle": 85.77208495695724, "x_offset": 0.0014260505227481617, "y_offset": 0.019290435314178466, "offset": 0.019343074075852937, "deform": -0.02989074801907754}], "4": [{"angle": 82.12030625824545, "x_offset": 0.0018200145048253677, "y_offset": 0.013150370121002198, "offset": 0.013275717951098618, "deform": -0.011343325909166202}], "5": [{"angle": 31.781094679086184, "x_offset": 0.0014634255801930147, "y_offset": 0.0009066939353942871, "offset": 0.0017215424250491306, "deform": -0.004879647659782327}], "6": [{"angle": -156.37602871101672, "x_offset": -0.0030440386603860295, "y_offset": -0.0013314247131347655, "offset": 0.0033224784623336182, "deform": 0.005509435012424846}]}, "webp": {"1": [], "2": [], "3": [{"angle": 177.09611020373003, "x_offset": -0.17642998190487133, "y_offset": 0.008949565887451171, "offset": 0.1766568233738144, "deform": 0.1754063876190186}], "4": [{"angle": 91.45531510030648, "x_offset": -0.0009040563246783088, "y_offset": 0.03558505773544311, "offset": 0.035596539886244706, "deform": -0.06414671255850912}], "5": [{"angle": 80.04219975294092, "x_offset": 0.0008635218003216912, "y_offset": 0.004918456077575684, "offset": 0.0049936840195062395, "deform": -0.02201601400137232}], "6": [{"angle": 94.64275656536262, "x_offset": -0.0024173332663143384, "y_offset": 0.029766738414764404, "offset": 0.029864731975583522, "deform": -0.05473281483168735}], "7": [{"angle": -161.15151474033755, "x_offset": -0.004908195944393383, "y_offset": -0.0016755223274230956, "offset": 0.005186305283942795, "deform": -0.0005785614792813698}], "8": [{"angle": 55.23409288884036, "x_offset": 0.0015589455997242648, "y_offset": 0.0022458791732788085, "offset": 0.0027339137959831784, "deform": 0.014552181390908636}]}}