{"cheng2020-anchor": {"1": [], "2": [{"angle": 79.27227857308252, "x_offset": 0.015340471267700195, "y_offset": 0.0809723900966957, "offset": 0.08241272970049347, "deform": -0.04268606452701289}], "3": [{"angle": 80.72905368693377, "x_offset": 0.0011286258697509766, "y_offset": 0.006914089658500439, "offset": 0.007005600057072475, "deform": -0.005017672975376388}], "4": [{"angle": 81.03817197012769, "x_offset": 0.012779819965362548, "y_offset": 0.08103799931617754, "offset": 0.08203950957627594, "deform": -0.040701179950829544}], "5": [{"angle": 80.34272469091381, "x_offset": 0.013856124877929688, "y_offset": 0.0814272235093128, "offset": 0.0825977295394272, "deform": -0.04161692401897259}], "6": [{"angle": -100.93464512548195, "x_offset": -0.00017155408859252929, "y_offset": -0.0008879757597519028, "offset": 0.0009043957956667989, "deform": -0.0001888145176922318}]}, "webp": {"1": [], "2": [], "3": [{"angle": 84.29443844128392, "x_offset": 0.000540471076965332, "y_offset": 0.005409508734173741, "offset": 0.005436441274412707, "deform": -0.0015510628959237542}], "4": [{"angle": 28.12047971558726, "x_offset": 0.0013246536254882812, "y_offset": 0.0007079077548668033, "offset": 0.001501945610506521, "deform": -0.00035727704168774313}], "5": [{"angle": 126.85251971198254, "x_offset": -0.0016841650009155273, "y_offset": 0.0022469728277773712, "offset": 0.0028080773919318238, "deform": -0.001715376071103808}], "6": [{"angle": 95.38098330482087, "x_offset": -0.00033843517303466797, "y_offset": 0.003592998138356265, "offset": 0.0036089020475178583, "deform": -0.0029226967969924814}], "7": [{"angle": -100.91278821532363, "x_offset": -9.762048721313476e-05, "y_offset": -0.0005063273588444087, "offset": 0.000515652163612337, "deform": 0.00010602382366886251}], "8": [{"angle": -16.305132258429577, "x_offset": 0.0010609865188598634, "y_offset": -0.0003103573372548302, "offset": 0.00110544745238762, "deform": 0.0001691724480371408}]}}