{"cheng2020-anchor": {"1": [], "2": [], "3": [], "4": [{"angle": 136.84581748561197, "x_offset": -0.0012323751078023538, "y_offset": 0.0011554241180419921, "offset": 0.001689305567055285, "deform": -6.627920095040739e-05}], "5": [{"angle": 115.94141985189715, "x_offset": -0.0005755535967938312, "y_offset": 0.0011831283569335937, "offset": 0.001315695501156214, "deform": 3.1101482095614256e-05}], "6": [{"angle": 145.28039873147057, "x_offset": -0.001277457893668831, "y_offset": 0.0008852005004882813, "offset": 0.0015541810049545422, "deform": -5.819656906948679e-05}]}, "webp": {"1": [], "2": [], "3": [], "4": [{"angle": 127.84577528047602, "x_offset": -0.001497382622260552, "y_offset": 0.0019272327423095702, "offset": 0.0024405697614446414, "deform": -0.00013342882997534789}], "5": [{"angle": 131.28528405986904, "x_offset": -0.0002545245282061688, "y_offset": 0.0002898693084716797, "offset": 0.0003857550407349496, "deform": -0.00010692991028681898}], "6": [{"angle": 178.02382544494571, "x_offset": -0.0007683692040381493, "y_offset": 2.651214599609375e-05, "offset": 0.0007688264613028985, "deform": -0.00011444132235324334}], "7": [{"angle": -105.73519564794906, "x_offset": -9.991534344561688e-05, "y_offset": -0.0003546237945556641, "offset": 0.00036843060611316405, "deform": -1.9676031245451694e-05}], "8": [{"angle": -164.37187662397255, "x_offset": -0.00044490269252232145, "y_offset": -0.00012445449829101562, "offset": 0.0004619819563126678, "deform": -3.083261464308074e-05}]}}