{"cheng2020-anchor": {"1": [{"angle": 170.9732853351004, "x_offset": -0.012846994400024413, "y_offset": 0.0020409047603607176, "offset": 0.013008095838942826, "deform": 0.005475980275609055}], "2": [{"angle": -179.49657575203193, "x_offset": -0.0057782332102457685, "y_offset": -5.077123641967773e-05, "offset": 0.005778456260147229, "deform": -0.002696131171094296}], "3": [{"angle": -144.57982335848428, "x_offset": -0.005110041300455729, "y_offset": -0.003634226322174072, "offset": 0.0062705759745932555, "deform": -0.002490559956602245}], "4": [{"angle": -130.9149834181853, "x_offset": -0.005256764094034831, "y_offset": -0.00606536865234375, "offset": 0.008026348212553956, "deform": -0.0076139438342466}], "5": [{"angle": -122.7438216602199, "x_offset": -0.001647170384724935, "y_offset": -0.002561420202255249, "offset": 0.00304533146452668, "deform": -0.0010962948833389274}], "6": [{"angle": -101.25125922108658, "x_offset": -0.0006494522094726562, "y_offset": -0.003264641761779785, "offset": 0.003328614427227271, "deform": -0.004353199022472554}]}, "webp": {"1": [{"angle": 159.84465624247102, "x_offset": -0.014564243952433269, "y_offset": 0.0053457140922546385, "offset": 0.015514311491720117, "deform": 0.029709347110279727}], "2": [{"angle": 152.74546836506562, "x_offset": -0.01009380022684733, "y_offset": 0.005199658870697022, "offset": 0.011354349624312327, "deform": 0.024130391907503962}], "3": [{"angle": 178.68437668395464, "x_offset": -0.01085813840230306, "y_offset": 0.00024936795234680175, "offset": 0.010861001516399217, "deform": 0.01872898988212987}], "4": [{"angle": 163.6527659144823, "x_offset": -0.00609739621480306, "y_offset": 0.001788461208343506, "offset": 0.006354276834860454, "deform": 0.009178787062700589}], "5": [{"angle": 160.95584293313723, "x_offset": -0.0010483264923095703, "y_offset": 0.00036187171936035155, "offset": 0.0011090264089510693, "deform": 0.0026956991942908015}], "6": [{"angle": -167.62717943348525, "x_offset": -0.0028457482655843097, "y_offset": -0.0006242632865905762, "offset": 0.002913415150997361, "deform": -0.010567508469127879}], "7": [{"angle": -172.33530676321698, "x_offset": -0.0024608453114827473, "y_offset": -0.0003311753273010254, "offset": 0.002483029751021836, "deform": -0.004140842489918334}], "8": [{"angle": -78.41196041636063, "x_offset": 0.000766595204671224, "y_offset": -0.0037385225296020508, "offset": 0.0038163095933332024, "deform": -0.006198594420150805}]}}