{"cheng2020-anchor": {"1": [{"angle": 62.034077956543406, "x_offset": 0.0011131604512532552, "y_offset": 0.0020965576171875, "offset": 0.0023737480979289438, "deform": -0.0005533036254639079}], "2": [{"angle": 2.103622816568454, "x_offset": 0.021008841196695962, "y_offset": 0.0007716894149780273, "offset": 0.02102300913240487, "deform": -0.00016646169735556882}], "3": [{"angle": 156.19044540085557, "x_offset": -0.0072270393371582035, "y_offset": 0.003188943862915039, "offset": 0.007899332917509907, "deform": 0.017443005096621778}], "4": [{"angle": 14.453653052385913, "x_offset": 0.01123825709025065, "y_offset": 0.002896714210510254, "offset": 0.01160557519660017, "deform": -0.018360270306428284}], "5": [{"angle": 173.17649279614912, "x_offset": -0.018197663625081382, "y_offset": 0.0021775126457214355, "offset": 0.01832747998863692, "deform": 0.025133454171462732}], "6": [{"angle": 171.77261126910548, "x_offset": -0.017530314127604165, "y_offset": 0.0025347113609313966, "offset": 0.017712613446234097, "deform": 0.025237208458667504}]}, "webp": {"1": [], "2": [], "3": [], "4": [{"angle": -4.139721789000352, "x_offset": 0.013990147908528646, "y_offset": -0.001012575626373291, "offset": 0.014026744023529969, "deform": 0.02652492615777946}], "5": [{"angle": -17.69798765160847, "x_offset": 0.0020539283752441405, "y_offset": -0.0006554126739501953, "offset": 0.0021559655711090517, "deform": -0.019792628467195317}], "6": [{"angle": 175.27690422418488, "x_offset": -0.012793159484863282, "y_offset": 0.001056981086730957, "offset": 0.012836749534942803, "deform": 0.0010737286656086198}], "7": [{"angle": 154.30058785354592, "x_offset": -0.003758875528971354, "y_offset": 0.0018089771270751952, "offset": 0.004171515730352807, "deform": -0.0011506139854343678}], "8": [{"angle": 137.09992412291692, "x_offset": -0.0015428860982259114, "y_offset": 0.0014337420463562012, "offset": 0.0021062083865535344, "deform": -0.008280507547504867}]}}