{"cheng2020-anchor": {"1": [{"angle": -132.6197408250882, "x_offset": -0.0017099380493164062, "y_offset": -0.0018582582473754884, "offset": 0.0025252746081246328, "deform": 0.0008595297754436619}], "2": [{"angle": 164.12249293172715, "x_offset": -0.0016890207926432291, "y_offset": 0.00048041343688964844, "offset": 0.0017560148941069055, "deform": 0.001650611190598287}], "3": [{"angle": 121.37982949854107, "x_offset": -0.000279998779296875, "y_offset": 0.0004590749740600586, "offset": 0.0005377259043564701, "deform": 0.0013224880917368821}], "4": [{"angle": 164.61469997430615, "x_offset": -0.0015391031901041666, "y_offset": 0.0004235148429870605, "offset": 0.0015963093221613336, "deform": -0.0001181536260689113}], "5": [{"angle": 48.18597751580428, "x_offset": 0.000348663330078125, "y_offset": 0.00038976669311523436, "offset": 0.0005229571615373031, "deform": 8.216928355977982e-05}], "6": [{"angle": 168.41324700847545, "x_offset": -0.00128936767578125, "y_offset": 0.0002643585205078125, "offset": 0.0013161893597482934, "deform": 0.00014370903900272}]}, "webp": {"1": [{"angle": 177.338426271697, "x_offset": -0.006738154093424479, "y_offset": 0.0003132343292236328, "offset": 0.0067454307743640245, "deform": 0.0015661866366402516}], "2": [{"angle": -162.30260752011546, "x_offset": -0.00025202433268229165, "y_offset": -8.041858673095703e-05, "offset": 0.0002645437834381275, "deform": 0.002080003602750378}], "3": [{"angle": 143.86118810967722, "x_offset": -0.0035130182902018228, "y_offset": 0.0025653839111328125, "offset": 0.004349999094113885, "deform": 0.0014372474961783267}], "4": [{"angle": 108.87857527371655, "x_offset": -0.0003765106201171875, "y_offset": 0.0011010408401489259, "offset": 0.0011636370476814845, "deform": 0.001610026682647002}], "5": [{"angle": 159.9654393324079, "x_offset": -0.0008307139078776042, "y_offset": 0.0003029227256774902, "offset": 0.0008842215641303715, "deform": 0.0018864546580880347}], "6": [{"angle": 60.7247820800855, "x_offset": 0.0007284800211588542, "y_offset": 0.0012994527816772461, "offset": 0.0014897183200311183, "deform": 0.0018974648159201038}], "7": [{"angle": 97.82320508096313, "x_offset": -0.0001677831013997396, "y_offset": 0.001221168041229248, "offset": 0.0012326404804463439, "deform": 0.0017108936363577805}], "8": [{"angle": 145.41413859340716, "x_offset": -0.0006390889485677083, "y_offset": 0.0004406452178955078, "offset": 0.0007762750106988878, "deform": 0.0004515887018715116}]}}