{"cheng2020-anchor": {"1": [{"angle": -11.373807468214189, "x_offset": 0.0067599644170743284, "y_offset": -0.0013598322868347168, "offset": 0.0068953798132103785, "deform": -0.029037151201395606}], "2": [{"angle": -42.21990945836567, "x_offset": 0.006174426212489048, "y_offset": -0.005602538585662842, "offset": 0.008337384341465423, "deform": -0.006950611721495248}], "3": [{"angle": -62.21886329836384, "x_offset": 0.0018282917058356455, "y_offset": -0.0034704327583312987, "offset": 0.003922569832613105, "deform": -0.015865719801199052}], "4": [{"angle": -75.27438994539305, "x_offset": 0.0014266789516555929, "y_offset": -0.005428290367126465, "offset": 0.005612641903857316, "deform": -0.014832802120181787}], "5": [{"angle": -104.37279382832008, "x_offset": -0.0007715849118812061, "y_offset": -0.003011059761047363, "offset": 0.0031083474967965423, "deform": -0.012469231908766587}], "6": [{"angle": -108.18883741983898, "x_offset": -0.0009062758115964515, "y_offset": -0.0027582645416259766, "offset": 0.0029033358621206686, "deform": -0.006085554652611125}]}, "webp": {"1": [{"angle": -160.88411297272296, "x_offset": -0.02069421572105907, "y_offset": -0.007172441482543946, "offset": 0.021901928707998425, "deform": -0.0015266484439843686}], "2": [{"angle": -111.6377351753341, "x_offset": -0.0025048300484630547, "y_offset": -0.006314325332641602, "offset": 0.00679300213293967, "deform": -0.011236113785794533}], "3": [{"angle": -92.45438897179879, "x_offset": -0.00018103768892377336, "y_offset": -0.004223597049713135, "offset": 0.004227475213783797, "deform": -0.025348109275956154}], "4": [{"angle": -80.73409127367245, "x_offset": 0.0009569898944034754, "y_offset": -0.005865871906280518, "offset": 0.005943423498193731, "deform": -0.01390618438727137}], "5": [{"angle": -73.85792026084162, "x_offset": 0.00150776800708236, "y_offset": -0.005209422111511231, "offset": 0.0054232317947035275, "deform": -0.00848239807480844}], "6": [{"angle": -56.67060706068506, "x_offset": 0.001526288897077614, "y_offset": -0.0023209571838378905, "offset": 0.0027778408965509725, "deform": -0.0033250700803278965}], "7": [{"angle": -86.66109741471003, "x_offset": 0.00023178742310711156, "y_offset": -0.003972983360290528, "offset": 0.003979738960114852, "deform": -0.004894992740928417}], "8": [{"angle": -99.59126025290765, "x_offset": -0.0004795288371148511, "y_offset": -0.0028377771377563477, "offset": 0.0028780074685791435, "deform": 0.0008852744475593699}]}}