{"cheng2020-anchor": {"1": [{"angle": 105.97453830794554, "x_offset": -0.00475677561704113, "y_offset": 0.016616714000701905, "offset": 0.017284157441194516, "deform": 0.02572415181350457}], "2": [{"angle": 111.08472347038656, "x_offset": -0.00595216058735546, "y_offset": 0.015437638759613037, "offset": 0.016545359051104765, "deform": 0.014326865855518123}], "3": [{"angle": 162.20648157835447, "x_offset": -0.004726954868861607, "y_offset": 0.0015170693397521973, "offset": 0.004964433675039946, "deform": 0.011685269388663988}], "4": [{"angle": -33.40240950674945, "x_offset": 0.0018692195275907494, "y_offset": -0.0012326359748840332, "offset": 0.002239056294268837, "deform": 0.011039208643233822}], "5": [{"angle": -47.08184051075699, "x_offset": 0.002822518627872512, "y_offset": -0.003035461902618408, "offset": 0.00414495360250692, "deform": 0.01614905377876319}], "6": [{"angle": -56.35408809005188, "x_offset": 0.0015440322197014052, "y_offset": -0.002319920063018799, "offset": 0.002786765974076976, "deform": 0.011187752601710899}]}, "webp": {"1": [{"angle": 2.399464213535021, "x_offset": 0.23714975897545557, "y_offset": 0.00993729829788208, "offset": 0.23735786921772312, "deform": 0.29430815020201206}], "2": [{"angle": 2.399464213535021, "x_offset": 0.23714975897545557, "y_offset": 0.00993729829788208, "offset": 0.23735786921772312, "deform": 0.29430815020201206}], "3": [{"angle": -16.044040883234864, "x_offset": 0.003455972783180255, "y_offset": -0.0009938597679138184, "offset": 0.003596040199491711, "deform": 0.015294293528547387}], "4": [{"angle": -95.33772228415462, "x_offset": -0.0006820178422771516, "y_offset": -0.007299673557281494, "offset": 0.00733146522736479, "deform": 0.009506745980966791}], "5": [{"angle": -89.23534193342404, "x_offset": 9.739538545630855e-05, "y_offset": -0.007297396659851074, "offset": 0.007298046579209658, "deform": 0.009174145828524272}], "6": [{"angle": -19.49322426741971, "x_offset": 0.004449652285430694, "y_offset": -0.0015751123428344727, "offset": 0.004720210202288464, "deform": 0.0003925669872262283}], "7": [{"angle": 65.36145097809451, "x_offset": 0.0011204668174582845, "y_offset": 0.002442967891693115, "offset": 0.002687664043155059, "deform": -0.000687282876948081}], "8": [{"angle": -6.787036418531569, "x_offset": 0.0008226524192220434, "y_offset": -9.790658950805664e-05, "offset": 0.0008284580273743382, "deform": 0.0006379856878622192}]}}