{"cheng2020-anchor": {"1": [{"angle": -141.78273858572166, "x_offset": -0.001878952311578198, "y_offset": -0.001479506492614746, "offset": 0.0023915269705512923, "deform": -0.004557966438638067}], "2": [{"angle": 147.90329757649147, "x_offset": -0.0010692026013525847, "y_offset": 0.000670623779296875, "offset": 0.0012621134878043091, "deform": -0.004537136328814501}], "3": [{"angle": -110.82369924207615, "x_offset": -0.0007503010402215975, "y_offset": -0.0019727230072021486, "offset": 0.002110589423384449, "deform": -0.0028564743024277472}], "4": [{"angle": -104.31043132360092, "x_offset": -0.00021433607440128505, "y_offset": -0.0008402347564697265, "offset": 0.0008671415102331878, "deform": -0.0029175110996441656}], "5": [{"angle": -6.842803030424964, "x_offset": 0.005439098750319437, "y_offset": -0.0006526947021484375, "offset": 0.005478120625720019, "deform": 0.00014093088513583707}], "6": [{"angle": -70.67043867833111, "x_offset": 0.00019091312016282126, "y_offset": -0.0005442619323730469, "offset": 0.0005767745404235064, "deform": -0.0038135903970681895}]}, "webp": {"1": [{"angle": -162.7566461758625, "x_offset": -0.003742877568039939, "y_offset": -0.0011617183685302735, "offset": 0.003919020548187673, "deform": 0.006122079192447644}], "2": [{"angle": 177.65635690714157, "x_offset": -0.010479971627208673, "y_offset": 0.00042891502380371094, "offset": 0.010488745082455925, "deform": -0.003910054809871638}], "3": [{"angle": -77.23831631665502, "x_offset": 0.0002965124968056367, "y_offset": -0.0013091564178466797, "offset": 0.0013423152338966667, "deform": 0.0010123153572434707}], "4": [{"angle": 153.17724528977817, "x_offset": -0.0018053678708655813, "y_offset": 0.0009128570556640625, "offset": 0.002023032662422775, "deform": -0.00228428830802771}], "5": [{"angle": 41.67752724914356, "x_offset": 0.0004419879378559433, "y_offset": 0.00039348602294921877, "offset": 0.0005917639626291401, "deform": 0.0011744109971675853}], "6": [{"angle": -1.7583313539407706, "x_offset": 0.001279920061057973, "y_offset": -3.92913818359375e-05, "offset": 0.0012805230085341, "deform": 0.0009477023700358023}], "7": [{"angle": -13.45501553336368, "x_offset": 0.0011318598952248832, "y_offset": -0.0002707958221435547, "offset": 0.0011638029041503924, "deform": 0.0015417098797166906}], "8": [{"angle": 7.758635955577763, "x_offset": 0.0002453349461065275, "y_offset": 3.342628479003906e-05, "offset": 0.00024760159994627974, "deform": 0.0013181107675404313}]}}