{"cheng2020-anchor": {"1": [], "2": [], "3": [], "4": [{"angle": 84.22260178370888, "x_offset": 0.00015671526799436474, "y_offset": 0.001548910140991211, "offset": 0.0015568180048059436, "deform": -0.00047443277648032134}], "5": [{"angle": 120.44127877683326, "x_offset": -0.001340575743056572, "y_offset": 0.00228118896484375, "offset": 0.0026459339402556104, "deform": -5.178989924871369e-05}], "6": [{"angle": 97.83122011739204, "x_offset": -0.00035422188895089287, "y_offset": 0.0025754451751708986, "offset": 0.0025996905579170376, "deform": 0.0013452289991606296}]}, "webp": {"1": [], "2": [], "3": [], "4": [{"angle": 1.0555336966068645, "x_offset": 0.0011581492368175498, "y_offset": 2.1338462829589844e-05, "offset": 0.0011583457967019187, "deform": 0.0014427718323921437}], "5": [{"angle": 39.19472953767677, "x_offset": 0.0014625388509495755, "y_offset": 0.0011925935745239259, "offset": 0.0018871405153121639, "deform": 0.0006947738543780849}], "6": [{"angle": -31.29933806183491, "x_offset": 0.0006281296598269174, "y_offset": -0.0003818988800048828, "offset": 0.0007351147013244007, "deform": -0.0013094391851016345}], "7": [{"angle": -179.11553305236276, "x_offset": -0.0007366564569763613, "y_offset": -1.1372566223144532e-05, "offset": 0.0007367442370778786, "deform": 0.0003917113114453724}], "8": [{"angle": -47.99470926124844, "x_offset": 0.00039663917845250295, "y_offset": -0.0004404306411743164, "offset": 0.0005927071684809421, "deform": 3.869075507231812e-05}]}}