{"cheng2020-anchor": {"1": [{"angle": 166.75524713993818, "x_offset": -0.00472993873042301, "y_offset": 0.001113295555114746, "offset": 0.0048591920508037015, "deform": 0.0014735488016947573}], "2": [{"angle": 156.16030041310475, "x_offset": -0.002525168782933255, "y_offset": 0.0011158227920532227, "offset": 0.0027607132928948027, "deform": 0.0008753647431148925}], "3": [{"angle": 148.57300391307962, "x_offset": -0.0020493947370828452, "y_offset": 0.001252281665802002, "offset": 0.0024017135880214156, "deform": 0.0008116013969195687}], "4": [{"angle": 151.9727093033241, "x_offset": -0.0033074765350556206, "y_offset": 0.0017606377601623534, "offset": 0.0037468982308641696, "deform": 0.0013886681398976898}], "5": [{"angle": 20.066270741808736, "x_offset": 0.0031247998847336064, "y_offset": 0.0011414289474487305, "offset": 0.0033267453106159296, "deform": -0.0015876227004420276}], "6": [{"angle": 9.106127793664443, "x_offset": 0.0029046730917008197, "y_offset": 0.00046557188034057617, "offset": 0.0029417482804303054, "deform": -0.0017445356546337276}]}, "webp": {"1": [{"angle": 174.96355129105865, "x_offset": -0.010234609420740632, "y_offset": 0.0009019732475280762, "offset": 0.0102742778692407, "deform": 0.0015322884042501574}], "2": [{"angle": 174.96355129105865, "x_offset": -0.010234609420740632, "y_offset": 0.0009019732475280762, "offset": 0.0102742778692407, "deform": 0.0015322884042501574}], "3": [{"angle": 179.07738812342436, "x_offset": -0.003801904182523419, "y_offset": 6.122589111328125e-05, "offset": 0.0038023971416504725, "deform": 0.0009100101713693104}], "4": [{"angle": -78.66127737745441, "x_offset": 4.152391777663934e-05, "y_offset": -0.0002070784568786621, "offset": 0.00021120067010018935, "deform": -0.001536172389379819}], "5": [{"angle": -21.43578982907216, "x_offset": 0.002718137075526932, "y_offset": -0.001067185401916504, "offset": 0.002920129079924001, "deform": -0.0021908972375030977}], "6": [{"angle": -79.52215605534217, "x_offset": 6.911123664373537e-05, "y_offset": -0.0003736972808837891, "offset": 0.00038003423631347206, "deform": -0.00022602051415942723}], "7": [{"angle": -34.25839488561088, "x_offset": 0.0006645256239022248, "y_offset": -0.00045260190963745115, "offset": 0.0008040166624082543, "deform": 0.00014416805702760493}], "8": [{"angle": 169.0536408988423, "x_offset": -0.0020027964679083725, "y_offset": 0.0003873586654663086, "offset": 0.0020399118676006794, "deform": 0.0008460420355699758}]}}