{"cheng2020-anchor": {"1": [{"angle": 135.8717161251171, "x_offset": -0.0015750885009765624, "y_offset": 0.001527875383323598, "offset": 0.002194380772080093, "deform": -0.0006435272332811909}], "2": [{"angle": 130.33499145946988, "x_offset": -0.0006618976593017578, "y_offset": 0.0007795173431111274, "offset": 0.0010226220218634923, "deform": -0.000218348089762236}], "3": [{"angle": 121.61445276657929, "x_offset": -0.0009528636932373047, "y_offset": 0.0015479827595648364, "offset": 0.0018177458133082861, "deform": 7.971959236477422e-06}], "4": [{"angle": 133.34492001913935, "x_offset": -0.0007643699645996094, "y_offset": 0.000809856664354556, "offset": 0.0011136109103189928, "deform": -1.808862897099278e-05}], "5": [{"angle": 121.8001404622381, "x_offset": -0.0008513927459716797, "y_offset": 0.0013731484101197429, "offset": 0.0016156751418857612, "deform": 0.00021547548626290464}], "6": [{"angle": 129.04017979490183, "x_offset": -0.000841522216796875, "y_offset": 0.0010377046103789427, "offset": 0.0013360353662102062, "deform": 8.37057949670747e-05}]}, "webp": {"1": [{"angle": 86.64307107006029, "x_offset": 0.0002589225769042969, "y_offset": 0.004414210809725467, "offset": 0.004421798047573851, "deform": -0.0017197075911915063}], "2": [{"angle": 82.96363854379081, "x_offset": 0.0006445407867431641, "y_offset": 0.005221964042877483, "offset": 0.005261591136802711, "deform": -0.001960518044942086}], "3": [{"angle": 99.9464221647961, "x_offset": -0.0006345272064208985, "y_offset": 0.0036183651362624125, "offset": 0.003673580138639637, "deform": -0.0018970310977153224}], "4": [{"angle": 100.22744184487416, "x_offset": -0.00036945343017578123, "y_offset": 0.0020477081013617116, "offset": 0.0020807701231637856, "deform": -0.0013272924413923332}], "5": [{"angle": 106.61377122248828, "x_offset": -0.0002825736999511719, "y_offset": 0.000947043160411799, "offset": 0.0009883008871729617, "deform": -0.0006722194185343373}], "6": [{"angle": 106.86523126504807, "x_offset": -0.0003129482269287109, "y_offset": 0.0010322856011791765, "offset": 0.0010786798204934019, "deform": -0.0004132034478392943}], "7": [{"angle": 152.29181980317802, "x_offset": -0.0004482269287109375, "y_offset": 0.0002354060378030082, "offset": 0.0005062838949203808, "deform": -0.00035828059226672773}], "8": [{"angle": 125.00868186920067, "x_offset": -0.0005502700805664062, "y_offset": 0.0007856137284608644, "offset": 0.0009591590545434788, "deform": -0.0002274503535917502}]}}