{"cheng2020-anchor": {"1": [{"angle": -1.3573587806520322, "x_offset": 0.01413067118326823, "y_offset": -0.0003348236083984375, "offset": 0.014134637418002208, "deform": -0.00896991888796661}], "2": [{"angle": 2.540168482964424, "x_offset": 0.032686614990234376, "y_offset": 0.0014500885009765625, "offset": 0.032718764588237116, "deform": -0.022063964784780232}], "3": [{"angle": 4.764500077459071, "x_offset": 0.01989227294921875, "y_offset": 0.001657989501953125, "offset": 0.019961248765415624, "deform": -0.01192920518313409}], "4": [{"angle": 7.457732532441404, "x_offset": 0.011479812622070313, "y_offset": 0.0015027313232421876, "offset": 0.011577750181606877, "deform": -0.007881760788581008}], "5": [{"angle": 17.213394334764416, "x_offset": 0.011759557088216147, "y_offset": 0.0036432037353515624, "offset": 0.012310975443412036, "deform": -0.006841095055739099}], "6": [{"angle": 5.52882029143562, "x_offset": 0.011174916585286458, "y_offset": 0.001081695556640625, "offset": 0.011227146831023741, "deform": -0.005798470657431221}]}, "webp": {"1": [{"angle": -3.4348776886874886, "x_offset": 0.017976699829101564, "y_offset": -0.0010789947509765624, "offset": 0.018009052346479957, "deform": -0.0018680527383710122}], "2": [{"angle": -10.166557252632147, "x_offset": 0.015972702026367188, "y_offset": -0.00286431884765625, "offset": 0.01622749310534912, "deform": -0.008561160347078614}], "3": [{"angle": -7.0458685571063295, "x_offset": 0.020985743204752605, "y_offset": -0.002593780517578125, "offset": 0.02114542776179257, "deform": 0.0022212961250649144}], "4": [{"angle": -12.645741248678982, "x_offset": 0.013337005615234375, "y_offset": -0.0029923553466796875, "offset": 0.013668573784473483, "deform": 0.004087045959264998}], "5": [{"angle": 136.78217697671016, "x_offset": -0.0017079518636067708, "y_offset": 0.0016048736572265626, "offset": 0.00234365505654258, "deform": 0.0014721193026589752}], "6": [{"angle": -166.99498009360468, "x_offset": -0.003995447794596354, "y_offset": -0.00092279052734375, "offset": 0.00410062744426999, "deform": 0.004054672187782202}], "7": [{"angle": -3.3462863767863205, "x_offset": 0.002808003743489583, "y_offset": -0.0001641845703125, "offset": 0.002812799601212325, "deform": -0.0017360964190885342}], "8": [{"angle": 94.15665582060515, "x_offset": -7.323710123697917e-05, "y_offset": 0.0010077362060546876, "offset": 0.0010103939498983013, "deform": -0.0005750038974849936}]}}