{"cheng2020-anchor": {"1": [], "2": [], "3": [], "4": [], "5": [{"angle": 7.63428828854805, "x_offset": 0.04614427947998047, "y_offset": 0.0061850700378417965, "offset": 0.04655695028778791, "deform": 0.04484665294757595}], "6": [{"angle": 5.758478214493965, "x_offset": 0.05425412114461263, "y_offset": 0.005471212387084961, "offset": 0.054529293284975695, "deform": 0.04060683660758224}]}, "webp": {"1": [], "2": [], "3": [], "4": [], "5": [], "6": [{"angle": 2.934204692729521, "x_offset": 0.05466597112019857, "y_offset": 0.00280197811126709, "offset": 0.0547377336016975, "deform": 0.005951641029541932}], "7": [{"angle": 1.214522522295507, "x_offset": 0.05347089004516602, "y_offset": 0.0011336145401000977, "offset": 0.05348290534505171, "deform": 0.0051420372975459205}], "8": [{"angle": 2.3893951681111782, "x_offset": 0.05566756312052409, "y_offset": 0.002322840690612793, "offset": 0.05571600463647317, "deform": -0.005307421382122923}]}}