{"cheng2020-anchor": {"1": [{"angle": -156.9871377669283, "x_offset": -0.01817458470662435, "y_offset": -0.00771946907043457, "offset": 0.019746030790709804, "deform": 0.03289799644562669}], "2": [{"angle": -138.69604714853742, "x_offset": -0.01589856147766113, "y_offset": -0.013969171047210693, "offset": 0.021163695254024048, "deform": 0.03711250268831395}], "3": [{"angle": -31.619439615622657, "x_offset": 0.010374895731608073, "y_offset": -0.006387531757354736, "offset": 0.01218355544957853, "deform": 0.0016197879446189778}], "4": [{"angle": -66.79716086413008, "x_offset": 0.0013639450073242188, "y_offset": -0.0031818866729736326, "offset": 0.003461899591647897, "deform": -0.0012463451189615449}], "5": [{"angle": 95.799098971173, "x_offset": -0.0003601392110188802, "y_offset": 0.0035460591316223145, "offset": 0.0035643001579938947, "deform": -0.00376037515683042}], "6": [{"angle": -152.90010031592868, "x_offset": -0.012254810333251953, "y_offset": -0.006271076202392578, "offset": 0.013766145903635969, "deform": 0.025220387941887246}]}, "webp": {"1": [], "2": [], "3": [], "4": [], "5": [], "6": [{"angle": 103.00827096554121, "x_offset": -0.0009100596110026042, "y_offset": 0.003939306735992432, "offset": 0.004043061470694399, "deform": -0.003671597671051796}], "7": [{"angle": 31.246373447976083, "x_offset": 0.0031781832377115885, "y_offset": 0.0019282937049865724, "offset": 0.0037174137925662454, "deform": 0.005564209438296719}], "8": [{"angle": 30.194359954540648, "x_offset": 0.0018519083658854166, "y_offset": 0.0010775923728942871, "offset": 0.002142608204445305, "deform": 0.0009944086626910154}]}}