{"cheng2020-anchor": {"1": [{"angle": 99.89900049937528, "x_offset": -0.005820536613464355, "y_offset": 0.033353606367533185, "offset": 0.03385766832180015, "deform": -0.023222509134144698}], "2": [{"angle": 94.79127858720311, "x_offset": -0.002987217903137207, "y_offset": 0.03563888684838219, "offset": 0.035763860622038735, "deform": -0.011994916244584819}], "3": [{"angle": 104.00615679175986, "x_offset": -0.0028532981872558595, "y_offset": 0.011438717462320244, "offset": 0.011789214042004144, "deform": -0.0026853396044992373}], "4": [{"angle": 92.21003848722054, "x_offset": -0.0012311935424804688, "y_offset": 0.031903157191993915, "offset": 0.0319269052110617, "deform": -0.02170359478810635}], "5": [{"angle": 91.70820553271805, "x_offset": -0.0009291887283325196, "y_offset": 0.031157150943722345, "offset": 0.03117100329830207, "deform": -0.010443264670125019}], "6": [{"angle": 91.40325375623279, "x_offset": -0.0008638620376586914, "y_offset": 0.03526500600629148, "offset": 0.03527558512971659, "deform": -0.012099495086738132}]}, "webp": {"1": [{"angle": 10.909089876657596, "x_offset": 0.0459314227104187, "y_offset": 0.008852555266523784, "offset": 0.046776739165423076, "deform": 0.09464132176934559}], "2": [{"angle": 103.05015784641782, "x_offset": -0.002252054214477539, "y_offset": 0.009715905653691926, "offset": 0.009973493412861351, "deform": -0.053481899143641765}], "3": [{"angle": 55.10061183463197, "x_offset": 0.002799844741821289, "y_offset": 0.004013574650857301, "offset": 0.004893660394460227, "deform": -0.02792319458111936}], "4": [{"angle": 93.33689964666567, "x_offset": -0.00220792293548584, "y_offset": 0.03786796637340985, "offset": 0.037932279142529036, "deform": -0.013871673022999964}], "5": [{"angle": 93.27176216272869, "x_offset": -0.0022783756256103517, "y_offset": 0.03985601104466261, "offset": 0.03992107979355823, "deform": -0.036171941185963674}, {"angle": 24.501343111460745, "x_offset": 0.00033615827560424806, "y_offset": 0.00015320566903173397, "offset": 0.0003694243674700991, "deform": 3.642583439300139e-05}], "6": [{"angle": 92.85851346592789, "x_offset": -0.0016352176666259766, "y_offset": 0.032748953220063604, "offset": 0.03278975257343611, "deform": -0.026819987062815964}, {"angle": 171.28035457686067, "x_offset": -0.0002756237983703613, "y_offset": 4.2273091003958106e-05, "offset": 0.00027884671855902215, "deform": 1.2727359056011623e-05}], "7": [{"angle": 105.94686003600366, "x_offset": -0.0007721424102783203, "y_offset": 0.0027022370194966813, "offset": 0.0028103894412142816, "deform": -0.009515744181106789}], "8": [{"angle": 121.00116885714597, "x_offset": -0.0014020681381225586, "y_offset": 0.0023333254113661506, "offset": 0.002722168719838187, "deform": -0.005262014726934217}, {"angle": -151.08368766362145, "x_offset": -8.940696716308594e-06, "y_offset": -4.9388514155835175e-06, "offset": 1.0214123118419054e-05, "deform": 8.223802949266449e-06}]}}