{"cheng2020-anchor": {"1": [{"angle": 51.21611415750043, "x_offset": 0.01813035011291504, "y_offset": 0.022562599182128905, "offset": 0.02894443775702479, "deform": 0.015425247428817568}], "2": [{"angle": -67.60165090779434, "x_offset": 0.0037619948387145998, "y_offset": -0.00912803014119466, "offset": 0.009872868854850322, "deform": 0.0011980505386009477}], "3": [{"angle": -57.84323058827403, "x_offset": 0.006317365169525147, "y_offset": -0.010048611958821615, "offset": 0.011869444173342838, "deform": -1.7478299981416034e-05}], "4": [{"angle": -73.89610769909058, "x_offset": 0.0016759037971496582, "y_offset": -0.005804824829101563, "offset": 0.006041907383753464, "deform": 0.003944960476862158}], "5": [{"angle": -80.46294429906209, "x_offset": 0.0004485964775085449, "y_offset": -0.002670097351074219, "offset": 0.0027075189129250115, "deform": 0.0010943517819791138}], "6": [{"angle": -36.39020630949231, "x_offset": 0.0008993268013000489, "y_offset": -0.0006628036499023438, "offset": 0.001117182784445073, "deform": -0.0010622088355770054}]}, "webp": {"1": [], "2": [], "3": [{"angle": -31.497429887387973, "x_offset": 0.007360374927520752, "y_offset": -0.004509989420572917, "offset": 0.008632214295727126, "deform": 0.0036953883440643265}], "4": [{"angle": -101.441022741461, "x_offset": -0.00169602632522583, "y_offset": -0.008380381266276042, "offset": 0.008550280431892833, "deform": 0.004758000047483363}], "5": [{"angle": -62.79464419636827, "x_offset": 0.0025574564933776855, "y_offset": -0.004975128173828125, "offset": 0.005593968543130902, "deform": 7.866316136642681e-05}], "6": [{"angle": -79.0215009854914, "x_offset": 0.0009049415588378906, "y_offset": -0.004664866129557291, "offset": 0.00475183072421596, "deform": 0.0031603766444217307}], "7": [{"angle": -34.98993505810516, "x_offset": 0.002528250217437744, "y_offset": -0.0017696380615234374, "offset": 0.0030860440746636186, "deform": -0.0027683759479744663}], "8": [{"angle": -63.975858466754744, "x_offset": 0.0016004204750061034, "y_offset": -0.0032778422037760416, "offset": 0.0036476835402312713, "deform": 0.000443203230182293}]}}