{"cheng2020-anchor": {"1": [{"angle": 79.84257197205802, "x_offset": 0.001026722692674206, "y_offset": 0.005730712890625, "offset": 0.005821960985993269, "deform": 0.0027031091868937596}], "2": [{"angle": 24.13283738594712, "x_offset": 0.005477013126496346, "y_offset": 0.002453754425048828, "offset": 0.006001548430718524, "deform": -0.02032402898301422}], "3": [{"angle": -25.124359941820003, "x_offset": 0.0024213483256678428, "y_offset": -0.001135498046875, "offset": 0.002674375352988321, "deform": -0.004674515795548506}], "4": [{"angle": 33.54753902113718, "x_offset": 0.001988087930986958, "y_offset": 0.0013182601928710938, "offset": 0.002385435716477084, "deform": -0.002258554324445272}], "5": [{"angle": -138.737329461715, "x_offset": -0.00045038038684475806, "y_offset": -0.00039514923095703124, "offset": 0.000599153909759727, "deform": 0.0007837600456099825}], "6": [{"angle": 175.6558134197291, "x_offset": -0.0007144712632702242, "y_offset": 5.42755126953125e-05, "offset": 0.000716529843982293, "deform": 0.003457550158499745}]}, "webp": {"1": [{"angle": -97.74524135945366, "x_offset": -0.0021684400496944306, "y_offset": -0.01594330596923828, "offset": 0.016090094389961417, "deform": 0.006686579448301366}], "2": [{"angle": 61.907961369818075, "x_offset": 0.0016796204351609753, "y_offset": 0.0031467018127441407, "offset": 0.003566911423702249, "deform": -0.01190033095823717}], "3": [{"angle": -152.6068558181633, "x_offset": -0.0005815106053506174, "y_offset": -0.00030133819580078125, "offset": 0.0006549498395936222, "deform": 0.002133383123368804}], "4": [{"angle": 118.56927740080778, "x_offset": -0.0014639977485902847, "y_offset": 0.0026885910034179688, "offset": 0.003061341371284402, "deform": -0.001431053869622001}], "5": [{"angle": 176.27368096234812, "x_offset": -0.0032402007810531123, "y_offset": 0.000211029052734375, "offset": 0.0032470655002070975, "deform": 0.00454453955511297}], "6": [{"angle": -143.44599391594025, "x_offset": -0.0008593067046134702, "y_offset": -0.0006371078491210938, "offset": 0.0010697263313602073, "deform": 0.0035057850852181494}], "7": [{"angle": -160.5926798587373, "x_offset": -0.0015735472402264995, "y_offset": -0.0005543594360351563, "offset": 0.0016683420816923757, "deform": 0.001378992431523396}], "8": [{"angle": 168.82181238232306, "x_offset": -0.0017223204335858745, "y_offset": 0.0003403472900390625, "offset": 0.0017556263707817698, "deform": 0.0006593664240255315}]}}