{"cheng2020-anchor": {"1": [{"angle": -30.619498947044203, "x_offset": 0.0038704793961321722, "y_offset": -0.002290773391723633, "offset": 0.004497583071841216, "deform": -0.0019300365910292563}], "2": [{"angle": -41.30383879868847, "x_offset": 0.0005533901813158665, "y_offset": -0.0004862308502197266, "offset": 0.0007366553688681063, "deform": -0.0011720351131692258}], "3": [{"angle": -169.4238399338347, "x_offset": -0.0008448080380013173, "y_offset": -0.00015773773193359376, "offset": 0.0008594078270222988, "deform": -0.0014766872851835477}], "4": [{"angle": 169.2251773244104, "x_offset": -0.0014254639243632904, "y_offset": 0.0002712726593017578, "offset": 0.001451046606882715, "deform": -0.0005521333464792375}], "5": [{"angle": 83.07016632508635, "x_offset": 7.840230258343091e-05, "y_offset": 0.0006450653076171875, "offset": 0.0006498124130405947, "deform": -0.0004799778280064129}], "6": [{"angle": 75.24551752974035, "x_offset": 0.0001416172858423595, "y_offset": 0.0005377292633056641, "offset": 0.0005560649388916809, "deform": -0.00019325199030561374}]}, "webp": {"1": [{"angle": 116.90189917310813, "x_offset": -0.0008519192769320843, "y_offset": 0.0016790866851806641, "offset": 0.001882843209287347, "deform": -0.003930827701444952}], "2": [{"angle": 116.90189917310813, "x_offset": -0.0008519192769320843, "y_offset": 0.0016790866851806641, "offset": 0.001882843209287347, "deform": -0.003930827701444952}], "3": [{"angle": -19.755913033402013, "x_offset": 0.002635160709711651, "y_offset": -0.0009464263916015625, "offset": 0.0027999633713189833, "deform": -0.0020482371540236424}], "4": [{"angle": -111.09513820485887, "x_offset": -0.0006847158248865633, "y_offset": -0.0017749309539794923, "offset": 0.0019024236258637656, "deform": -0.0013359283670781631}], "5": [{"angle": -113.90660719336405, "x_offset": -0.0008079653880635246, "y_offset": -0.0018227100372314453, "offset": 0.001993760253423891, "deform": -0.000786110151561055}], "6": [{"angle": 14.829333883894723, "x_offset": 0.001014155582186768, "y_offset": 0.0002685070037841797, "offset": 0.001049098449127507, "deform": 0.00013259697477312204}], "7": [{"angle": 46.157412108568, "x_offset": 0.0005621809590895785, "y_offset": 0.0005853652954101562, "offset": 0.0008116033266525574, "deform": -0.00045272877718766785}], "8": [{"angle": 23.408823381789524, "x_offset": 0.0008181498257281909, "y_offset": 0.00035419464111328123, "offset": 0.0008915284522282142, "deform": -0.00025809784387802875}]}}