{"cheng2020-anchor": {"1": [{"angle": 7.912095385695084, "x_offset": 0.021329011155965742, "y_offset": 0.0029642343521118163, "offset": 0.021534005716205028, "deform": -0.05234065339661009}], "2": [{"angle": 29.037565309206702, "x_offset": 0.005981803500036679, "y_offset": 0.003320896625518799, "offset": 0.006841807327777742, "deform": -0.03251446400000513}], "3": [{"angle": 175.34660051319847, "x_offset": -0.015958096499734082, "y_offset": 0.0012989282608032227, "offset": 0.016010873134265302, "deform": -0.043235898105665416}], "4": [{"angle": 152.11557840858043, "x_offset": -0.004560246713844264, "y_offset": 0.0024129390716552735, "offset": 0.005159275632746134, "deform": -0.0318957985173548}], "5": [{"angle": 37.74898048432555, "x_offset": 0.0013264221764506309, "y_offset": 0.0010269880294799805, "offset": 0.0016775280036038748, "deform": -0.030978426964516026}], "6": [{"angle": 10.897703876847237, "x_offset": 0.009277773575044014, "y_offset": 0.0017862319946289062, "offset": 0.009448158934333236, "deform": -0.018010246475047453}]}, "webp": {"1": [{"angle": 6.299781214636751, "x_offset": 0.13467022174960572, "y_offset": 0.014867210388183593, "offset": 0.13548838537237978, "deform": 0.13571007699577853}], "2": [{"angle": 11.491217371539024, "x_offset": 0.024425649866811547, "y_offset": 0.004965555667877197, "offset": 0.024925270600474093, "deform": 0.030395113589403944}], "3": [{"angle": 5.595010828481799, "x_offset": 0.0959891914761682, "y_offset": 0.009403383731842041, "offset": 0.09644868327694657, "deform": 0.05373755784002299}], "4": [{"angle": 19.430492470003372, "x_offset": 0.013056508811986502, "y_offset": 0.004605734348297119, "offset": 0.01384504284011303, "deform": 0.0014515428642124517}], "5": [{"angle": 7.162609092149538, "x_offset": 0.01597869228309309, "y_offset": 0.0020079851150512696, "offset": 0.01610436621851497, "deform": 0.008641475991365333}], "6": [{"angle": 1.9857173771151568, "x_offset": 0.005668693864849252, "y_offset": 0.00019654035568237305, "offset": 0.005672099985436725, "deform": 0.004291415163911738}], "7": [{"angle": 11.028173991738965, "x_offset": 0.0035913136083755137, "y_offset": 0.000699913501739502, "offset": 0.003658881296738172, "deform": -0.009617840028934954}], "8": [{"angle": 116.14959224168429, "x_offset": -0.0008511789527857247, "y_offset": 0.0017336726188659668, "offset": 0.001931353504429208, "deform": 0.006927073375043835}]}}