{"cheng2020-anchor": {"1": [{"angle": -86.95395748510974, "x_offset": 0.00014030933380126953, "y_offset": -0.00263671875, "offset": 0.002640449294296961, "deform": -0.003648175112421076}], "2": [{"angle": -91.15386283656035, "x_offset": -2.372264862060547e-05, "y_offset": -0.0011778036753336588, "offset": 0.0011780425551256846, "deform": -0.00014444937374116784}], "3": [{"angle": -87.42930542281633, "x_offset": 0.00017131567001342772, "y_offset": -0.003815730412801107, "offset": 0.00381957427496409, "deform": -0.00016125945309564127}], "4": [{"angle": -89.6592609095524, "x_offset": 1.7118453979492187e-05, "y_offset": -0.0028784592946370442, "offset": 0.002878510196672758, "deform": 0.0016825676853432225}], "5": [{"angle": -91.08200390674007, "x_offset": -0.00010102987289428711, "y_offset": -0.0053492387135823565, "offset": 0.005350192692801378, "deform": 0.0008556372179108485}], "6": [{"angle": -92.18213052881612, "x_offset": -0.00013797283172607423, "y_offset": -0.0036209742228190105, "offset": 0.003623601913098933, "deform": -0.0002568343039184018}]}, "webp": {"1": [{"angle": 85.30167359284404, "x_offset": 0.00028471946716308595, "y_offset": 0.003464349110921224, "offset": 0.0034760293349340864, "deform": -0.008826869163449436}], "2": [{"angle": 85.30167359284404, "x_offset": 0.00028471946716308595, "y_offset": 0.003464349110921224, "offset": 0.0034760293349340864, "deform": -0.008826869163449436}], "3": [{"angle": 84.41207973719602, "x_offset": 0.0005021333694458008, "y_offset": 0.005132293701171875, "offset": 0.005156799061026084, "deform": -0.007305314265283136}], "4": [{"angle": -90.12390673390497, "x_offset": -1.392364501953125e-05, "y_offset": -0.006438430150349935, "offset": 0.006438445205857212, "deform": 0.0011077812109049068}], "5": [{"angle": -112.47874216642364, "x_offset": -3.606081008911133e-05, "y_offset": -8.714993794759115e-05, "offset": 9.431592499971541e-05, "deform": 0.000992924909936993}], "6": [{"angle": -95.00288445377268, "x_offset": -0.0002476930618286133, "y_offset": -0.0028295040130615233, "offset": 0.0028403247724176363, "deform": 0.0014042693985750476}], "7": [{"angle": -99.96442428959351, "x_offset": -0.00023845434188842773, "y_offset": -0.001357269287109375, "offset": 0.0013780567444397326, "deform": 0.0005405192234335388}], "8": [{"angle": 96.3482167171183, "x_offset": -0.00013926029205322266, "y_offset": 0.0012517452239990234, "offset": 0.0012594679570148318, "deform": 0.0015354972886931773}]}}