{"cheng2020-anchor": {"1": [], "2": [], "3": [], "4": [], "5": [{"angle": -77.07127765616056, "x_offset": 0.0034808553911153243, "y_offset": -0.015163278579711914, "offset": 0.015557678860929312, "deform": 0.022545266530612174}], "6": [{"angle": -106.18697414907304, "x_offset": -0.003738195826318972, "y_offset": -0.012877881526947021, "offset": 0.013409472049935147, "deform": 0.015394528770036664}]}, "webp": {"1": [], "2": [], "3": [], "4": [], "5": [], "6": [], "7": [{"angle": -158.58599037169648, "x_offset": -0.011222599939322371, "y_offset": -0.004401254653930664, "offset": 0.012054782948142401, "deform": 0.01672950640763987}], "8": [{"angle": 38.953123526950904, "x_offset": 0.002604368840301386, "y_offset": 0.002105450630187988, "offset": 0.003348978861159291, "deform": 0.03254963345869211}]}}