{"cheng2020-anchor": {"1": [{"angle": 95.53389838242535, "x_offset": -0.003356266021728516, "y_offset": 0.034641319513320924, "offset": 0.03480352768373629, "deform": -0.023287511365024688}], "2": [{"angle": -174.45689791317494, "x_offset": -0.002444108327229818, "y_offset": -0.000237196683883667, "offset": 0.0024555911268123497, "deform": 0.0017271206405480993}], "3": [{"angle": -175.71061998711622, "x_offset": -0.0026966094970703124, "y_offset": -0.00020225644111633302, "offset": 0.002704183878300965, "deform": -0.0011706156201167495}], "4": [{"angle": 171.0728956809048, "x_offset": -0.0025232474009195963, "y_offset": 0.00039635300636291503, "offset": 0.0025541873760357558, "deform": -0.0025631508207944464}], "5": [{"angle": -160.6323933895697, "x_offset": -0.0027850468953450522, "y_offset": -0.0009790003299713136, "offset": 0.0029521056646663337, "deform": -0.0010196995711457407}], "6": [{"angle": 141.16051066728377, "x_offset": -0.00222625732421875, "y_offset": 0.0017924845218658448, "offset": 0.002858185164534701, "deform": -0.0002454025423780093}]}, "webp": {"1": [], "2": [{"angle": -58.02058888984569, "x_offset": 0.0013575077056884766, "y_offset": -0.0021742045879364013, "offset": 0.0025631997115338648, "deform": 0.006529359032549947}], "3": [{"angle": 85.92677784654789, "x_offset": 0.0001362323760986328, "y_offset": 0.001913076639175415, "offset": 0.0019179211369751833, "deform": 0.003481381723776919}], "4": [{"angle": 106.35881230465047, "x_offset": -0.0018490632375081381, "y_offset": 0.006299293041229248, "offset": 0.006565068748732439, "deform": 0.001687498074464125}], "5": [{"angle": 87.99731538308026, "x_offset": 0.00020573933919270832, "y_offset": 0.005883699655532837, "offset": 0.005887295670527231, "deform": 0.0017699413815925186}], "6": [{"angle": 101.00382053849079, "x_offset": -0.001226520538330078, "y_offset": 0.006307655572891235, "offset": 0.006425797340188326, "deform": 0.002659061998652984}], "7": [{"angle": 74.63269060482048, "x_offset": 0.0006863753000895183, "y_offset": 0.002497434616088867, "offset": 0.002590036817153749, "deform": 0.0023413033603033734}], "8": [{"angle": 100.35843652480142, "x_offset": -0.0004576365152994792, "y_offset": 0.002503693103790283, "offset": 0.002545173930815431, "deform": 0.0022459664210729563}]}}