{"cheng2020-anchor": {"1": [{"angle": 122.40895428809574, "x_offset": -0.009602725505828857, "y_offset": 0.015126248433383343, "offset": 0.017916911810039366, "deform": 0.010555568479372779}], "2": [{"angle": 103.56210752023826, "x_offset": -0.0042693853378295895, "y_offset": 0.017698730182871047, "offset": 0.018206391769072336, "deform": 0.016600819978420917}], "3": [{"angle": 105.39142315962859, "x_offset": -0.004216784238815307, "y_offset": 0.015317894535824063, "offset": 0.015887704753278553, "deform": 0.0021636502451106987}], "4": [{"angle": 85.11730149438606, "x_offset": 0.0014998197555541992, "y_offset": 0.017556934222683694, "offset": 0.017620879620461417, "deform": -0.003576694347140308}], "5": [{"angle": 77.37315476133898, "x_offset": 0.0026296675205230713, "y_offset": 0.011738618587163348, "offset": 0.01202956015835121, "deform": -0.0020604500904425616}], "6": [{"angle": 80.29494884723002, "x_offset": 0.0015624761581420898, "y_offset": 0.009136012343109632, "offset": 0.009268659734730476, "deform": 0.005692429455116166}]}, "webp": {"1": [{"angle": 119.15048365182659, "x_offset": -0.018115735054016112, "y_offset": 0.03248017286528469, "offset": 0.03719061018464317, "deform": 0.024547718237428823}], "2": [{"angle": 119.15048365182659, "x_offset": -0.018115735054016112, "y_offset": 0.03248017286528469, "offset": 0.03719061018464317, "deform": 0.024547718237428823}], "3": [{"angle": 137.2398713095088, "x_offset": -0.012840241193771362, "y_offset": 0.011873607054806426, "offset": 0.017488691729405374, "deform": 0.03330517935572644}], "4": [{"angle": 149.5549526602873, "x_offset": -0.014730238914489746, "y_offset": 0.008657754723863802, "offset": 0.017086153907083186, "deform": 0.034849046637529774}], "5": [{"angle": 118.59266511123917, "x_offset": -0.01235988736152649, "y_offset": 0.022676543832104434, "offset": 0.02582619708278739, "deform": 0.030018036722839564}], "6": [{"angle": 101.95414695411861, "x_offset": -0.0040143847465515135, "y_offset": 0.018960796418737193, "offset": 0.019381101251635384, "deform": 0.011873926913735483}], "7": [{"angle": 101.13181053128275, "x_offset": -0.0036469340324401856, "y_offset": 0.018534104215456676, "offset": 0.01888949832331127, "deform": 0.0045381670198782476}], "8": [{"angle": 124.61911774362221, "x_offset": -0.0011246919631958008, "y_offset": 0.0016291705450911154, "offset": 0.0019796789328246404, "deform": 0.007783398648841977}]}}