{"cheng2020-anchor": {"1": [{"angle": 149.51491310887005, "x_offset": -0.00247986808655754, "y_offset": 0.0014598846435546875, "offset": 0.0028776742170046545, "deform": 0.0017024114781377594}], "2": [{"angle": 98.36326230784638, "x_offset": -0.00022989908854166666, "y_offset": 0.0015638113021850587, "offset": 0.0015806199352640146, "deform": 0.0009391716991769723}], "3": [{"angle": 93.3749206549032, "x_offset": -0.0001285613529265873, "y_offset": 0.002180051803588867, "offset": 0.002183839254111297, "deform": 0.0004688880211185936}], "4": [{"angle": 110.55220042103834, "x_offset": -0.0005783807663690476, "y_offset": 0.00154266357421875, "offset": 0.0016475239646593963, "deform": 0.00036083730499422706}], "5": [{"angle": 131.42400804137478, "x_offset": -0.0013841417100694444, "y_offset": 0.0015686750411987305, "offset": 0.0020920300328708965, "deform": 0.0009491081631812642}], "6": [{"angle": 144.21298185884152, "x_offset": -0.0026043604290674604, "y_offset": 0.001877427101135254, "offset": 0.0032105179900710056, "deform": 0.0013254410968280353}]}, "webp": {"1": [{"angle": -8.186314626389164, "x_offset": 0.0028915163070436507, "y_offset": -0.0004159688949584961, "offset": 0.0029212833952686522, "deform": -0.0009640444044230617}], "2": [{"angle": 30.900241112185586, "x_offset": 0.00123688228546627, "y_offset": 0.0007402658462524414, "offset": 0.0014414823312230041, "deform": -0.0005918947010049441}], "3": [{"angle": 165.30917942413424, "x_offset": -0.0005689832899305556, "y_offset": 0.0001491725444793701, "offset": 0.0005882129140427371, "deform": 0.00035778720316197166}], "4": [{"angle": -174.12209816355855, "x_offset": -0.002029854910714286, "y_offset": -0.00020897388458251953, "offset": 0.0020405835055170886, "deform": 0.00020318931290171094}], "5": [{"angle": 30.40230278315309, "x_offset": 0.00029044983878968254, "y_offset": 0.00017042160034179686, "offset": 0.0003367560403556434, "deform": -4.4555521324374237e-05}], "6": [{"angle": -120.18738455365421, "x_offset": -6.597609747023809e-05, "y_offset": -0.00011341571807861328, "offset": 0.0001312096434896835, "deform": 9.789677255506862e-05}], "7": [{"angle": 10.794782832181216, "x_offset": 0.0004615420386904762, "y_offset": 8.800029754638672e-05, "offset": 0.000469856473667027, "deform": -0.0003413952364852077}], "8": [{"angle": -151.7759798717984, "x_offset": -0.00021769205729166668, "y_offset": -0.00011684298515319824, "offset": 0.00024706702529351984, "deform": 0.00024291851163275174}]}}