{"cheng2020-anchor": {"1": [], "2": [{"angle": -176.77262610092563, "x_offset": -0.004960187276204427, "y_offset": -0.0002796947956085205, "offset": 0.004968066725972064, "deform": 0.0008302847575002228}], "3": [{"angle": -0.1967212278079572, "x_offset": 0.026581637064615884, "y_offset": -9.126663208007813e-05, "offset": 0.0265817937437091, "deform": 0.012863198509076038}], "4": [], "5": [], "6": []}, "webp": {"1": [{"angle": 3.2842813707902416, "x_offset": 0.016599527994791665, "y_offset": 0.0009525537490844727, "offset": 0.016626836388644928, "deform": 0.011378090567377527}], "2": [{"angle": 3.2842813707902416, "x_offset": 0.016599527994791665, "y_offset": 0.0009525537490844727, "offset": 0.016626836388644928, "deform": 0.011378090567377527}], "3": [{"angle": -170.30545104988283, "x_offset": -0.01225872039794922, "y_offset": -0.0020942211151123045, "offset": 0.012436317295488986, "deform": 0.004602838535611237}], "4": [{"angle": -178.67318896004608, "x_offset": -0.009912935892740886, "y_offset": -0.0002295970916748047, "offset": 0.009915594426865999, "deform": 0.005057137747389792}], "5": [{"angle": 75.48951195989645, "x_offset": 0.00015462239583333333, "y_offset": 0.0005974292755126954, "offset": 0.0006171141098150844, "deform": 0.004633033570959632}], "6": [{"angle": -48.25216885220812, "x_offset": 0.00035953521728515625, "y_offset": -0.00040285587310791017, "offset": 0.0005399615050777427, "deform": 0.004161963514397956}], "7": [{"angle": -178.40781144377854, "x_offset": -0.006221199035644531, "y_offset": -0.00017292499542236327, "offset": 0.006223601890798147, "deform": 0.0014095267380798554}], "8": [{"angle": 174.0853376390309, "x_offset": -0.0007752736409505208, "y_offset": 8.031725883483887e-05, "offset": 0.0007794229149950748, "deform": 0.0025746570404089793}]}}