{"cheng2020-anchor": {"1": [{"angle": 136.57861633267396, "x_offset": -0.0014032999674479167, "y_offset": 0.0013280272483825683, "offset": 0.001932073283052664, "deform": 8.828749079839437e-05}], "2": [{"angle": -141.39335559199574, "x_offset": -0.001166534423828125, "y_offset": -0.0009314537048339844, "offset": 0.0014927855057659729, "deform": -0.00048316087176620073}], "3": [{"angle": 119.43277063568343, "x_offset": -0.0016756693522135416, "y_offset": 0.0029698610305786133, "offset": 0.003409976879525316, "deform": 0.0009445890344977718}], "4": [{"angle": 107.16511496116173, "x_offset": -0.0009115854899088542, "y_offset": 0.002951216697692871, "offset": 0.003088797193432029, "deform": 0.0004965501840585446}], "5": [{"angle": 128.71624804880864, "x_offset": -0.0015903313954671223, "y_offset": 0.001983904838562012, "offset": 0.0025426427896734073, "deform": 0.00014417441027945663}], "6": [{"angle": 98.46284631039747, "x_offset": -0.0003325780232747396, "y_offset": 0.0022352457046508787, "offset": 0.0022598520973120205, "deform": 0.0006483149010697853}]}, "webp": {"1": [{"angle": 99.62573760257203, "x_offset": -0.0006296316782633464, "y_offset": 0.00371246337890625, "offset": 0.003765477445157882, "deform": 0.0016489061313298692}], "2": [{"angle": 99.62573760257203, "x_offset": -0.0006296316782633464, "y_offset": 0.00371246337890625, "offset": 0.003765477445157882, "deform": 0.0016489061313298692}], "3": [{"angle": 99.62573760257203, "x_offset": -0.0006296316782633464, "y_offset": 0.00371246337890625, "offset": 0.003765477445157882, "deform": 0.0016489061313298692}], "4": [{"angle": 134.5577859108549, "x_offset": -0.002075640360514323, "y_offset": 0.0021079301834106444, "offset": 0.0029583192127168533, "deform": 0.0014384638746075089}], "5": [{"angle": 130.09868872021445, "x_offset": -0.0011387983957926431, "y_offset": 0.0013524293899536133, "offset": 0.0017680291403340048, "deform": 0.001259437923713455}], "6": [{"angle": 120.3756768724093, "x_offset": -0.0016383647918701172, "y_offset": 0.002795243263244629, "offset": 0.0032400037178920175, "deform": 0.000984210230544704}], "7": [{"angle": 101.34666738212485, "x_offset": -0.0006231943766276042, "y_offset": 0.003105616569519043, "offset": 0.0031675267177928425, "deform": 0.0008494125309152951}], "8": [{"angle": 119.7014086878329, "x_offset": -0.0016092936197916667, "y_offset": 0.0028212308883666993, "offset": 0.003247948534102183, "deform": 0.00046134486688969786}]}}