{"cheng2020-anchor": {"1": [{"angle": -101.2952827279428, "x_offset": -0.0034355759620666505, "y_offset": -0.01720074821920956, "offset": 0.017540493764195208, "deform": 0.0007597370957219685}], "2": [], "3": [], "4": [], "5": [{"angle": -155.67322656909934, "x_offset": -0.007459044456481934, "y_offset": -0.0033720846737132354, "offset": 0.008185859713583269, "deform": -0.021114296840175184}], "6": [{"angle": -153.33522490318128, "x_offset": -0.0023741960525512696, "y_offset": -0.0011922679227941177, "offset": 0.0026567479548639597, "deform": -0.010050789297394003}]}, "webp": {"1": [], "2": [], "3": [{"angle": -101.75506374589847, "x_offset": -0.0023860692977905273, "y_offset": -0.011466387580422795, "offset": 0.01171201822225071, "deform": 0.0008417058104429609}], "4": [{"angle": -13.200749909605952, "x_offset": 0.06108262538909912, "y_offset": -0.014327643899356618, "offset": 0.06274048536735899, "deform": 0.14615420038264704}], "5": [{"angle": -150.97991311404368, "x_offset": -0.012247872352600098, "y_offset": -0.006794720818014706, "offset": 0.014006377410320925, "deform": -0.03387878320604443}], "6": [{"angle": -95.09762614402679, "x_offset": -0.0038530111312866213, "y_offset": -0.04319235409007353, "offset": 0.04336386913802907, "deform": 0.03068221180497055}], "7": [{"angle": -100.3385268081652, "x_offset": -0.0019344329833984376, "y_offset": -0.010603960822610295, "offset": 0.010778961735469413, "deform": -0.0009927918649181855}], "8": [{"angle": -120.11782537578914, "x_offset": -0.0037559747695922853, "y_offset": -0.006474752987132353, "offset": 0.007485303782358679, "deform": -0.0037895979589838147}]}}