{"cheng2020-anchor": {"1": [{"angle": -58.55178112353396, "x_offset": 0.016553711891174317, "y_offset": -0.02706808280502284, "offset": 0.03172863823292105, "deform": 0.05214345993767788}], "2": [{"angle": -34.05645437709354, "x_offset": 0.004372954368591309, "y_offset": -0.0029558681833218533, "offset": 0.005278246548519333, "deform": -0.00018403532437361037}], "3": [{"angle": 10.491485352229931, "x_offset": 0.006702291965484619, "y_offset": 0.0012411661878262762, "offset": 0.0068162461147176084, "deform": 0.009474784549016735}], "4": [{"angle": -99.84197259852651, "x_offset": -0.0017473459243774413, "y_offset": -0.010072057595662341, "offset": 0.010222502726327732, "deform": -0.007179149308635835}], "5": [{"angle": -145.3041584598312, "x_offset": -0.00852668285369873, "y_offset": -0.005903239593151827, "offset": 0.01037075494752987, "deform": -0.03487615548466905}], "6": [{"angle": 98.20792647466853, "x_offset": -0.00019768476486206054, "y_offset": 0.0013704941610172565, "offset": 0.0013846781256454373, "deform": -0.006132999927759397}]}, "webp": {"1": [{"angle": 80.49809727880117, "x_offset": 0.014954590797424316, "y_offset": 0.08934688346845092, "offset": 0.09058976416485119, "deform": 0.14265823023547164}], "2": [{"angle": 12.136251483590234, "x_offset": 0.014320683479309083, "y_offset": 0.0030795670440744633, "offset": 0.014648061595088465, "deform": 0.03212658476834418}], "3": [{"angle": 60.079632834941414, "x_offset": 0.01048290729522705, "y_offset": 0.018215347608668067, "offset": 0.021016427714170026, "deform": 0.003556602740590109}], "4": [{"angle": 95.75455754284964, "x_offset": -0.0016034841537475586, "y_offset": 0.01591151828279075, "offset": 0.015992109788733434, "deform": -0.03353842841916099}], "5": [{"angle": 100.22285858162319, "x_offset": -0.0033273935317993165, "y_offset": 0.01845063742794736, "offset": 0.01874826843239215, "deform": -0.035752949702186565}], "6": [{"angle": 107.34147260127153, "x_offset": -0.005592036247253418, "y_offset": 0.01790829545660528, "offset": 0.018761074477536336, "deform": -0.0369803477524655}], "7": [{"angle": 106.19983720245983, "x_offset": -0.0022609949111938475, "y_offset": 0.00778247806699536, "offset": 0.0081042620177107, "deform": -0.01885829901345626}], "8": [{"angle": 133.7757297261059, "x_offset": -0.002226603031158447, "y_offset": 0.002323849848417561, "offset": 0.0032183907743396083, "deform": -0.007180701570786541}]}}