{"cheng2020-anchor": {"1": [{"angle": 125.06997772291885, "x_offset": -0.01131598949432373, "y_offset": 0.016118971506754558, "offset": 0.01969448807842464, "deform": -0.017292329912553916}], "2": [{"angle": 138.1755282186892, "x_offset": -0.010059487819671632, "y_offset": 0.009001954396565755, "offset": 0.013499202870983584, "deform": -0.018999044873380777}], "3": [{"angle": -154.29951009347897, "x_offset": -0.010679209232330322, "y_offset": -0.005139668782552083, "offset": 0.011851654104901544, "deform": -0.00812285436116622}], "4": [{"angle": -123.22005549422633, "x_offset": -0.008389914035797119, "y_offset": -0.01281134287516276, "offset": 0.015314083837861444, "deform": 0.009322840502766883}], "5": [{"angle": -123.6259609378669, "x_offset": -0.004970264434814453, "y_offset": -0.007473500569661459, "offset": 0.008975340623993697, "deform": 0.014977108375326953}], "6": [{"angle": -116.02718426822986, "x_offset": -0.004606330394744873, "y_offset": -0.00943301518758138, "offset": 0.010497621408428266, "deform": 0.008807123514058435}]}, "webp": {"1": [{"angle": -75.36016584353442, "x_offset": 0.00023556947708129882, "y_offset": -0.00090179443359375, "offset": 0.0009320548154443648, "deform": -0.023692160362425052}], "2": [{"angle": -75.36016584353442, "x_offset": 0.00023556947708129882, "y_offset": -0.00090179443359375, "offset": 0.0009320548154443648, "deform": -0.023692160362425052}], "3": [{"angle": 3.0690408055580254, "x_offset": 0.008636808395385743, "y_offset": 0.0004630724589029948, "offset": 0.008649213568920594, "deform": 0.010087942716980436}], "4": [{"angle": 102.23876193343528, "x_offset": -0.0013655781745910644, "y_offset": 0.006295426686604818, "offset": 0.0064418321087510175, "deform": 0.003126824033082065}], "5": [{"angle": -118.15023558676796, "x_offset": -0.004195976257324219, "y_offset": -0.007841809590657552, "offset": 0.008893829007135078, "deform": 0.0007552965093389208}], "6": [{"angle": -96.52179139430051, "x_offset": -0.0014030814170837402, "y_offset": -0.012273184458414714, "offset": 0.012353124876452848, "deform": -0.0015436613961052892}], "7": [{"angle": -89.02061793025703, "x_offset": 0.00019980669021606444, "y_offset": -0.011687946319580079, "offset": 0.011689654053172, "deform": 0.015135309379493256}], "8": [{"angle": -34.20914864660116, "x_offset": 0.0109266996383667, "y_offset": -0.007428328196207683, "offset": 0.013212600984577452, "deform": 0.007112030657370649}]}}