{"cheng2020-anchor": {"1": [{"angle": 173.64200530602406, "x_offset": -0.020154993393841913, "y_offset": 0.002245783805847168, "offset": 0.020279726418480516, "deform": 0.021830944186951307}], "2": [{"angle": 169.62676025901064, "x_offset": -0.015405704273897059, "y_offset": 0.0028200387954711915, "offset": 0.01566168391274491, "deform": 0.014003747796376254}], "3": [{"angle": 170.88769227195635, "x_offset": -0.014156673655790441, "y_offset": 0.0022706508636474608, "offset": 0.014337617108192492, "deform": 0.0013476988702467718}], "4": [{"angle": 177.5379527582, "x_offset": -0.009034136603860293, "y_offset": 0.0003884434700012207, "offset": 0.009042483757607474, "deform": -0.004200458138070018}], "5": [{"angle": 133.7155435624839, "x_offset": -0.0018509449678308823, "y_offset": 0.0019358515739440918, "offset": 0.0026783425080225054, "deform": -0.004309382843300402}], "6": [{"angle": 153.07632088717529, "x_offset": -0.003330544864430147, "y_offset": 0.0016914129257202149, "offset": 0.003735425916716251, "deform": 0.0001000865834118736}]}, "webp": {"1": [{"angle": 163.3436254705211, "x_offset": -0.022196619370404413, "y_offset": 0.006640887260437012, "offset": 0.023168756873868893, "deform": 0.031111114364000936}], "2": [{"angle": -178.4828188001565, "x_offset": -0.02534964168772978, "y_offset": -0.0006714105606079101, "offset": 0.025358531618317005, "deform": 0.002447568515593801}], "3": [{"angle": 170.6354279770333, "x_offset": -0.018575152228860293, "y_offset": 0.0030632972717285155, "offset": 0.018826047660098835, "deform": 0.00891699529678558}], "4": [{"angle": -177.12941313158476, "x_offset": -0.014584745519301471, "y_offset": -0.0007313251495361328, "offset": 0.01460306948340411, "deform": -0.001099186563956689}], "5": [{"angle": 159.9234571075352, "x_offset": -0.0029862347771139708, "y_offset": 0.0010914206504821777, "offset": 0.003179433468456899, "deform": -0.002821543611016053}], "6": [{"angle": 156.25226189806662, "x_offset": -0.004036003561580882, "y_offset": 0.0017756938934326172, "offset": 0.004409355230900256, "deform": 0.0007602435236296889}], "7": [{"angle": 132.76170179940118, "x_offset": -0.0009261905445772058, "y_offset": 0.0010015368461608887, "offset": 0.0013641499107803806, "deform": 0.0007843518007345507}], "8": [{"angle": -16.505395307544603, "x_offset": 0.0005210248161764706, "y_offset": -0.00015438795089721679, "offset": 0.000543417425607577, "deform": -0.002982115723773049}]}}