{"cheng2020-anchor": {"1": [], "2": [], "3": [], "4": [], "5": [{"angle": -4.75219933673077, "x_offset": 0.015240395344028433, "y_offset": -0.0012669682502746582, "offset": 0.01529296762533314, "deform": -0.019129299001156452}], "6": [{"angle": -19.76124623557053, "x_offset": 0.008403754084365172, "y_offset": -0.003019118309020996, "offset": 0.008929622504582718, "deform": -0.01041157803325321}]}, "webp": {"1": [{"angle": -95.89493275395736, "x_offset": -0.005946129373034592, "y_offset": -0.05758931636810303, "offset": 0.0578954731759429, "deform": 0.008206834882950265}], "2": [{"angle": -95.89493275395736, "x_offset": -0.005946129373034592, "y_offset": -0.05758931636810303, "offset": 0.0578954731759429, "deform": 0.008206834882950265}], "3": [], "4": [{"angle": -154.06504047249626, "x_offset": -0.020877478257665096, "y_offset": -0.010153305530548096, "offset": 0.02321548430672807, "deform": -0.11952954010771433}], "5": [{"angle": -114.57491401539788, "x_offset": -0.0022563494476382337, "y_offset": -0.004934000968933106, "offset": 0.005425447298729404, "deform": -0.026535400161751044}], "6": [{"angle": -76.05170584021255, "x_offset": 0.0012598577535377358, "y_offset": -0.0050725102424621586, "offset": 0.005226624313936544, "deform": -0.01110162485534405}], "7": [{"angle": -32.856164599669604, "x_offset": 0.002753715595109408, "y_offset": -0.0017784714698791503, "offset": 0.003278095536729042, "deform": -0.0012849710677251824}], "8": [{"angle": -171.0587144975848, "x_offset": -0.005762704013528564, "y_offset": -0.0009066700935363769, "offset": 0.005833593078545287, "deform": -0.006080595127026633}]}}