{"cheng2020-anchor": {"1": [], "2": [], "3": [], "4": [], "5": [{"angle": 53.08684162527341, "x_offset": 0.0035950171584546984, "y_offset": 0.0047858238220214845, "offset": 0.005985671058871513, "deform": -0.0013940981825291965}], "6": [{"angle": 140.33392004656298, "x_offset": -0.001606389566104362, "y_offset": 0.0013320446014404297, "offset": 0.0020868230059867448, "deform": -0.0001246409934350448}, {"angle": 132.2085636909992, "x_offset": -0.0016026374048594848, "y_offset": 0.0017669320106506348, "offset": 0.0023854759235248297, "deform": -0.00572538241661294}]}, "webp": {"1": [], "2": [], "3": [], "4": [], "5": [{"angle": 90.76895253306341, "x_offset": -8.333371450526932e-05, "y_offset": 0.006208944320678711, "offset": 0.006209503529692343, "deform": 0.001972280133764239}], "6": [{"angle": -155.3281060711632, "x_offset": -0.001595704840273712, "y_offset": -0.0007329940795898438, "offset": 0.0017560051987356743, "deform": 0.0005941265393562389}], "7": [{"angle": 169.33289309526236, "x_offset": -0.001843383217304596, "y_offset": 0.000347214937210083, "offset": 0.0018757984695755687, "deform": 0.0007604002114945958}], "8": [{"angle": -138.76902450511238, "x_offset": -0.001068544052802986, "y_offset": -0.0009364604949951172, "offset": 0.0014208253416472872, "deform": 1.6561715308283098e-05}, {"angle": 97.46342041603805, "x_offset": -0.00022112736936475409, "y_offset": 0.0016879558563232422, "offset": 0.0017023784204395055, "deform": -0.001700418608263643}]}}