{"cheng2020-anchor": {"1": [{"angle": 161.43248497352752, "x_offset": -0.006210756301879883, "y_offset": 0.0020862310424485967, "offset": 0.0065517824905758915, "deform": -0.014675111454018952}], "2": [{"angle": 131.11128700193152, "x_offset": -0.004984569549560547, "y_offset": 0.005711647611374021, "offset": 0.007580821329573781, "deform": 0.023475782729441563}], "3": [{"angle": -167.90305004186476, "x_offset": -0.007101964950561523, "y_offset": -0.0015221339292999347, "offset": 0.007263249813804451, "deform": 0.02233978777804857}], "4": [{"angle": 167.93838265897557, "x_offset": -0.004944205284118652, "y_offset": 0.0010564819017216058, "offset": 0.005055820398330236, "deform": 0.006427440190306055}], "5": [{"angle": -152.96398199407153, "x_offset": -0.0044490575790405275, "y_offset": -0.0022704321161573925, "offset": 0.004994894927393057, "deform": 0.005397009390536112}], "6": [{"angle": -137.8229965676223, "x_offset": -0.002329516410827637, "y_offset": -0.0021105733926240207, "offset": 0.003143432320564218, "deform": 0.00570673259808302}]}, "webp": {"1": [{"angle": -96.8250092607197, "x_offset": -0.0012867450714111328, "y_offset": -0.010751051940121166, "offset": 0.010827780506548142, "deform": 0.024101256156651762}], "2": [{"angle": 65.32748261623915, "x_offset": 0.00503692626953125, "y_offset": 0.010964914028078084, "offset": 0.012066481089689635, "deform": 0.010606477808006387}], "3": [{"angle": -50.852122473589716, "x_offset": 0.005670523643493653, "y_offset": -0.00696567704721157, "offset": 0.008981953858569449, "deform": -0.009070883211249658}], "4": [{"angle": -108.22632777034549, "x_offset": -0.0002946019172668457, "y_offset": -0.000894651089262402, "offset": 0.0009419080959285273, "deform": 0.01573641956897054}], "5": [{"angle": -90.75156637026599, "x_offset": -9.827613830566406e-05, "y_offset": -0.007491667027884301, "offset": 0.007492311596299842, "deform": -0.007886719837122635}], "6": [{"angle": 156.6067282248561, "x_offset": -0.0010295748710632325, "y_offset": 0.00044539329588568865, "offset": 0.0011217841161046936, "deform": 0.007215381847329172}], "7": [{"angle": -109.87903292772523, "x_offset": -0.0009046554565429688, "y_offset": -0.002501943403996002, "offset": 0.0026604740727644892, "deform": 0.005572329485285077}], "8": [{"angle": -113.95121372352105, "x_offset": -0.0020370721817016602, "y_offset": -0.004585843795895887, "offset": 0.005017930489137884, "deform": 0.0049117822021940705}]}}