{"cheng2020-anchor": {"1": [{"angle": -60.56497083081663, "x_offset": 0.0010354280471801757, "y_offset": -0.0018349647521972655, "offset": 0.00210694254375712, "deform": 0.0003520060315319179}], "2": [{"angle": -140.0265248945951, "x_offset": -0.0010353803634643554, "y_offset": -0.0008679707845052083, "offset": 0.0013510683845765054, "deform": 0.0006416672125245243}], "3": [{"angle": 100.3296688741481, "x_offset": -0.0014672040939331054, "y_offset": 0.008049805959065756, "offset": 0.008182424080421682, "deform": -0.00036873549974492104}], "4": [{"angle": -80.40640290787717, "x_offset": 0.0006831169128417968, "y_offset": -0.0040415763854980465, "offset": 0.004098900876628509, "deform": 0.00033033154183308155}], "5": [{"angle": -103.17347573393357, "x_offset": -0.00027971267700195314, "y_offset": -0.0011950492858886718, "offset": 0.0012273475373253588, "deform": 0.00254848500288668}], "6": [{"angle": 91.82173650658336, "x_offset": -0.00025429725646972654, "y_offset": 0.007995255788167318, "offset": 0.007999298857579397, "deform": 0.0034876751854244215}]}, "webp": {"1": [{"angle": -58.36814822607309, "x_offset": 0.004597210884094238, "y_offset": -0.0074633598327636715, "offset": 0.008765619653290046, "deform": -0.0001441621000200649}], "2": [{"angle": -62.7842394136787, "x_offset": 0.002080488204956055, "y_offset": -0.004045454661051432, "offset": 0.004549080630807067, "deform": -0.0017365647348257934}], "3": [{"angle": 49.361478574865835, "x_offset": 0.0016952991485595704, "y_offset": 0.001975250244140625, "offset": 0.002603008399925825, "deform": -0.0027223355269719307}], "4": [{"angle": 12.340225694158134, "x_offset": 0.001300215721130371, "y_offset": 0.00028444925944010415, "offset": 0.0013309666797747398, "deform": -0.0016737836564425512}], "5": [{"angle": -96.80075313920003, "x_offset": -8.745193481445313e-05, "y_offset": -0.0007333119710286458, "offset": 0.0007385081500949795, "deform": 0.0004768581408158279}], "6": [{"angle": -92.82485944211412, "x_offset": -6.31570816040039e-05, "y_offset": -0.0012799580891927084, "offset": 0.0012815153245461343, "deform": 0.001669772697302202}], "7": [{"angle": -62.940774822579996, "x_offset": 0.0007205963134765625, "y_offset": -0.0014106432596842449, "offset": 0.0015840370744047009, "deform": 0.0001186220186779191}], "8": [{"angle": -124.44446920863476, "x_offset": -0.0009103298187255859, "y_offset": -0.0013272921244303385, "offset": 0.0016094734426003305, "deform": 0.0007926736582582194}]}}