{"cheng2020-anchor": {"1": [{"angle": -71.82135808579137, "x_offset": 0.004776405334472656, "y_offset": -0.014545791625976563, "offset": 0.015309934746611716, "deform": 0.01744897602990164}], "2": [{"angle": -36.027007591853135, "x_offset": 0.0047844289143880205, "y_offset": -0.0034795379638671874, "offset": 0.005915906057302224, "deform": 0.007108327165168252}], "3": [{"angle": -1.1089312652652108, "x_offset": 0.003880732218424479, "y_offset": -7.51190185546875e-05, "offset": 0.003881459186706257, "deform": 0.0021337294225368536}], "4": [{"angle": 71.29198492946574, "x_offset": 0.0007909062703450521, "y_offset": 0.0023355560302734373, "offset": 0.0024658375248620373, "deform": -0.0012677638017259962}], "5": [{"angle": 82.97403893046932, "x_offset": 0.00020349375406901042, "y_offset": 0.0016511383056640625, "offset": 0.0016636307920858792, "deform": -0.0019543730947677446}], "6": [{"angle": 59.22046504679499, "x_offset": 0.0007947413126627604, "y_offset": 0.0013342742919921875, "offset": 0.0015530298259609121, "deform": -0.0002288510028482238}]}, "webp": {"1": [{"angle": -165.04658534865905, "x_offset": -0.09314937591552734, "y_offset": -0.024878143310546875, "offset": 0.09641435706383325, "deform": 0.06178670810457089}], "2": [{"angle": -73.9331231220079, "x_offset": 0.006853134155273438, "y_offset": -0.02379486083984375, "offset": 0.024762084931154425, "deform": 0.024091442191820966}], "3": [{"angle": -81.18871173544039, "x_offset": 0.004171582539876302, "y_offset": -0.026911712646484374, "offset": 0.027233111802619028, "deform": 0.027423038902385677}], "4": [{"angle": -62.93621438126183, "x_offset": 0.0023106231689453125, "y_offset": -0.00452239990234375, "offset": 0.00507849193221626, "deform": 0.002996305872965954}], "5": [{"angle": -93.11309915065004, "x_offset": -0.0003243764241536458, "y_offset": -0.005964187622070313, "offset": 0.00597300209742165, "deform": 0.003779850058660744}], "6": [{"angle": -60.00481971018948, "x_offset": 0.001238054911295573, "y_offset": -0.0021447906494140626, "offset": 0.0024764706526016183, "deform": 0.0013243473588317317}], "7": [{"angle": -161.09645974999142, "x_offset": -0.0007107493082682292, "y_offset": -0.0002433929443359375, "offset": 0.000751268729920448, "deform": -0.00019303585615951246}], "8": [{"angle": -75.91925706782636, "x_offset": 0.0003365758260091146, "y_offset": -0.0013418731689453125, "offset": 0.0013834402365801904, "deform": 0.001570007012684102}]}}