{"cheng2020-anchor": {"1": [], "2": [], "3": [], "4": [{"angle": 17.238500492021537, "x_offset": 0.02498631477355957, "y_offset": 0.00775295893351237, "offset": 0.02616150412702088, "deform": -0.05588145530290611}], "5": [{"angle": 12.000616407856663, "x_offset": 0.017448318004608155, "y_offset": 0.003708950678507487, "offset": 0.01783816460080841, "deform": -0.019284916748706582}], "6": [{"angle": 35.57777303423047, "x_offset": 0.007803380489349365, "y_offset": 0.005582094192504883, "offset": 0.009594400587611249, "deform": -0.0030229548224346425}]}, "webp": {"1": [], "2": [], "3": [{"angle": 105.14414648221697, "x_offset": -0.006679999828338623, "y_offset": 0.024681552251180013, "offset": 0.02556954084911055, "deform": 0.11719838738922894}], "4": [{"angle": 54.65011178047341, "x_offset": 0.0071808815002441405, "y_offset": 0.010123221079508464, "offset": 0.012411473085220507, "deform": 0.014240843978532203}], "5": [{"angle": 52.07306109551082, "x_offset": 0.005053520202636719, "y_offset": 0.0064852396647135414, "offset": 0.008221702983398955, "deform": 0.011085141017595723}], "6": [{"angle": 38.01417449831448, "x_offset": 0.00617527961730957, "y_offset": 0.004827117919921875, "offset": 0.007838057524973258, "deform": 0.017245599544730816}], "7": [{"angle": 53.1112762767451, "x_offset": 0.003954851627349853, "y_offset": 0.005269527435302734, "offset": 0.006588533280310572, "deform": 0.016319793097944957}], "8": [{"angle": -49.486061865478916, "x_offset": 0.002054417133331299, "y_offset": -0.0024042288462320966, "offset": 0.0031624272486145367, "deform": 0.011650949636782482}]}}