{"cheng2020-anchor": {"1": [{"angle": 99.22972192261757, "x_offset": -0.0006650797526041667, "y_offset": 0.004092872619628906, "offset": 0.004146557289828757, "deform": 0.026247682804127814}], "2": [{"angle": 122.28482889752269, "x_offset": -0.003624481201171875, "y_offset": 0.005736724853515625, "offset": 0.006785784849418096, "deform": -0.006697370244358625}], "3": [{"angle": 164.68300430895619, "x_offset": -0.005883890787760417, "y_offset": 0.0016115264892578125, "offset": 0.006100589186945103, "deform": 0.0213113166294967}], "4": [{"angle": 159.29675284580486, "x_offset": -0.004638844807942708, "y_offset": 0.001753173828125, "offset": 0.004959082538514507, "deform": 0.003530236058576941}], "5": [{"angle": -91.82010617464736, "x_offset": -0.0016310017903645834, "y_offset": -0.05132562255859375, "offset": 0.051351530628282155, "deform": 0.060100051446533964}], "6": [{"angle": -140.03573779411076, "x_offset": -0.004550913492838542, "y_offset": -0.0038138351440429688, "offset": 0.005937689123323748, "deform": 0.014591694558658552}]}, "webp": {"1": [], "2": [], "3": [{"angle": 102.5937593616354, "x_offset": -0.0025548909505208332, "y_offset": 0.011435775756835938, "offset": 0.011717697509736707, "deform": -0.006732339440881641}], "4": [{"angle": 136.3516478092635, "x_offset": -0.005907704671223958, "y_offset": 0.005635345458984375, "offset": 0.008164440760058045, "deform": -0.01539093602541991}], "5": [{"angle": 105.882194992591, "x_offset": -0.002086018880208333, "y_offset": 0.007331672668457031, "offset": 0.007622656944004857, "deform": -0.0054857730511584935}], "6": [{"angle": 141.65513462926748, "x_offset": -0.0047130635579427085, "y_offset": 0.0037281494140625, "offset": 0.006009331589684676, "deform": -0.009011424689055414}], "7": [{"angle": 104.8045514052952, "x_offset": -0.0016388041178385417, "y_offset": 0.006200630187988282, "offset": 0.00641353987005898, "deform": -0.005304943864625322}], "8": [{"angle": 118.2928594050533, "x_offset": -0.0020146586100260417, "y_offset": 0.0037427444458007814, "offset": 0.004250527649777691, "deform": 0.0037455506920674453}]}}