{"cheng2020-anchor": {"1": [{"angle": 41.853335485049946, "x_offset": 0.0011201739311218263, "y_offset": 0.0010034289909001128, "offset": 0.001503881436730883, "deform": 0.00027150366939570486}], "2": [{"angle": 78.90818784212124, "x_offset": 6.458163261413574e-05, "y_offset": 0.000329424511498307, "offset": 0.00033569524281259246, "deform": 0.0002355985762932042}], "3": [{"angle": -1.5555708567293305, "x_offset": 0.001171964406967163, "y_offset": -3.1826458450902935e-05, "offset": 0.0011723964750268662, "deform": -0.0005720502507888386}], "4": [{"angle": -21.855768118632824, "x_offset": 0.0009319067001342773, "y_offset": -0.0003737886657025959, "offset": 0.0010040757264085638, "deform": -0.0003251358589548489}], "5": [{"angle": 6.465649340542996, "x_offset": 0.0012862443923950194, "y_offset": 0.00014576793524266366, "offset": 0.0012944778591820495, "deform": -0.0003963910461435294}], "6": [{"angle": -6.636490667751477, "x_offset": 0.0010994970798492432, "y_offset": -0.0001279258297474605, "offset": 0.0011069141098177353, "deform": -0.0007789665633297985}]}, "webp": {"1": [{"angle": 106.15819602103655, "x_offset": -0.0005524575710296631, "y_offset": 0.001906763081087754, "offset": 0.0019851838240292157, "deform": 0.0023949483839839913}], "2": [{"angle": 106.15819602103655, "x_offset": -0.0005524575710296631, "y_offset": 0.001906763081087754, "offset": 0.0019851838240292157, "deform": 0.0023949483839839913}], "3": [{"angle": 88.02770645976084, "x_offset": 4.657506942749023e-05, "y_offset": 0.001352486707286964, "offset": 0.0013532884136355078, "deform": -5.348188554334804e-05}], "4": [{"angle": 14.501422469343597, "x_offset": 0.0013317227363586425, "y_offset": 0.00034444219102708806, "offset": 0.0013755456624533014, "deform": -0.0012951119949232842}], "5": [{"angle": 27.825645379897498, "x_offset": 0.0013432800769805908, "y_offset": 0.000708999806010158, "offset": 0.0015189081901600978, "deform": -0.0005129661200372962}], "6": [{"angle": -57.04060446188354, "x_offset": 0.000654822587966919, "y_offset": -0.001009904504091422, "offset": 0.001203619428679944, "deform": -0.00047585215257524294}], "7": [{"angle": 68.48456422394878, "x_offset": 0.00031651854515075685, "y_offset": 0.0008028947472841422, "offset": 0.0008630318445114399, "deform": -0.0009367387446397243}], "8": [{"angle": 116.22899960054379, "x_offset": -7.494091987609863e-05, "y_offset": 0.00015210567155756206, "offset": 0.00016956496333810466, "deform": -0.0004272105140134194}]}}