{"cheng2020-anchor": {"1": [{"angle": -61.11717602971628, "x_offset": 0.0005937576293945313, "y_offset": -0.001076352596282959, "offset": 0.001229261174034745, "deform": 0.00026347278509697425}], "2": [{"angle": -155.15998239762553, "x_offset": -0.0009955724080403646, "y_offset": -0.0004608631134033203, "offset": 0.0010970684704917429, "deform": -0.0003865263259892199}], "3": [{"angle": -116.96525035925991, "x_offset": -0.00022958119710286457, "y_offset": -0.00045125484466552735, "offset": 0.0005062987861898284, "deform": -0.00020210226188890207}], "4": [{"angle": -53.159268781316925, "x_offset": 0.0004736582438151042, "y_offset": -0.0006322145462036132, "offset": 0.0007899666856048104, "deform": 9.031166990703526e-05}], "5": [{"angle": -150.84959155860767, "x_offset": -0.00028584798177083335, "y_offset": -0.00015943050384521485, "offset": 0.0003273028478928922, "deform": -0.0002894319114602889}], "6": [{"angle": 173.86034527847315, "x_offset": -0.0005831400553385417, "y_offset": 6.27279281616211e-05, "offset": 0.0005865041492706483, "deform": -0.00022822768773645558}]}, "webp": {"1": [{"angle": -123.4223884580354, "x_offset": -0.0009098052978515625, "y_offset": -0.00137861967086792, "offset": 0.0016517681062736206, "deform": 0.002201909412582012}], "2": [{"angle": -123.4223884580354, "x_offset": -0.0009098052978515625, "y_offset": -0.00137861967086792, "offset": 0.0016517681062736206, "deform": 0.002201909412582012}], "3": [{"angle": -120.29916292318825, "x_offset": -0.0005352656046549479, "y_offset": -0.0009160280227661133, "offset": 0.0010609508028270782, "deform": 0.0006825242521699693}], "4": [{"angle": -13.656138969211266, "x_offset": 0.001476605733235677, "y_offset": -0.00035876035690307617, "offset": 0.0015195635837666334, "deform": 0.0004997856417927882}], "5": [{"angle": -131.3147903035846, "x_offset": -0.0005018870035807292, "y_offset": -0.000570988655090332, "offset": 0.0007602095820266337, "deform": 0.0007004104522214463}], "6": [{"angle": -126.7962950859132, "x_offset": -0.0002979278564453125, "y_offset": -0.0003983020782470703, "offset": 0.0004973987868722984, "deform": 1.3137761209966459e-05}], "7": [{"angle": -145.04288196069106, "x_offset": -0.00023651123046875, "y_offset": -0.0001653432846069336, "offset": 0.0002885757507179902, "deform": 7.895660904370244e-05}], "8": [{"angle": -125.57673713953628, "x_offset": -0.00014349619547526042, "y_offset": -0.00020060539245605468, "offset": 0.000246644849121813, "deform": 0.0003925673644941119}]}}