{"cheng2020-anchor": {"1": [], "2": [], "3": [], "4": [], "5": [{"angle": 153.98991666255787, "x_offset": -0.0030896663665771484, "y_offset": 0.0015076041221618653, "offset": 0.0034378639365043938, "deform": -0.0005040394593477937}], "6": [{"angle": -137.62373120991086, "x_offset": -0.002807140350341797, "y_offset": -0.002561140060424805, "offset": 0.003799930967218989, "deform": -0.006128205526427566}]}, "webp": {"1": [], "2": [], "3": [], "4": [], "5": [{"angle": -51.58545027445842, "x_offset": 0.003263076146443685, "y_offset": -0.004114830493927002, "offset": 0.0052516184106655445, "deform": -6.879207770682516e-05}], "6": [{"angle": -117.59938052324387, "x_offset": -0.0020035584767659504, "y_offset": -0.003832554817199707, "offset": 0.00432466449527144, "deform": 0.0009728799567688129}], "7": [{"angle": -159.96861787895227, "x_offset": -0.004827642440795898, "y_offset": -0.00176011323928833, "offset": 0.005138494930550368, "deform": 0.008065474737701028}], "8": [{"angle": -146.1989367801969, "x_offset": -0.0035460154215494794, "y_offset": -0.0023739457130432127, "offset": 0.004267299335451285, "deform": 0.007327464233202741}, {"angle": -138.0257544848542, "x_offset": -0.00261384646097819, "y_offset": -0.0023513913154602053, "offset": 0.0035158547239597204, "deform": -0.0013272803382293752}]}}