{"cheng2020-anchor": {"1": [{"angle": 0.305533182128193, "x_offset": 0.010218365987141927, "y_offset": 5.449056625366211e-05, "offset": 0.010218511274593264, "deform": -0.010027140243695006}], "2": [{"angle": -18.476184499999103, "x_offset": 0.013189888000488282, "y_offset": -0.004407179355621338, "offset": 0.013906702532881031, "deform": -0.0019261844457772355}], "3": [{"angle": -4.254120217225974, "x_offset": 0.0077940622965494795, "y_offset": -0.0005797624588012695, "offset": 0.007815595408612798, "deform": -0.0007449891536028437}], "4": [{"angle": 62.98272659774276, "x_offset": 0.0008539199829101562, "y_offset": 0.0016746640205383301, "offset": 0.0018798082133289252, "deform": 0.0008693156723165764}], "5": [{"angle": -67.65414393493592, "x_offset": 0.0006090164184570313, "y_offset": -0.0014815568923950196, "offset": 0.001601846379448859, "deform": 0.00203563210545327}], "6": [{"angle": -109.73985488653693, "x_offset": -0.0012487411499023438, "y_offset": -0.003479969501495361, "offset": 0.00369723439760009, "deform": -0.0007842630796221738}]}, "webp": {"1": [], "2": [{"angle": 57.93530135465629, "x_offset": 0.008198928833007813, "y_offset": 0.01308811902999878, "offset": 0.015444134606773637, "deform": -0.008991897948020175}], "3": [{"angle": 12.33037057581455, "x_offset": 0.011528841654459636, "y_offset": 0.0025200963020324705, "offset": 0.01180106246340224, "deform": 0.0031582349142081356}], "4": [{"angle": 20.09762727720122, "x_offset": 0.009663645426432292, "y_offset": 0.003535938262939453, "offset": 0.010290233346582819, "deform": 0.004322765230584391}], "5": [{"angle": -4.201434158985416, "x_offset": 0.001993242899576823, "y_offset": -0.0001464247703552246, "offset": 0.001998613887194573, "deform": 0.002419065519789005}], "6": [{"angle": -76.04154799244421, "x_offset": 0.0008218765258789062, "y_offset": -0.00330657958984375, "offset": 0.003407190867527389, "deform": -0.001808549851096665}], "7": [{"angle": 67.08801891589928, "x_offset": 0.0008642196655273438, "y_offset": 0.0020447015762329102, "offset": 0.0022198378693349527, "deform": 0.0006644772698503713}], "8": [{"angle": 98.616871082744, "x_offset": -0.00028832753499348957, "y_offset": 0.0019026875495910644, "offset": 0.0019244096961936851, "deform": -7.43400028750292e-05}]}}