{"cheng2020-anchor": {"1": [], "2": [], "3": [], "4": [{"angle": -159.03587890463714, "x_offset": -0.01035615603129069, "y_offset": -0.0039679169654846195, "offset": 0.011090281005881645, "deform": -0.006980197087012363}], "5": [{"angle": -24.92443998796519, "x_offset": 0.013999096552530925, "y_offset": -0.006505423784255981, "offset": 0.015436814532145115, "deform": -0.012068976945388332}], "6": [{"angle": -14.366172991534064, "x_offset": 0.015574153264363606, "y_offset": -0.003988963365554809, "offset": 0.016076880251890475, "deform": -0.0063440677245208965}]}, "webp": {"1": [], "2": [], "3": [], "4": [{"angle": 171.18455799086823, "x_offset": -0.015583229064941407, "y_offset": 0.0024167120456695555, "offset": 0.01576951252265329, "deform": 0.01632857953709657}], "5": [{"angle": -39.15253440090194, "x_offset": 0.018935251235961913, "y_offset": -0.015417110919952393, "offset": 0.024417842830338484, "deform": -0.010641698869553684}], "6": [{"angle": 173.26386859901842, "x_offset": -0.005075200398763021, "y_offset": 0.0005994439125061035, "offset": 0.005110478655844769, "deform": -0.00020392491404364055}], "7": [{"angle": -80.4115080290456, "x_offset": 0.0014094988505045573, "y_offset": -0.008343648910522462, "offset": 0.008461865287963187, "deform": -0.01515361042447999}], "8": [{"angle": -116.30382864059739, "x_offset": -0.001890277862548828, "y_offset": -0.0038240432739257814, "offset": 0.00426573057734536, "deform": -0.009327068881069267}]}}