{"cheng2020-anchor": {"1": [], "2": [], "3": [], "4": [], "5": [], "6": []}, "webp": {"1": [], "2": [], "3": [], "4": [], "5": [], "6": [], "7": [], "8": [{"angle": -10.598684496069756, "x_offset": 0.005032598972320557, "y_offset": -0.0009417057037353516, "offset": 0.005119947465418919, "deform": -0.0025597287391860846}]}}