{"cheng2020-anchor": {"1": [{"angle": 101.8044675887817, "x_offset": -0.0004957122802734375, "y_offset": 0.002371916899809966, "offset": 0.0024231633136084763, "deform": 0.0023676663903077766}], "2": [{"angle": 99.7373785360068, "x_offset": -0.0003562507629394531, "y_offset": 0.0020759972008140954, "offset": 0.0021063425609057283, "deform": 0.0013863453022470162}], "3": [{"angle": 117.06328683868475, "x_offset": -0.000587554931640625, "y_offset": 0.001149999486791479, "offset": 0.0012914021903790796, "deform": 0.000943407877152587}], "4": [{"angle": 92.77158874840639, "x_offset": -8.285140991210938e-05, "y_offset": 0.0017114129510369745, "offset": 0.0017134172419762531, "deform": 0.0009805316853245538}], "5": [{"angle": 95.73455047417808, "x_offset": -0.00023102188110351562, "y_offset": 0.0023005030176661036, "offset": 0.002312073797230412, "deform": 0.0006571396398669105}], "6": [{"angle": 99.37038407117278, "x_offset": -0.0001057586669921875, "y_offset": 0.0006408920517196884, "offset": 0.0006495594796486586, "deform": 0.0006288030481150578}]}, "webp": {"1": [{"angle": 73.17070006459733, "x_offset": 0.00015271759033203125, "y_offset": 0.0005048917936491178, "offset": 0.0005274830667339431, "deform": 0.003330708130391463}], "2": [{"angle": 89.30564135552116, "x_offset": 3.4526824951171876e-05, "y_offset": 0.002848880069033878, "offset": 0.00284908928420639, "deform": 0.002365462460063618}], "3": [{"angle": 82.00905861380778, "x_offset": 0.0003602104187011719, "y_offset": 0.00256597387182104, "offset": 0.002591133623842879, "deform": 0.0023065594977792966}], "4": [{"angle": 86.68601722578876, "x_offset": 0.00023149871826171875, "y_offset": 0.00399794020094313, "offset": 0.004004637000637388, "deform": 0.002261174688520551}], "5": [{"angle": 97.59007975895736, "x_offset": -0.00035399627685546876, "y_offset": 0.0026565872513138137, "offset": 0.0026800688774489766, "deform": 0.0008094014202296371}], "6": [{"angle": 96.77821163793459, "x_offset": -0.00032540512084960936, "y_offset": 0.0027377841708896397, "offset": 0.002757054707300713, "deform": 0.00040316806765106766}], "7": [{"angle": 137.5630583479788, "x_offset": -0.0004511260986328125, "y_offset": 0.0004124684376759572, "offset": 0.0006112650562125297, "deform": 0.00033593870009165916}], "8": [{"angle": 85.86969955127047, "x_offset": 8.304595947265625e-05, "y_offset": 0.0011500223978861675, "offset": 0.001153016976034865, "deform": 0.0002884903458078361}]}}